#                                                                            --- full sequence --- -------------- this domain -------------   hmm coord   ali coord   env coord
# target name        accession   tlen query name           accession   qlen   E-value  score  bias   #  of  c-Evalue  i-Evalue  score  bias  from    to  from    to  from    to  acc description of target
#------------------- ---------- ----- -------------------- ---------- ----- --------- ------ ----- --- --- --------- --------- ------ ----- ----- ----- ----- ----- ----- ----- ---- ---------------------
V9VRQ9/31-130        -            100 seed_msa             -            157   1.4e-05   25.0   0.0   1   1   1.1e-06   1.5e-05   24.9   0.0    40   122     2    87     1   100 0.84 tr|V9VRQ9|V9VRQ9_9RHOB Dihydropteridine reductase OS=Leisingera methylohalidivorans DSM 14336 OX=999552 GN=METH_01435 PE=3 SV=1
A0A1P8EK14/27-130    -            104 seed_msa             -            157   5.4e-05   23.1   0.6   1   1   4.4e-06   6.5e-05   22.9   0.6    42   118     5    83     1   101 0.85 tr|A0A1P8EK14|A0A1P8EK14_9GAMM Flavohemoprotein OS=Acinetobacter soli OX=487316 GN=BEN76_11195 PE=3 SV=1
N9BXH1/27-130        -            104 seed_msa             -            157   5.4e-05   23.1   0.6   1   1   4.4e-06   6.5e-05   22.9   0.6    42   118     5    83     1   101 0.85 tr|N9BXH1|N9BXH1_9GAMM GLOBIN domain-containing protein OS=Acinetobacter soli NIPH 2899 OX=1217677 GN=F950_01253 PE=3 SV=1
A0A0M1I7Z0/27-130    -            104 seed_msa             -            157   0.00013   21.9   0.7   1   1   1.1e-05   0.00016   21.6   0.7    42   118     5    83     1   101 0.85 tr|A0A0M1I7Z0|A0A0M1I7Z0_9GAMM Flavohemoprotein OS=Acinetobacter sp. C15 OX=1661746 GN=ABW55_00210 PE=3 SV=1
G7GUF8/26-125        -            100 seed_msa             -            157   0.00014   21.8   0.0   1   1   9.8e-06   0.00014   21.8   0.0    68   132    33    96     1   100 0.71 tr|G7GUF8|G7GUF8_9ACTN Putative oxidoreductase OS=Gordonia amarae NBRC 15530 OX=1075090 GN=GOAMR_63_00800 PE=3 SV=1
A0A0D7XTH6/27-132    -            106 seed_msa             -            157   0.00023   21.1   0.1   1   1   1.8e-05   0.00026   20.9   0.1    43   138     7    98     1   104 0.72 tr|A0A0D7XTH6|A0A0D7XTH6_BACAM Dihydropteridine reductase OS=Bacillus amyloliquefaciens OX=1390 GN=UZ38_05135 PE=3 SV=1
A0A0A0TTT5/27-132    -            106 seed_msa             -            157   0.00028   20.8   0.1   1   1   2.4e-05   0.00035   20.5   0.1    43   138     7    98     1   103 0.73 tr|A0A0A0TTT5|A0A0A0TTT5_BACIU Dihydropteridine reductase OS=Bacillus subtilis OX=1423 GN=KS08_15000 PE=3 SV=1
A0A1Y0XE49/27-132    -            106 seed_msa             -            157   0.00028   20.8   0.1   1   1   2.4e-05   0.00035   20.5   0.1    43   138     7    98     1   103 0.73 tr|A0A1Y0XE49|A0A1Y0XE49_BACAM Nitric oxide dioxygenase OS=Bacillus amyloliquefaciens OX=1390 GN=S101267_03142 PE=3 SV=1
A0A0U0CSR2/29-134    -            106 seed_msa             -            157    0.0003   20.7   0.1   1   1   2.4e-05   0.00035   20.5   0.1    43   138     7    98     1   104 0.74 tr|A0A0U0CSR2|A0A0U0CSR2_STREE Nitric oxide dioxygenase OS=Streptococcus pneumoniae OX=1313 GN=hmp_3 PE=3 SV=1
A0A1N7ETX6/27-132    -            106 seed_msa             -            157    0.0003   20.7   0.1   1   1   2.4e-05   0.00035   20.5   0.1    43   138     7    98     1   104 0.74 tr|A0A1N7ETX6|A0A1N7ETX6_9BACI Nitric oxide dioxygenase OS=Bacillus sp. RUPDJ OX=1907305 GN=SAMN05880571_1038 PE=3 SV=1
A0A1U3U0I9/27-132    -            106 seed_msa             -            157    0.0003   20.7   0.1   1   1   2.4e-05   0.00035   20.5   0.1    43   138     7    98     1   104 0.74 tr|A0A1U3U0I9|A0A1U3U0I9_9MYCO Nitric oxide dioxygenase OS=Mycobacteroides abscessus subsp. massiliense OX=1962118 GN=hmp_2 PE=3 SV=1
A0A1W6HP84/27-132    -            106 seed_msa             -            157    0.0003   20.7   0.1   1   1   2.4e-05   0.00035   20.5   0.1    43   138     7    98     1   104 0.74 tr|A0A1W6HP84|A0A1W6HP84_BACVA Nitric oxide dioxygenase OS=Bacillus vallismortis OX=72361 GN=B9C48_14395 PE=3 SV=1
A0A2D3DRR8/27-132    -            106 seed_msa             -            157    0.0003   20.7   0.1   1   1   2.4e-05   0.00035   20.5   0.1    43   138     7    98     1   104 0.74 tr|A0A2D3DRR8|A0A2D3DRR8_9BACI Nitric oxide dioxygenase OS=Bacillus velezensis OX=492670 GN=BMJ37_14505 PE=3 SV=1
A0A2I5K0N7/27-132    -            106 seed_msa             -            157    0.0003   20.7   0.1   1   1   2.4e-05   0.00035   20.5   0.1    43   138     7    98     1   104 0.74 tr|A0A2I5K0N7|A0A2I5K0N7_9BACI NO-inducible flavohemoprotein OS=Bacillus velezensis OX=492670 GN=CU084_16135 PE=3 SV=1
A7Z827/27-132        -            106 seed_msa             -            157    0.0003   20.7   0.1   1   1   2.4e-05   0.00035   20.5   0.1    43   138     7    98     1   104 0.74 tr|A7Z827|A7Z827_BACVZ NO-inducible flavohemoprotein OS=Bacillus velezensis (strain DSM 23117 / BGSC 10A6 / FZB42) OX=326423 GN=hmpA PE=3 SV=1
I2C9E5/27-132        -            106 seed_msa             -            157    0.0003   20.7   0.1   1   1   2.4e-05   0.00035   20.5   0.1    43   138     7    98     1   104 0.74 tr|I2C9E5|I2C9E5_BACAM Nitric oxide dioxygenase OS=Bacillus amyloliquefaciens Y2 OX=1126211 GN=hmp1 PE=3 SV=1
I2HUL2/27-132        -            106 seed_msa             -            157    0.0003   20.7   0.1   1   1   2.4e-05   0.00035   20.5   0.1    43   138     7    98     1   104 0.74 tr|I2HUL2|I2HUL2_9BACI Nitric oxide dioxygenase OS=Bacillus sp. 5B6 OX=1127743 GN=MY7_2783 PE=3 SV=1
S6FP20/27-132        -            106 seed_msa             -            157    0.0003   20.7   0.1   1   1   2.4e-05   0.00035   20.5   0.1    43   138     7    98     1   104 0.74 tr|S6FP20|S6FP20_9BACI Nitric oxide dioxygenase OS=Bacillus velezensis UCMB5033 OX=1338518 GN=hmp PE=3 SV=1
Q0RFT4/56-164        -            109 seed_msa             -            157   0.00038   20.4   0.0   1   1     3e-05   0.00044   20.2   0.0    44   118     8    87     1   106 0.84 tr|Q0RFT4|Q0RFT4_FRAAA Flavohemoprotein (Hemoglobin-like protein) (Flavohemoglobin) (Nitric oxide dioxygenase) (NO oxygenase) (NOD) OS=Frankia alni (strain ACN14a) OX=326424 GN=hmpA PE=3 SV=1
A7SFV0/43-159        -            117 seed_msa             -            157   0.00049   20.0   0.1   1   1   4.3e-05   0.00063   19.7   0.1    62   140    38   110    13   115 0.82 tr|A7SFV0|A7SFV0_NEMVE Predicted protein OS=Nematostella vectensis OX=45351 GN=v1g211636 PE=3 SV=1
A0A268DTW0/28-132    -            105 seed_msa             -            157   0.00053   19.9   0.1   1   1   4.2e-05   0.00062   19.7   0.1    43   136     6    95     1   103 0.73 tr|A0A268DTW0|A0A268DTW0_9BACI Nitric oxide dioxygenase OS=Bacillus siamensis OX=659243 GN=CHH79_10025 PE=3 SV=1
M3V615/26-131        -            106 seed_msa             -            157    0.0006   19.7   0.3   1   1   4.5e-05   0.00066   19.6   0.3    46   136    10   100     1   104 0.77 tr|M3V615|M3V615_9ACTN Putative oxidoreductase OS=Gordonia paraffinivorans NBRC 108238 OX=1223543 GN=GP2_033_00150 PE=3 SV=1
A0A0N0S3I7/57-132    -             76 seed_msa             -            157   0.00065   19.6   0.1   1   1   4.8e-05   0.00071   19.5   0.1    81   141    17    75     3    76 0.90 tr|A0A0N0S3I7|A0A0N0S3I7_9BACI GLOBIN domain-containing protein OS=Lysinibacillus contaminans OX=1293441 GN=AEA09_04415 PE=4 SV=1
A0A0X8KIC7/27-132    -            106 seed_msa             -            157   0.00066   19.6   0.1   1   1   5.1e-05   0.00076   19.4   0.1    43   125     7    91     1   104 0.73 tr|A0A0X8KIC7|A0A0X8KIC7_9BACI Nitric oxide dioxygenase OS=Bacillus sp. SDLI1 OX=1774743 GN=AUL54_15640 PE=3 SV=1
A0A179FFD8/29-133    -            105 seed_msa             -            157   0.00083   19.3   0.0   1   1   7.6e-05    0.0011   18.9   0.0    39   141     1   100     1   103 0.82 tr|A0A179FFD8|A0A179FFD8_PURLI Flavohemoglobin OS=Purpureocillium lilacinum OX=33203 GN=PCL_04553 PE=3 SV=1
N8ZD56/28-131        -            104 seed_msa             -            157   0.00084   19.3   0.0   1   1   6.3e-05   0.00093   19.1   0.0    39   118     1    83     1   102 0.84 tr|N8ZD56|N8ZD56_9GAMM Uncharacterized protein OS=Acinetobacter gerneri DSM 14967 = CIP 107464 OX=1120926 GN=F960_03964 PE=3 SV=1
A0A034T359/27-128    -            102 seed_msa             -            157   0.00096   19.1   0.1   1   1   7.7e-05    0.0011   18.8   0.1    39   138     2    96     1    99 0.79 tr|A0A034T359|A0A034T359_9GAMM Flavohemoprotein OS=Edwardsiella piscicida OX=1263550 GN=MA13_contig00005-0011 PE=3 SV=1
A0A140NIM3/27-129    -            103 seed_msa             -            157    0.0011   18.9   0.0   1   1   8.3e-05    0.0012   18.7   0.0    39   106     2    72     1    98 0.78 tr|A0A140NIM3|A0A140NIM3_PROSM Flavohemoprotein OS=Providencia stuartii (strain MRSN 2154) OX=1157951 GN=hmp PE=3 SV=1
B2Q0Z2/27-129        -            103 seed_msa             -            157    0.0011   18.9   0.0   1   1   8.3e-05    0.0012   18.7   0.0    39   106     2    72     1    98 0.78 tr|B2Q0Z2|B2Q0Z2_PROST Flavohemoprotein OS=Providencia stuartii ATCC 25827 OX=471874 GN=hmp PE=3 SV=1
A0A076LLA4/27-128    -            102 seed_msa             -            157    0.0012   18.8   0.0   1   1   9.6e-05    0.0014   18.5   0.0    39   138     2    96     1    99 0.78 tr|A0A076LLA4|A0A076LLA4_9GAMM Flavohemoprotein (Hemoglobin-like protein) (Flavohemoglobin) (Nitric oxide dioxygenase) OS=Edwardsiella anguillarum ET080813 OX=667120 GN=hmp PE=3 SV=1
A0A1Y5EYD4/27-132    -            106 seed_msa             -            157    0.0013   18.6   0.0   1   1   9.7e-05    0.0014   18.5   0.0    39   118     2    84     1   100 0.88 tr|A0A1Y5EYD4|A0A1Y5EYD4_9GAMM Nitric oxide dioxygenase OS=Methylophaga sp. 42_8_T64 OX=1856286 GN=A9Q92_07845 PE=3 SV=1
A0A1Z7WVS1/27-132    -            106 seed_msa             -            157    0.0013   18.6   0.0   1   1   9.7e-05    0.0014   18.5   0.0    39   118     2    84     1   100 0.88 tr|A0A1Z7WVS1|A0A1Z7WVS1_9GAMM Nitric oxide dioxygenase OS=Methylophaga sp. 42_25_T18 OX=1856285 GN=A9Q79_00060 PE=3 SV=1
A0A1B7JJL5/27-129    -            103 seed_msa             -            157    0.0014   18.5   0.0   1   1   0.00011    0.0016   18.4   0.0    39   104     2    70     1    98 0.80 tr|A0A1B7JJL5|A0A1B7JJL5_9GAMM Flavohemoprotein OS=Providencia heimbachae ATCC 35613 OX=1354272 GN=hmp PE=3 SV=1
A0A1B8SS83/27-129    -            103 seed_msa             -            157    0.0015   18.5   0.0   1   1   0.00011    0.0016   18.3   0.0    39   110     2    76     1    96 0.81 tr|A0A1B8SS83|A0A1B8SS83_PRORE Flavohemoprotein OS=Providencia rettgeri OX=587 GN=hmp_2 PE=3 SV=1
A0A1N6MVC3/27-130    -            104 seed_msa             -            157    0.0015   18.4   0.0   1   1   0.00013    0.0019   18.1   0.0    39   139     2    97     1   103 0.70 tr|A0A1N6MVC3|A0A1N6MVC3_9GAMM Flavohemoprotein OS=Xenorhabdus innexi OX=290109 GN=hmp PE=3 SV=1
A0A150F588/27-132    -            106 seed_msa             -            157    0.0016   18.4   0.1   1   1   0.00013    0.0019   18.1   0.1    43   138     7    98     1   103 0.73 tr|A0A150F588|A0A150F588_9BACI Nitric oxide dioxygenase OS=Bacillus nakamurai OX=1793963 GN=AXI58_19180 PE=3 SV=1
A0A166Z0R1/92-194    -            103 seed_msa             -            157    0.0017   18.3   0.1   1   1   0.00013    0.0019   18.1   0.1    38   124     1    90     1   101 0.83 tr|A0A166Z0R1|A0A166Z0R1_9HYPO Flavohemoprotein OS=Metarhizium rileyi RCEF 4871 OX=1081105 GN=NOR_07117 PE=3 SV=1
I0HCX7/28-136        -            109 seed_msa             -            157    0.0017   18.2   0.0   1   1   0.00029    0.0042   17.0   0.0    43   111     6    80     1    98 0.84 tr|I0HCX7|I0HCX7_ACTM4 Putative flavohemoprotein OS=Actinoplanes missouriensis (strain ATCC 14538 / DSM 43046 / CBS 188.64 / JCM 3121 / NCIMB 12654 / NBRC 102363 / 431) OX=512565 GN=AMIS_56440 PE=3 SV=1
A0A0B4BES3/31-134    -            104 seed_msa             -            157    0.0017   18.2   0.0   1   1   0.00014     0.002   18.0   0.0    81   125    44    88    36   104 0.75 tr|A0A0B4BES3|A0A0B4BES3_9RHOB GLOBIN domain-containing protein OS=Leisingera sp. ANG-Vp OX=1577896 GN=RA20_01830 PE=3 SV=1
A0A0B4IHB5/28-130    -            103 seed_msa             -            157    0.0018   18.2   0.0   1   1   0.00013    0.0019   18.1   0.0    39   125     2    91     1   102 0.84 tr|A0A0B4IHB5|A0A0B4IHB5_METMF Flavohemoprotein (Fragment) OS=Metarhizium majus (strain ARSEF 297) OX=1276143 GN=MAJ_05350 PE=3 SV=1
A0A1V4Q2W5/26-131    -            106 seed_msa             -            157    0.0021   18.0   0.0   1   1   0.00015    0.0022   17.9   0.0    47   125    11    91     1   103 0.70 tr|A0A1V4Q2W5|A0A1V4Q2W5_9ACTN Oxidoreductase OS=Gordonia sp. i37 OX=1961707 GN=B1964_20515 PE=3 SV=1
A0A0M2LJE1/30-132    -            103 seed_msa             -            157    0.0022   17.9   0.0   1   1    0.0002     0.003   17.5   0.0    39   124     2    90     1   102 0.85 tr|A0A0M2LJE1|A0A0M2LJE1_9SPHN Flavohemoprotein OS=Sphingomonas sp. Ag1 OX=1642949 GN=hmp PE=3 SV=1
E9DZ97/28-130        -            103 seed_msa             -            157    0.0023   17.8   0.0   1   1   0.00018    0.0026   17.7   0.0    39   125     2    91     1   102 0.83 tr|E9DZ97|E9DZ97_METAQ Flavohemoprotein OS=Metarhizium acridum (strain CQMa 102) OX=655827 GN=MAC_02945 PE=3 SV=1
K8WE30/27-129        -            103 seed_msa             -            157    0.0024   17.8   0.0   1   1   0.00018    0.0027   17.6   0.0    39   110     2    76     1    94 0.74 tr|K8WE30|K8WE30_9GAMM Flavohemoprotein OS=Providencia sneebia DSM 19967 OX=1141660 GN=hmp PE=3 SV=1
A0A0K0CX87/19-132    -            114 seed_msa             -            157    0.0024   17.8   0.1   1   1   0.00016    0.0024   17.8   0.1    80   122    54    96     3   112 0.79 tr|A0A0K0CX87|A0A0K0CX87_ANGCA GLOBIN domain-containing protein OS=Angiostrongylus cantonensis OX=6313 PE=3 SV=1
A0A1A7LYF4/27-132    -            106 seed_msa             -            157    0.0024   17.8   0.0   1   1   0.00021    0.0031   17.4   0.0    39   138     2    98     1   102 0.82 tr|A0A1A7LYF4|A0A1A7LYF4_9BACL Nitric oxide dioxygenase OS=Solibacillus silvestris OX=76853 GN=A9986_18210 PE=3 SV=1
F2F0Y6/27-132        -            106 seed_msa             -            157    0.0024   17.8   0.0   1   1   0.00021    0.0031   17.4   0.0    39   138     2    98     1   102 0.82 tr|F2F0Y6|F2F0Y6_SOLSS Hemoglobin-like flavoprotein OS=Solibacillus silvestris (strain StLB046) OX=1002809 GN=SSIL_2358 PE=3 SV=1
K1LHR1/27-132        -            106 seed_msa             -            157    0.0024   17.8   0.0   1   1   0.00021    0.0031   17.4   0.0    39   138     2    98     1   102 0.82 tr|K1LHR1|K1LHR1_9BACL Nitric oxide dioxygenase OS=Solibacillus isronensis B3W22 OX=1224748 GN=hmp PE=3 SV=1
A0A0F4JI63/23-128    -            106 seed_msa             -            157    0.0024   17.8   0.0   1   1   0.00017    0.0025   17.7   0.0    39   115     2    80     1   102 0.89 tr|A0A0F4JI63|A0A0F4JI63_9ACTN Flavohemoprotein OS=Streptomyces katrae OX=68223 GN=VR44_12720 PE=3 SV=1
A0A1B1AGQ8/26-129    -            104 seed_msa             -            157    0.0025   17.7   0.0   1   1    0.0002     0.003   17.5   0.0    87   126    50    90    23   103 0.86 tr|A0A1B1AGQ8|A0A1B1AGQ8_9CAUL GLOBIN domain-containing protein OS=Caulobacteraceae bacterium OTSz_A_272 OX=1759059 GN=ATE48_07300 PE=3 SV=1
A0A2D0LDA8/27-130    -            104 seed_msa             -            157    0.0026   17.7   0.0   1   1   0.00022    0.0032   17.4   0.0    39   138     2    96     1   103 0.70 tr|A0A2D0LDA8|A0A2D0LDA8_9GAMM Flavohemoprotein OS=Xenorhabdus kozodoii OX=351676 GN=hmp PE=3 SV=1
A0A1J0E911/27-129    -            103 seed_msa             -            157    0.0027   17.6   0.0   1   1   0.00021     0.003   17.4   0.0    39   105     2    71     1    96 0.80 tr|A0A1J0E911|A0A1J0E911_PRORE Flavohemoprotein OS=Providencia rettgeri OX=587 GN=hmp PE=3 SV=1
A0A1Q6YA85/25-127    -            103 seed_msa             -            157    0.0027   17.6   0.1   1   1   0.00024    0.0035   17.2   0.1    39   125     2    88     1   102 0.78 tr|A0A1Q6YA85|A0A1Q6YA85_9CHLR GLOBIN domain-containing protein OS=Ktedonobacter sp. 13_2_20CM_53_11 OX=1805233 GN=AUH05_15715 PE=3 SV=1
A0A1Q7T5R1/25-127    -            103 seed_msa             -            157    0.0027   17.6   0.1   1   1   0.00024    0.0035   17.2   0.1    39   125     2    88     1   102 0.78 tr|A0A1Q7T5R1|A0A1Q7T5R1_9CHLR GLOBIN domain-containing protein OS=Chloroflexi bacterium 13_1_20CM_54_36 OX=1805064 GN=AUF64_03800 PE=3 SV=1
A0A1Q7WQP0/25-127    -            103 seed_msa             -            157    0.0027   17.6   0.1   1   1   0.00024    0.0035   17.2   0.1    39   125     2    88     1   102 0.78 tr|A0A1Q7WQP0|A0A1Q7WQP0_9CHLR GLOBIN domain-containing protein OS=Ktedonobacter sp. 13_1_20CM_3_54_15 OX=1805224 GN=AUG45_08290 PE=3 SV=1
A0A0H2QCV4/27-129    -            103 seed_msa             -            157    0.0029   17.5   0.0   1   1   0.00022    0.0032   17.4   0.0    39   110     2    76     1    94 0.81 tr|A0A0H2QCV4|A0A0H2QCV4_9GAMM Flavohemoprotein OS=Moellerella wisconsensis OX=158849 GN=hmp PE=3 SV=1
A0A014NDM8/28-130    -            103 seed_msa             -            157    0.0029   17.5   0.0   1   1   0.00023    0.0033   17.3   0.0    39   125     2    91     1   102 0.83 tr|A0A014NDM8|A0A014NDM8_9HYPO Bifunctional nitric oxide dioxygenase/dihydropteridine reductase 2 domain protein OS=Metarhizium robertsii OX=568076 GN=X797_007072 PE=3 SV=1
A0A0B4EN09/28-130    -            103 seed_msa             -            157    0.0029   17.5   0.0   1   1   0.00023    0.0033   17.3   0.0    39   125     2    91     1   102 0.83 tr|A0A0B4EN09|A0A0B4EN09_METAF Flavohemoprotein (Fragment) OS=Metarhizium anisopliae (strain ARSEF 549) OX=1276135 GN=MAN_07656 PE=3 SV=1
A0A0B4FP23/28-130    -            103 seed_msa             -            157    0.0029   17.5   0.0   1   1   0.00023    0.0033   17.3   0.0    39   125     2    91     1   102 0.83 tr|A0A0B4FP23|A0A0B4FP23_METBS Flavohemoprotein (Fragment) OS=Metarhizium brunneum (strain ARSEF 3297) OX=1276141 GN=MBR_05261 PE=3 SV=1
A0A0B4HN66/28-130    -            103 seed_msa             -            157    0.0029   17.5   0.0   1   1   0.00023    0.0033   17.3   0.0    39   125     2    91     1   102 0.83 tr|A0A0B4HN66|A0A0B4HN66_METGA Flavohemoprotein OS=Metarhizium guizhouense (strain ARSEF 977) OX=1276136 GN=MGU_01401 PE=3 SV=1
A0A0D9NK82/106-208   -            103 seed_msa             -            157    0.0029   17.5   0.0   1   1   0.00023    0.0033   17.3   0.0    39   125     2    91     1   102 0.83 tr|A0A0D9NK82|A0A0D9NK82_METAN Uncharacterized protein OS=Metarhizium anisopliae BRIP 53293 OX=1291518 GN=H634G_10432 PE=3 SV=1
E9F633/28-130        -            103 seed_msa             -            157    0.0029   17.5   0.0   1   1   0.00023    0.0033   17.3   0.0    39   125     2    91     1   102 0.83 tr|E9F633|E9F633_METRA Globin, subset OS=Metarhizium robertsii (strain ARSEF 23 / ATCC MYA-3075) OX=655844 GN=MAA_07732 PE=3 SV=1
A0A239CXH8/28-135    -            108 seed_msa             -            157    0.0029   17.5   0.0   1   1   0.00043    0.0063   16.4   0.0    42   112     5    81     1    98 0.83 tr|A0A239CXH8|A0A239CXH8_9ACTN Nitric oxide dioxygenase OS=Actinoplanes regularis OX=52697 GN=SAMN06264365_112111 PE=3 SV=1
A0A2D6SXH3/20-125    -            106 seed_msa             -            157    0.0031   17.4   0.3   1   1   0.00023    0.0034   17.3   0.3    39   121     2    86     1   104 0.80 tr|A0A2D6SXH3|A0A2D6SXH3_9PLAN GLOBIN domain-containing protein OS=Planctomycetaceae bacterium OX=2026779 GN=CMJ48_11550 PE=3 SV=1
A0A0P1I042/38-141    -            104 seed_msa             -            157    0.0032   17.4   0.8   1   1   0.00027    0.0039   17.1   0.8    38   139     1    96     1   102 0.79 tr|A0A0P1I042|A0A0P1I042_9RHOB Nitric oxide dioxygenase OS=Phaeobacter sp. CECT 7735 OX=1715693 GN=hmp_1 PE=3 SV=1
A0A1Q5TUS0/27-130    -            104 seed_msa             -            157    0.0033   17.3   0.0   1   1    0.0003    0.0045   16.9   0.0    39   139     2    97     1   101 0.71 tr|A0A1Q5TUS0|A0A1Q5TUS0_9GAMM Flavohemoprotein OS=Xenorhabdus eapokensis OX=1873482 GN=hmp PE=3 SV=1
A0A259VQH2/26-131    -            106 seed_msa             -            157    0.0033   17.3   0.0   1   1   0.00026    0.0038   17.1   0.0    70   125    36    91     2   103 0.74 tr|A0A259VQH2|A0A259VQH2_9ACTN Oxidoreductase OS=Gordonia polyisoprenivorans OX=84595 GN=CJJ17_14245 PE=3 SV=1
H0RDZ1/26-131        -            106 seed_msa             -            157    0.0033   17.3   0.0   1   1   0.00026    0.0038   17.1   0.0    70   125    36    91     2   103 0.74 tr|H0RDZ1|H0RDZ1_9ACTN Putative oxidoreductase OS=Gordonia polyisoprenivorans NBRC 16320 = JCM 10675 OX=1077976 GN=GOPIP_043_00680 PE=3 SV=1
H6MXN0/26-131        -            106 seed_msa             -            157    0.0033   17.3   0.0   1   1   0.00026    0.0038   17.1   0.0    70   125    36    91     2   103 0.74 tr|H6MXN0|H6MXN0_GORPV Putative oxidoreductase OS=Gordonia polyisoprenivorans (strain DSM 44266 / VH2) OX=1112204 GN=GPOL_c45540 PE=3 SV=1
A0A1Y2SMQ1/27-130    -            104 seed_msa             -            157    0.0035   17.3   0.0   1   1   0.00031    0.0046   16.9   0.0    39   122     2    84     1   102 0.67 tr|A0A1Y2SMQ1|A0A1Y2SMQ1_9GAMM Flavohemoprotein OS=Xenorhabdus beddingii OX=40578 GN=hmp PE=3 SV=1
A0A291ECM1/27-129    -            103 seed_msa             -            157    0.0035   17.2   0.0   1   1   0.00027     0.004   17.1   0.0    39   110     2    76     1    96 0.82 tr|A0A291ECM1|A0A291ECM1_9GAMM Flavohemoprotein OS=Providencia alcalifaciens OX=126385 GN=hmp PE=3 SV=1
B6XEC5/27-129        -            103 seed_msa             -            157    0.0035   17.2   0.0   1   1   0.00027     0.004   17.1   0.0    39   110     2    76     1    96 0.82 tr|B6XEC5|B6XEC5_9GAMM Flavohemoprotein OS=Providencia alcalifaciens DSM 30120 OX=520999 GN=hmp PE=3 SV=1
X6QDU9/27-129        -            103 seed_msa             -            157    0.0035   17.2   0.0   1   1   0.00027     0.004   17.1   0.0    39   110     2    76     1    96 0.82 tr|X6QDU9|X6QDU9_9GAMM Flavohemoprotein OS=Providencia alcalifaciens F90-2004 OX=1256987 GN=hmp PE=3 SV=1
A0A264VST6/27-129    -            103 seed_msa             -            157    0.0036   17.2   0.0   1   1   0.00029    0.0042   17.0   0.0    39   105     2    71     1    96 0.79 tr|A0A264VST6|A0A264VST6_PRORE Flavohemoprotein OS=Providencia rettgeri OX=587 GN=hmp_2 PE=3 SV=1
A0A2A5QA42/27-129    -            103 seed_msa             -            157    0.0036   17.2   0.0   1   1   0.00029    0.0042   17.0   0.0    39   105     2    71     1    96 0.79 tr|A0A2A5QA42|A0A2A5QA42_PRORE Flavohemoprotein OS=Providencia rettgeri OX=587 GN=hmp PE=3 SV=1
D4C4X8/27-129        -            103 seed_msa             -            157    0.0036   17.2   0.0   1   1   0.00029    0.0042   17.0   0.0    39   105     2    71     1    96 0.79 tr|D4C4X8|D4C4X8_PRORE Flavohemoprotein OS=Providencia rettgeri DSM 1131 OX=521000 GN=hmp PE=3 SV=1
A0A1S1HJE4/27-129    -            103 seed_msa             -            157    0.0038   17.1   0.0   1   1    0.0003    0.0044   16.9   0.0    39   108     2    74     1    98 0.76 tr|A0A1S1HJE4|A0A1S1HJE4_PROST Flavohemoprotein OS=Providencia stuartii OX=588 GN=hmp PE=3 SV=1
A0A2D0NFV7/27-132    -            106 seed_msa             -            157    0.0039   17.1   0.0   1   1   0.00029    0.0043   17.0   0.0    39   124     1    89     1   102 0.86 tr|A0A2D0NFV7|A0A2D0NFV7_9BACT Hemin receptor OS=Lewinella nigricans DSM 23189 = NBRC 102662 OX=1122177 GN=CRP01_06470 PE=3 SV=1
A0A1M3G2Z4/28-130    -            103 seed_msa             -            157     0.004   17.0   0.1   1   1   0.00043    0.0063   16.4   0.1    45   122     8    84     1    93 0.71 tr|A0A1M3G2Z4|A0A1M3G2Z4_9SPHI GLOBIN domain-containing protein OS=Sphingobacteriales bacterium 46-32 OX=1895839 GN=BGO54_05810 PE=3 SV=1
A0A0M0TCZ3/27-130    -            104 seed_msa             -            157    0.0041   17.0   0.1   1   1   0.00035    0.0052   16.7   0.1    39   138     2    96     1   101 0.73 tr|A0A0M0TCZ3|A0A0M0TCZ3_9GAMM Flavohemoprotein OS=Xenorhabdus sp. GDc328 OX=742178 GN=hmp PE=3 SV=1
A0A2A4N209/27-132    -            106 seed_msa             -            157    0.0042   17.0   0.0   1   1   0.00031    0.0045   16.9   0.0    39   118     2    84     1   103 0.88 tr|A0A2A4N209|A0A2A4N209_9GAMM Nitric oxide dioxygenase (Fragment) OS=Gammaproteobacteria bacterium OX=1913989 GN=COC04_00685 PE=3 SV=1
A4XDP3/27-130        -            104 seed_msa             -            157    0.0042   17.0   0.0   1   1   0.00034     0.005   16.8   0.0    39   117     2    93     1   103 0.81 tr|A4XDP3|A4XDP3_SALTO Globin OS=Salinispora tropica (strain ATCC BAA-916 / DSM 44818 / CNB-440) OX=369723 GN=Strop_2937 PE=3 SV=1
A0A1Q6YBK7/25-128    -            104 seed_msa             -            157    0.0042   17.0   0.0   1   1   0.00031    0.0045   16.9   0.0    39   121     2    85     1   104 0.84 tr|A0A1Q6YBK7|A0A1Q6YBK7_9CHLR Flavohemoprotein OS=Ktedonobacter sp. 13_2_20CM_53_11 OX=1805233 GN=AUH05_15730 PE=3 SV=1
A0A1Q7A2C5/25-128    -            104 seed_msa             -            157    0.0042   17.0   0.0   1   1   0.00031    0.0045   16.9   0.0    39   121     2    85     1   104 0.84 tr|A0A1Q7A2C5|A0A1Q7A2C5_9CHLR Flavohemoprotein OS=Ktedonobacter sp. 13_2_20CM_2_56_8 OX=1805232 GN=AUI01_06795 PE=3 SV=1
A0A1Q7T5S3/25-128    -            104 seed_msa             -            157    0.0042   17.0   0.0   1   1   0.00031    0.0045   16.9   0.0    39   121     2    85     1   104 0.84 tr|A0A1Q7T5S3|A0A1Q7T5S3_9CHLR Flavohemoprotein OS=Chloroflexi bacterium 13_1_20CM_54_36 OX=1805064 GN=AUF64_03810 PE=3 SV=1
A0A1Q7WQP2/25-128    -            104 seed_msa             -            157    0.0042   17.0   0.0   1   1   0.00031    0.0045   16.9   0.0    39   121     2    85     1   104 0.84 tr|A0A1Q7WQP2|A0A1Q7WQP2_9CHLR Flavohemoprotein OS=Ktedonobacter sp. 13_1_20CM_3_54_15 OX=1805224 GN=AUG45_08280 PE=3 SV=1
A0A077HKT8/40-147    -            108 seed_msa             -            157    0.0043   17.0   0.0   1   1   0.00031    0.0045   16.9   0.0    76   142    44   104     1   108 0.71 tr|A0A077HKT8|A0A077HKT8_9CORY Hemin transporter OS=Corynebacterium ureicelerivorans OX=401472 GN=CUREI_10800 PE=3 SV=1
A0A2D0K249/27-130    -            104 seed_msa             -            157    0.0044   16.9   0.0   1   1   0.00034     0.005   16.7   0.0    39   123     2    85     1   100 0.76 tr|A0A2D0K249|A0A2D0K249_9GAMM Flavohemoprotein OS=Xenorhabdus sp. KK7.4 OX=1851572 GN=hmp PE=3 SV=1
A0A068QTY8/27-130    -            104 seed_msa             -            157    0.0046   16.8   0.0   1   1   0.00037    0.0055   16.6   0.0    39   114     2    80     1    97 0.73 tr|A0A068QTY8|A0A068QTY8_9GAMM Flavohemoprotein OS=Xenorhabdus doucetiae OX=351671 GN=hmp PE=3 SV=1
A0A222TP75/26-131    -            106 seed_msa             -            157    0.0047   16.8   0.1   1   1   0.00042    0.0062   16.4   0.1    78   132    44    96     2   104 0.72 tr|A0A222TP75|A0A222TP75_GORRU Ferredoxin--NAD(P)(+) reductase (Naphthalene dioxygenase/salicylate 5-hydroxylase ferredoxin-specific) OS=Gordonia rubripertincta OX=36822 GN=nagAa PE=3 SV=1
L7K481/26-131        -            106 seed_msa             -            157    0.0047   16.8   0.1   1   1   0.00042    0.0062   16.4   0.1    78   132    44    96     2   104 0.72 tr|L7K481|L7K481_GORRU Putative oxidoreductase OS=Gordonia rubripertincta NBRC 101908 OX=1077975 GN=GORBP_032_00300 PE=3 SV=1
W9DEZ3/26-131        -            106 seed_msa             -            157    0.0047   16.8   0.1   1   1   0.00042    0.0062   16.4   0.1    78   132    44    96     2   104 0.72 tr|W9DEZ3|W9DEZ3_9ACTN Oxidoreductase OS=Gordonia alkanivorans CGMCC 6845 OX=1423140 GN=V525_20685 PE=3 SV=1
A0A2D0KIP3/27-130    -            104 seed_msa             -            157    0.0047   16.8   0.0   1   1   0.00042    0.0062   16.4   0.0    39   138     2    96     1   101 0.70 tr|A0A2D0KIP3|A0A2D0KIP3_9GAMM Flavohemoprotein OS=Xenorhabdus ishibashii OX=1034471 GN=hmp PE=3 SV=1
A0A0F6BMQ7/32-137    -            106 seed_msa             -            157    0.0047   16.8   0.6   1   1   0.00048    0.0071   16.2   0.6    39   125     2    91     1   104 0.78 tr|A0A0F6BMQ7|A0A0F6BMQ7_GEOS0 Flavohemoprotein OS=Geobacillus sp. (strain Y4.1MC1) OX=581103 GN=hmp PE=3 SV=1
A0A2D0KMQ5/27-130    -            104 seed_msa             -            157    0.0048   16.8   0.0   1   1   0.00037    0.0055   16.6   0.0    39   124     2    86     1   100 0.76 tr|A0A2D0KMQ5|A0A2D0KMQ5_9GAMM Flavohemoprotein OS=Xenorhabdus stockiae OX=351614 GN=hmp PE=3 SV=1
A0A2D0L0K7/27-130    -            104 seed_msa             -            157    0.0048   16.8   0.0   1   1   0.00037    0.0055   16.6   0.0    39   124     2    86     1   100 0.76 tr|A0A2D0L0K7|A0A2D0L0K7_9GAMM Flavohemoprotein OS=Xenorhabdus sp. KJ12.1 OX=1851571 GN=hmp PE=3 SV=1
A0A0S8AC62/21-125    -            105 seed_msa             -            157    0.0048   16.8   0.0   1   1   0.00034     0.005   16.8   0.0    39   118     2    82     1   103 0.85 tr|A0A0S8AC62|A0A0S8AC62_9GAMM Uncharacterized protein OS=Gammaproteobacteria bacterium SG8_11 OX=1703402 GN=AMJ53_00985 PE=4 SV=1
K6XEM9/26-131        -            106 seed_msa             -            157    0.0049   16.8   0.1   1   1   0.00044    0.0065   16.4   0.1    78   131    44    95     2   104 0.72 tr|K6XEM9|K6XEM9_9ACTN Putative oxidoreductase OS=Gordonia namibiensis NBRC 108229 OX=1208314 GN=GONAM_61_00450 PE=3 SV=1
A0A1Q5U3K7/27-130    -            104 seed_msa             -            157     0.005   16.7   0.0   1   1   0.00045    0.0066   16.3   0.0    39   124     2    86     1   101 0.67 tr|A0A1Q5U3K7|A0A1Q5U3K7_9GAMM Flavohemoprotein OS=Xenorhabdus thuongxuanensis OX=1873484 GN=hmp PE=3 SV=1
A0A1Q2L1S4/27-132    -            106 seed_msa             -            157     0.005   16.7   0.1   1   1   0.00053    0.0078   16.1   0.1    39   124     2    90     1   100 0.75 tr|A0A1Q2L1S4|A0A1Q2L1S4_9BACL Flavohemoprotein OS=Planococcus sp. Y42 OX=2213202 GN=hmp PE=3 SV=1
A0A2H5ASK9/26-130    -            105 seed_msa             -            157    0.0051   16.7   0.1   1   1   0.00045    0.0067   16.3   0.1    39   128     2    90     1    99 0.81 tr|A0A2H5ASK9|A0A2H5ASK9_9ACTN Globin OS=Kitasatospora sp. MMS16-BH015 OX=2018025 GN=CFP65_0054 PE=3 SV=1
A0A2A4MIY7/61-164    -            104 seed_msa             -            157    0.0051   16.7   0.0   1   1   0.00037    0.0054   16.6   0.0    38   140     1    98     1   104 0.85 tr|A0A2A4MIY7|A0A2A4MIY7_9GAMM Chemotaxis protein OS=Gammaproteobacteria bacterium OX=1913989 GN=COC05_05570 PE=4 SV=1
A0A2A6BHW3/195-309   -            115 seed_msa             -            157    0.0052   16.7   0.1   1   1   0.00042    0.0062   16.4   0.1    80   132    55   105    18   113 0.81 tr|A0A2A6BHW3|A0A2A6BHW3_PRIPA Glb-14 OS=Pristionchus pacificus OX=54126 GN=PRIPAC_52442 PE=3 SV=1
A0A1Y3PZT8/32-137    -            106 seed_msa             -            157    0.0053   16.6   0.6   1   1   0.00055     0.008   16.1   0.6    39   125     2    91     1   104 0.78 tr|A0A1Y3PZT8|A0A1Y3PZT8_PARTM Flavohemoprotein OS=Parageobacillus thermoglucosidasius OX=1426 GN=hmp PE=3 SV=1
W1IVC8/27-130        -            104 seed_msa             -            157    0.0054   16.6   0.0   1   1   0.00044    0.0065   16.4   0.0    39   121     2    83     1   102 0.68 tr|W1IVC8|W1IVC8_9GAMM Flavohemoprotein OS=Xenorhabdus szentirmaii DSM 16338 OX=1427518 GN=hmp PE=3 SV=1
A0A024YLN8/23-128    -            106 seed_msa             -            157    0.0056   16.6   0.0   1   1   0.00041    0.0061   16.5   0.0    39   119     2    84     1   102 0.84 tr|A0A024YLN8|A0A024YLN8_9ACTN Flavohemoprotein OS=Streptomyces sp. PCS3-D2 OX=1460244 GN=AW27_23010 PE=3 SV=1
A0A1Y2UCG7/29-133    -            105 seed_msa             -            157    0.0057   16.6   0.0   1   1   0.00051    0.0076   16.2   0.0    39   131     2    94     1   104 0.74 tr|A0A1Y2UCG7|A0A1Y2UCG7_9PEZI Uncharacterized protein OS=Hypoxylon sp. CO27-5 OX=1001938 GN=M434DRAFT_88089 PE=3 SV=1
A0A2D0JSE9/27-130    -            104 seed_msa             -            157    0.0058   16.5   0.0   1   1    0.0005    0.0074   16.2   0.0    39   124     2    86     1   101 0.68 tr|A0A2D0JSE9|A0A2D0JSE9_9GAMM Flavohemoprotein OS=Xenorhabdus miraniensis OX=351674 GN=hmp PE=3 SV=1
F9VKW7/27-130        -            104 seed_msa             -            157    0.0059   16.5   0.0   1   1   0.00041     0.006   16.5   0.0    45   138     9   101     1   104 0.72 tr|F9VKW7|F9VKW7_ARTSS Globin domain containing protein OS=Arthromitus sp. (strain SFB-mouse-Japan) OX=1029718 GN=SFBM_1011 PE=3 SV=1
A0A1I8CKT3/124-238   -            115 seed_msa             -            157    0.0061   16.5   0.2   1   1   0.00043    0.0063   16.4   0.2    62   115    34    91     5   102 0.87 tr|A0A1I8CKT3|A0A1I8CKT3_9BILA GLOBIN domain-containing protein OS=Rhabditophanes sp. KR3021 OX=114890 PE=3 SV=1
A0A1H2DFF8/28-135    -            108 seed_msa             -            157    0.0061   16.5   0.0   1   1   0.00053    0.0078   16.1   0.0    42   118     5    86     1   107 0.81 tr|A0A1H2DFF8|A0A1H2DFF8_9ACTN Nitric oxide dioxygenase OS=Actinoplanes derwentensis OX=113562 GN=SAMN04489716_9549 PE=3 SV=1
A0A290XT97/26-131    -            106 seed_msa             -            157    0.0062   16.4   0.1   1   1   0.00056    0.0082   16.0   0.1    78   129    44    93     2   104 0.73 tr|A0A290XT97|A0A290XT97_9ACTN Oxidoreductase OS=Gordonia sp. 1D OX=1737359 GN=CNO18_21005 PE=3 SV=1
A0A158PJH3/98-212    -            115 seed_msa             -            157    0.0062   16.4   0.1   1   1   0.00044    0.0065   16.4   0.1    85   122    60    97    13   112 0.84 tr|A0A158PJH3|A0A158PJH3_ANGCS GLOBIN domain-containing protein OS=Angiostrongylus costaricensis OX=334426 GN=ACOC_LOCUS8761 PE=3 SV=1
A0A1N7CJW4/26-125    -            100 seed_msa             -            157    0.0062   16.4   0.1   1   1   0.00043    0.0063   16.4   0.1    39   120     2    86     1   100 0.78 tr|A0A1N7CJW4|A0A1N7CJW4_9ACTN NAD(P)H-flavin reductase OS=Williamsia sterculiae OX=1344003 GN=SAMN05445060_0185 PE=3 SV=1
F9RA86/27-126        -            100 seed_msa             -            157    0.0064   16.4   0.8   1   1   0.00066    0.0097   15.8   0.8    39   125     2    91     1    99 0.76 tr|F9RA86|F9RA86_VIBSN Nitric oxide dioxygenase OS=Vibrio sp. (strain N418) OX=701176 GN=VIBRN418_09068 PE=3 SV=1
A0A2G0Q6W6/27-130    -            104 seed_msa             -            157    0.0067   16.3   0.0   1   1   0.00057    0.0083   16.0   0.0    39   138     2    96     1   103 0.70 tr|A0A2G0Q6W6|A0A2G0Q6W6_9GAMM Flavohemoprotein OS=Xenorhabdus hominickii OX=351679 GN=hmp PE=3 SV=1
G2DD24/56-157        -            102 seed_msa             -            157    0.0068   16.3   0.0   1   1   0.00051    0.0075   16.2   0.0    42   116     5    79     1    97 0.82 tr|G2DD24|G2DD24_9GAMM Uncharacterized protein OS=endosymbiont of Riftia pachyptila (vent Ph05) OX=1048808 GN=Rifp1Sym_bi00060 PE=4 SV=1
F0XSA6/29-134        -            106 seed_msa             -            157    0.0068   16.3   0.0   1   1   0.00051    0.0075   16.2   0.0    42   109     5    74     1   105 0.80 tr|F0XSA6|F0XSA6_GROCL Flavohemoprotein OS=Grosmannia clavigera (strain kw1407 / UAMH 11150) OX=655863 GN=CMQ_7983 PE=3 SV=1
A0A0T5Z9J7/29-130    -            102 seed_msa             -            157    0.0068   16.3   0.0   1   1    0.0005    0.0073   16.2   0.0    42   111     5    74     1    97 0.81 tr|A0A0T5Z9J7|A0A0T5Z9J7_9GAMM Uncharacterized protein OS=endosymbiont of Ridgeia piscesae OX=54398 GN=Ga0074115_10613 PE=4 SV=1
B9WMH8/43-148        -            106 seed_msa             -            157     0.007   16.3   0.0   1   1   0.00052    0.0077   16.1   0.0    38   125     1    91     1   106 0.83 tr|B9WMH8|B9WMH8_CANDC Flavohemoprotein, putative OS=Candida dubliniensis (strain CD36 / ATCC MYA-646 / CBS 7987 / NCPF 3949 / NRRL Y-17841) OX=573826 GN=Cd36_33470 PE=3 SV=1
A0A1M7KFZ7/27-130    -            104 seed_msa             -            157     0.007   16.3   0.1   1   1   0.00064    0.0094   15.9   0.1    39   122     2    88     1   100 0.80 tr|A0A1M7KFZ7|A0A1M7KFZ7_9BACT Nitric oxide dioxygenase OS=Cyclobacterium lianum OX=388280 GN=SAMN04488057_102420 PE=3 SV=1
A0A1C7FFT9/27-126    -            100 seed_msa             -            157     0.007   16.3   0.7   1   1   0.00072     0.011   15.7   0.7    39   125     2    91     1    99 0.76 tr|A0A1C7FFT9|A0A1C7FFT9_9VIBR Nitric oxide dioxygenase OS=Vibrio scophthalmi OX=45658 GN=yhb1 PE=3 SV=1
A0A1E3WEF9/27-126    -            100 seed_msa             -            157     0.007   16.3   0.7   1   1   0.00072     0.011   15.7   0.7    39   125     2    91     1    99 0.76 tr|A0A1E3WEF9|A0A1E3WEF9_9VIBR Nitric oxide dioxygenase OS=Vibrio scophthalmi OX=45658 GN=yhb1 PE=3 SV=1
F9RSV1/27-126        -            100 seed_msa             -            157     0.007   16.3   0.7   1   1   0.00072     0.011   15.7   0.7    39   125     2    91     1    99 0.76 tr|F9RSV1|F9RSV1_9VIBR Nitric oxide dioxygenase OS=Vibrio scophthalmi LMG 19158 OX=870967 GN=VIS19158_18871 PE=3 SV=1
A0A0J5FTC7/27-130    -            104 seed_msa             -            157    0.0071   16.3   0.0   1   1   0.00063    0.0092   15.9   0.0    39   124     2    86     1   101 0.67 tr|A0A0J5FTC7|A0A0J5FTC7_9GAMM Flavohemoprotein OS=Xenorhabdus khoisanae OX=880157 GN=hmp PE=3 SV=1
A0A109II76/27-128    -            102 seed_msa             -            157    0.0072   16.2   0.0   1   1   0.00053    0.0078   16.1   0.0    39   103     2    71     1   101 0.74 tr|A0A109II76|A0A109II76_9ACTN Hemin transporter OS=Micromonospora rifamycinica OX=291594 GN=AWV63_19860 PE=3 SV=1
S7I4H8/27-127        -            101 seed_msa             -            157    0.0073   16.2   0.9   1   1   0.00066    0.0097   15.8   0.9    39   131     2    94     1   100 0.75 tr|S7I4H8|S7I4H8_VIBFL Flavohemoprotein OS=Vibrio fluvialis PG41 OX=1336752 GN=hmp PE=3 SV=1
C4YMJ4/43-148        -            106 seed_msa             -            157    0.0073   16.2   0.1   1   1   0.00055    0.0081   16.1   0.1    38   125     1    91     1   106 0.83 tr|C4YMJ4|C4YMJ4_CANAW Uncharacterized protein OS=Candida albicans (strain WO-1) OX=294748 GN=CAWG_02076 PE=3 SV=1
A0A1V2SK91/29-133    -            105 seed_msa             -            157    0.0075   16.2   0.0   1   1   0.00063    0.0093   15.9   0.0    39   123     1    88     1   102 0.75 tr|A0A1V2SK91|A0A1V2SK91_9BACI Flavohemoprotein OS=Bacillus sp. VT-16-64 OX=1917019 GN=hmp PE=3 SV=1
A0A243QDX0/26-131    -            106 seed_msa             -            157    0.0075   16.2   0.1   1   1   0.00059    0.0087   16.0   0.1    71   125    37    90     2   104 0.69 tr|A0A243QDX0|A0A243QDX0_9ACTN Oxidoreductase OS=Gordonia lacunae OX=417102 GN=CA982_04485 PE=3 SV=1
A0A0N5B969/83-197    -            115 seed_msa             -            157    0.0076   16.2   0.1   1   1   0.00051    0.0076   16.2   0.1    63   112    35    88     4   110 0.84 tr|A0A0N5B969|A0A0N5B969_STREA GLOBIN domain-containing protein OS=Strongyloides papillosus OX=174720 PE=3 SV=1
A0A150LM41/32-137    -            106 seed_msa             -            157    0.0076   16.2   0.5   1   1   0.00077     0.011   15.6   0.5    39   125     2    91     1   104 0.77 tr|A0A150LM41|A0A150LM41_9BACI Flavohemoprotein OS=Anoxybacillus flavithermus OX=33934 GN=hmp PE=3 SV=1
A0A178TQ71/32-137    -            106 seed_msa             -            157    0.0076   16.2   0.5   1   1   0.00077     0.011   15.6   0.5    39   125     2    91     1   104 0.77 tr|A0A178TQ71|A0A178TQ71_PARTM Flavohemoprotein OS=Parageobacillus thermoglucosidasius OX=1426 GN=hmp PE=3 SV=1
Q2HDG2/28-133        -            106 seed_msa             -            157    0.0078   16.1   0.0   1   1   0.00061    0.0089   15.9   0.0    39   110     2    76     1   104 0.82 tr|Q2HDG2|Q2HDG2_CHAGB Uncharacterized protein OS=Chaetomium globosum (strain ATCC 6205 / CBS 148.51 / DSM 1962 / NBRC 6347 / NRRL 1970) OX=306901 GN=CHGG_01742 PE=3 SV=1
A0A0T9LR67/27-130    -            104 seed_msa             -            157    0.0079   16.1   0.0   1   1   0.00065    0.0095   15.8   0.0    39   117     2    79     1    99 0.78 tr|A0A0T9LR67|A0A0T9LR67_YERPU Flavohemoprotein OS=Yersinia pseudotuberculosis OX=633 GN=hmp PE=3 SV=1
A0A0T9RHH2/27-130    -            104 seed_msa             -            157    0.0079   16.1   0.0   1   1   0.00065    0.0095   15.8   0.0    39   117     2    79     1    99 0.78 tr|A0A0T9RHH2|A0A0T9RHH2_9GAMM Flavohemoprotein OS=Yersinia similis OX=367190 GN=hmp PE=3 SV=1
A0A1Q2HYV1/40-147    -            108 seed_msa             -            157     0.008   16.1   0.0   1   1   0.00057    0.0083   16.0   0.0    80   142    48   104     1   108 0.76 tr|A0A1Q2HYV1|A0A1Q2HYV1_9CORY Flavohemoprotein OS=Corynebacterium glaucum OX=187491 GN=hmp PE=3 SV=1
A0A068R1H5/27-130    -            104 seed_msa             -            157    0.0083   16.0   0.1   1   1   0.00073     0.011   15.7   0.1    39   139     2    97     1   101 0.73 tr|A0A068R1H5|A0A068R1H5_9GAMM Flavohemoprotein OS=Xenorhabdus poinarii G6 OX=1354304 GN=hmp PE=3 SV=1
A0A1B1NW73/27-126    -            100 seed_msa             -            157    0.0083   16.0   0.7   1   1   0.00086     0.013   15.4   0.7    39   123     2    89     1    99 0.74 tr|A0A1B1NW73|A0A1B1NW73_9VIBR Nitric oxide dioxygenase OS=Vibrio scophthalmi OX=45658 GN=yhb1 PE=3 SV=1
J3BH78/30-130        -            101 seed_msa             -            157    0.0085   16.0   0.0   1   1   0.00065    0.0096   15.8   0.0    39   122     2    88     1   101 0.79 tr|J3BH78|J3BH78_9RHIZ Flavohemoprotein OS=Rhizobium sp. CF122 OX=1144312 GN=hmp PE=3 SV=1
A0A2D5GVI1/25-129    -            105 seed_msa             -            157    0.0085   16.0   0.0   1   1   0.00063    0.0092   15.9   0.0    38   136     1   101     1   105 0.86 tr|A0A2D5GVI1|A0A2D5GVI1_9PLAN Uncharacterized protein OS=Gimesia sp. OX=2024833 GN=CME31_08795 PE=4 SV=1
A6C6G4/25-129        -            105 seed_msa             -            157    0.0085   16.0   0.0   1   1   0.00063    0.0092   15.9   0.0    38   136     1   101     1   105 0.86 tr|A6C6G4|A6C6G4_9PLAN Chemotaxis sensory transducer OS=Gimesia maris DSM 8797 OX=344747 GN=PM8797T_31698 PE=4 SV=1
D3V8J6/27-130        -            104 seed_msa             -            157    0.0089   15.9   0.0   1   1   0.00076     0.011   15.6   0.0    39   114     2    80     1    98 0.72 tr|D3V8J6|D3V8J6_XENBS Flavohemoprotein OS=Xenorhabdus bovienii (strain SS-2004) OX=406818 GN=hmp PE=3 SV=1
A0A1Y5DQL9/27-132    -            106 seed_msa             -            157    0.0089   15.9   0.0   1   1    0.0007      0.01   15.7   0.0    39   118     2    84     1    99 0.86 tr|A0A1Y5DQL9|A0A1Y5DQL9_9GAMM Nitric oxide dioxygenase OS=Methylophaga sp. 41_12_T18 OX=1856284 GN=A9Q78_10090 PE=3 SV=1
A0A0G3EVW8/27-131    -            105 seed_msa             -            157     0.009   15.9   0.1   1   1   0.00081     0.012   15.5   0.1    39   129     2    92     1   103 0.77 tr|A0A0G3EVW8|A0A0G3EVW8_9BURK Flavohemoprotein OS=Pandoraea thiooxydans OX=445709 GN=hmp PE=3 SV=1
K8WXJ5/27-129        -            103 seed_msa             -            157     0.009   15.9   0.0   1   1    0.0007      0.01   15.7   0.0    39   117     2    83     1    98 0.79 tr|K8WXJ5|K8WXJ5_9GAMM Flavohemoprotein OS=Providencia burhodogranariea DSM 19968 OX=1141662 GN=hmp PE=3 SV=1
A0A0Q9XW21/29-133    -            105 seed_msa             -            157    0.0091   15.9   0.0   1   1   0.00075     0.011   15.6   0.0    39   124     1    89     1   103 0.77 tr|A0A0Q9XW21|A0A0Q9XW21_9BACI Dihydropteridine reductase (Fragment) OS=Bacillus galactosidilyticus OX=217031 GN=ACA29_10775 PE=3 SV=1
A0A0Q9XZT2/29-133    -            105 seed_msa             -            157    0.0091   15.9   0.0   1   1   0.00075     0.011   15.6   0.0    39   124     1    89     1   103 0.77 tr|A0A0Q9XZT2|A0A0Q9XZT2_9BACI Flavohemoprotein OS=Virgibacillus soli OX=480284 GN=hmp PE=3 SV=1
A0A177ZQ79/29-133    -            105 seed_msa             -            157    0.0091   15.9   0.0   1   1   0.00075     0.011   15.6   0.0    39   124     1    89     1   103 0.77 tr|A0A177ZQ79|A0A177ZQ79_9BACI Flavohemoprotein OS=Bacillus galactosidilyticus OX=217031 GN=hmp PE=3 SV=1
A0A1Q9VMW3/26-131    -            106 seed_msa             -            157    0.0092   15.9   0.1   1   1   0.00083     0.012   15.5   0.1    78   132    44    96     2   104 0.72 tr|A0A1Q9VMW3|A0A1Q9VMW3_9ACTN Oxidoreductase OS=Gordonia sp. CNJ-863 OX=1904963 GN=BJF87_16295 PE=3 SV=1
F9VYS3/26-131        -            106 seed_msa             -            157    0.0092   15.9   0.1   1   1   0.00083     0.012   15.5   0.1    78   132    44    96     2   104 0.72 tr|F9VYS3|F9VYS3_9ACTN Putative oxidoreductase OS=Gordonia alkanivorans NBRC 16433 OX=1027371 GN=GOALK_092_00260 PE=3 SV=1
A0A077P5E7/27-130    -            104 seed_msa             -            157    0.0092   15.9   0.0   1   1   0.00076     0.011   15.6   0.0    39   114     2    80     1    98 0.72 tr|A0A077P5E7|A0A077P5E7_XENBV Flavohemoprotein OS=Xenorhabdus bovienii str. oregonense OX=1398202 GN=hmp PE=3 SV=1
A0A077PKT2/27-130    -            104 seed_msa             -            157    0.0092   15.9   0.0   1   1   0.00076     0.011   15.6   0.0    39   114     2    80     1    98 0.72 tr|A0A077PKT2|A0A077PKT2_XENBV Flavohemoprotein OS=Xenorhabdus bovienii str. kraussei Quebec OX=1398203 GN=hmp PE=3 SV=1
A0A077QK00/27-130    -            104 seed_msa             -            157    0.0092   15.9   0.0   1   1   0.00076     0.011   15.6   0.0    39   114     2    80     1    98 0.72 tr|A0A077QK00|A0A077QK00_XENBV Flavohemoprotein OS=Xenorhabdus bovienii str. Intermedium OX=1379677 GN=hmp PE=3 SV=1
A0A077MMY3/27-130    -            104 seed_msa             -            157    0.0092   15.9   0.0   1   1   0.00076     0.011   15.6   0.0    39   114     2    80     1    98 0.72 tr|A0A077MMY3|A0A077MMY3_XENBV Flavohemoprotein OS=Xenorhabdus bovienii str. feltiae Florida OX=1397852 GN=hmp PE=3 SV=1
A0A077NBC2/27-130    -            104 seed_msa             -            157    0.0092   15.9   0.0   1   1   0.00076     0.011   15.6   0.0    39   114     2    80     1    98 0.72 tr|A0A077NBC2|A0A077NBC2_XENBV Flavohemoprotein OS=Xenorhabdus bovienii str. puntauvense OX=1398201 GN=hmp PE=3 SV=1
A0A077NU03/27-130    -            104 seed_msa             -            157    0.0092   15.9   0.0   1   1   0.00076     0.011   15.6   0.0    39   114     2    80     1    98 0.72 tr|A0A077NU03|A0A077NU03_XENBV Flavohemoprotein OS=Xenorhabdus bovienii str. feltiae Moldova OX=1398200 GN=hmp PE=3 SV=1
A0A077PJ39/27-130    -            104 seed_msa             -            157    0.0092   15.9   0.0   1   1   0.00076     0.011   15.6   0.0    39   114     2    80     1    98 0.72 tr|A0A077PJ39|A0A077PJ39_XENBV Flavohemoprotein OS=Xenorhabdus bovienii str. kraussei Becker Underwood OX=1398204 GN=hmp PE=3 SV=1
A0A0B6X8R8/27-130    -            104 seed_msa             -            157    0.0092   15.9   0.0   1   1   0.00076     0.011   15.6   0.0    39   114     2    80     1    98 0.72 tr|A0A0B6X8R8|A0A0B6X8R8_XENBV Flavohemoprotein OS=Xenorhabdus bovienii OX=40576 GN=hmp PE=3 SV=1
A0A0D6JBJ7/30-130    -            101 seed_msa             -            157    0.0095   15.8   0.0   1   1   0.00083     0.012   15.5   0.0    39   124     2    90     1   101 0.82 tr|A0A0D6JBJ7|A0A0D6JBJ7_9RHIZ Flavohemoprotein OS=Candidatus Filomicrobium marinum OX=1608628 GN=hmp PE=3 SV=1
Q59MV6/43-148        -            106 seed_msa             -            157    0.0098   15.8   0.1   1   1   0.00074     0.011   15.6   0.1    38   125     1    91     1   106 0.82 tr|Q59MV6|Q59MV6_CANAL Yhb5p OS=Candida albicans (strain SC5314 / ATCC MYA-2876) OX=237561 GN=YHB5 PE=3 SV=1
L7L3K1/26-131        -            106 seed_msa             -            157      0.01   15.8   0.1   1   1    0.0009     0.013   15.4   0.1    78   129    44    93     2   104 0.73 tr|L7L3K1|L7L3K1_9ACTN Putative oxidoreductase OS=Gordonia amicalis NBRC 100051 = JCM 11271 OX=1220574 GN=GOAMI_33_00600 PE=3 SV=1
A0A1I5AQ32/27-130    -            104 seed_msa             -            157      0.01   15.7   0.0   1   1   0.00084     0.012   15.5   0.0    39   115     2    81     1   100 0.72 tr|A0A1I5AQ32|A0A1I5AQ32_9GAMM Flavohemoprotein OS=Xenorhabdus japonica OX=53341 GN=hmp PE=3 SV=1
A0A1E2VBG2/26-132    -            107 seed_msa             -            157      0.01   15.7   1.1   1   1   0.00087     0.013   15.4   1.1    39   133     2    96     1   106 0.72 tr|A0A1E2VBG2|A0A1E2VBG2_9GAMM Nitric oxide dioxygenase OS=Terasakiispira papahanaumokuakeensis OX=197479 GN=BFW38_13160 PE=3 SV=1
A0A0A3YXQ0/27-130    -            104 seed_msa             -            157      0.01   15.7   0.0   1   1   0.00098     0.014   15.2   0.0    39   138     2    96     1   100 0.68 tr|A0A0A3YXQ0|A0A0A3YXQ0_9ENTR Flavohemoprotein OS=Enterobacter cancerogenus OX=69218 GN=hmp PE=3 SV=1
F2Q9W8/12-103        -             92 seed_msa             -            157      0.01   15.7   0.0   1   1    0.0016     0.024   14.5   0.0    82   125    36    79     1    91 0.70 tr|F2Q9W8|F2Q9W8_BRAFL Globin (Fragment) OS=Branchiostoma floridae OX=7739 GN=lGb3 PE=2 SV=1
A0A223N1R6/27-127    -            101 seed_msa             -            157      0.01   15.7   0.4   1   1     0.001     0.015   15.2   0.4    39   129     2    92     1   100 0.73 tr|A0A223N1R6|A0A223N1R6_9VIBR Flavohemoprotein OS=Vibrio qinghaiensis OX=2025808 GN=hmp PE=3 SV=1
A0A2A4S0X1/219-323   -            105 seed_msa             -            157     0.011   15.7   0.1   1   1   0.00096     0.014   15.3   0.1    63   139    26   101     1   103 0.74 tr|A0A2A4S0X1|A0A2A4S0X1_9GAMM Uncharacterized protein OS=Thiotrichales bacterium OX=2026796 GN=COB71_00220 PE=4 SV=1
A0A2A4WHJ1/222-326   -            105 seed_msa             -            157     0.011   15.7   0.1   1   1   0.00096     0.014   15.3   0.1    63   139    26   101     1   103 0.74 tr|A0A2A4WHJ1|A0A2A4WHJ1_9GAMM Uncharacterized protein OS=Thiotrichaceae bacterium OX=2030882 GN=COB33_05190 PE=4 SV=1
A0A0U5GHQ6/55-158    -            104 seed_msa             -            157     0.011   15.7   0.0   1   1   0.00094     0.014   15.3   0.0    39   122     1    87     1   103 0.72 tr|A0A0U5GHQ6|A0A0U5GHQ6_9EURO Putative Flavodoxin reductases (Ferredoxin-NADPH reductases) family 1 OS=Aspergillus calidoustus OX=454130 GN=ASPCAL13471 PE=3 SV=1
A0A126RW06/29-134    -            106 seed_msa             -            157     0.011   15.7   0.0   1   1    0.0012     0.018   14.9   0.0    38   124     2    90     1   103 0.74 tr|A0A126RW06|A0A126RW06_9SPHN Nitric oxide dioxygenase OS=Sphingobium sp. TKS OX=1315974 GN=K426_26985 PE=3 SV=1
T0HX42/29-134        -            106 seed_msa             -            157     0.011   15.7   0.0   1   1    0.0012     0.018   14.9   0.0    38   124     2    90     1   103 0.74 tr|T0HX42|T0HX42_9SPHN Dihydropteridine reductase OS=Sphingobium baderi LL03 OX=1114964 GN=L485_08945 PE=3 SV=1
A0A0Q6LH75/26-128    -            103 seed_msa             -            157     0.011   15.6   0.0   1   1   0.00088     0.013   15.4   0.0    39   122     2    85     1   101 0.73 tr|A0A0Q6LH75|A0A0Q6LH75_9BURK GLOBIN domain-containing protein OS=Rhizobacter sp. Root29 OX=1736511 GN=ASC88_08510 PE=3 SV=1
A0A1S1BLE2/39-147    -            109 seed_msa             -            157     0.011   15.6   0.1   1   1   0.00085     0.013   15.4   0.1    45   130     9    99     1   107 0.69 tr|A0A1S1BLE2|A0A1S1BLE2_9CORY Hemin transporter OS=Corynebacterium sp. HMSC034B08 OX=1715135 GN=HMPREF2656_03410 PE=3 SV=1
A0A2I1WBW0/39-147    -            109 seed_msa             -            157     0.011   15.6   0.1   1   1   0.00085     0.013   15.4   0.1    45   130     9    99     1   107 0.69 tr|A0A2I1WBW0|A0A2I1WBW0_9CORY Hemin transporter OS=Corynebacterium coyleae OX=53374 GN=CYJ45_06885 PE=3 SV=1
A0A1W2GDV4/33-134    -            102 seed_msa             -            157     0.011   15.6   0.0   1   1   0.00097     0.014   15.3   0.0    40   125     2    87     1   100 0.70 tr|A0A1W2GDV4|A0A1W2GDV4_9BACT Nitric oxide dioxygenase OS=Reichenbachiella faecimaris OX=692418 GN=SAMN04488029_2216 PE=3 SV=1
A0A094JEN3/26-129    -            104 seed_msa             -            157     0.011   15.6   0.1   1   1   0.00099     0.014   15.2   0.1    39   134     2    97     1   101 0.80 tr|A0A094JEN3|A0A094JEN3_9GAMM Dihydropteridine reductase OS=Shewanella mangrovi OX=1515746 GN=HR45_16115 PE=3 SV=1
D1P3S9/27-129        -            103 seed_msa             -            157     0.011   15.6   0.0   1   1   0.00087     0.013   15.4   0.0    39   110     2    76     1    96 0.80 tr|D1P3S9|D1P3S9_9GAMM Flavohemoprotein OS=Providencia rustigianii DSM 4541 OX=500637 GN=hmp PE=3 SV=1
A0A1A0DAD3/30-131    -            102 seed_msa             -            157     0.011   15.6   0.0   1   1    0.0022     0.032   14.1   0.0    39   142     2   101     1   101 0.74 tr|A0A1A0DAD3|A0A1A0DAD3_ACEPA Nitric oxide dioxygenase OS=Acetobacter pasteurianus OX=438 GN=yhb1 PE=3 SV=1
U2HCD6/26-131        -            106 seed_msa             -            157     0.011   15.6   0.2   1   1   0.00093     0.014   15.3   0.2    39   129     2    92     1   106 0.77 tr|U2HCD6|U2HCD6_9SPHI Uncharacterized protein OS=Sphingobacterium paucimobilis HER1398 OX=1346330 GN=M472_11585 PE=3 SV=1
A0A1H2LE26/26-131    -            106 seed_msa             -            157     0.011   15.6   0.0   1   1   0.00099     0.015   15.2   0.0    78   125    44    90     2   104 0.72 tr|A0A1H2LE26|A0A1H2LE26_9ACTN NAD(P)H-flavin reductase OS=Gordonia westfalica OX=158898 GN=SAMN04488548_136162 PE=3 SV=1
F6Q119/29-147        -            119 seed_msa             -            157     0.011   15.6   0.0   1   1    0.0014     0.021   14.7   0.0    79   125    59   104    24   117 0.82 tr|F6Q119|F6Q119_CIOIN GLOBIN domain-containing protein OS=Ciona intestinalis OX=7719 GN=hb3 PE=3 SV=1
G2FDP0/29-130        -            102 seed_msa             -            157     0.011   15.6   0.0   1   1   0.00087     0.013   15.4   0.0    42   120     5    79     1    97 0.75 tr|G2FDP0|G2FDP0_9GAMM Uncharacterized protein OS=endosymbiont of Tevnia jerichonana (vent Tica) OX=1049564 GN=TevJSym_af00600 PE=4 SV=1
A0A2G1CG86/26-129    -            104 seed_msa             -            157     0.011   15.6   0.8   1   1   0.00096     0.014   15.3   0.8    38   138     1    95     1   102 0.77 tr|A0A2G1CG86|A0A2G1CG86_9RHOB GLOBIN domain-containing protein OS=Rhodobacteraceae bacterium 4F10 OX=2045445 GN=CSC82_05405 PE=3 SV=1
A0A1X1EX00/27-130    -            104 seed_msa             -            157     0.012   15.5   0.0   1   1    0.0014      0.02   14.8   0.0    39   118     2    84     1    98 0.76 tr|A0A1X1EX00|A0A1X1EX00_PANCY Flavohemoprotein OS=Pantoea cypripedii OX=55209 GN=hmp PE=3 SV=1
A0A2D0IZH2/27-130    -            104 seed_msa             -            157     0.012   15.5   0.1   1   1     0.001     0.015   15.2   0.1    39   125     2    87     1   102 0.68 tr|A0A2D0IZH2|A0A2D0IZH2_XENBU Flavohemoprotein OS=Xenorhabdus budapestensis OX=290110 GN=hmp PE=3 SV=1
N4WZP8/32-137        -            106 seed_msa             -            157     0.012   15.5   0.1   1   1    0.0011     0.017   15.0   0.1    38   135     1    95     1   105 0.81 tr|N4WZP8|N4WZP8_9BACI Flavohemoprotein OS=Gracilibacillus halophilus YIM-C55.5 OX=1308866 GN=hmp PE=3 SV=1
E1SAS4/27-130        -            104 seed_msa             -            157     0.012   15.5   0.0   1   1    0.0012     0.017   15.0   0.0    39   119     2    85     1    98 0.79 tr|E1SAS4|E1SAS4_PANVC Flavohemoprotein OS=Pantoea vagans (strain C9-1) OX=712898 GN=hmp PE=3 SV=1
A0A2G2Q8N2/27-130    -            104 seed_msa             -            157     0.012   15.5   0.0   1   1   0.00098     0.014   15.3   0.0    39   116     2    82     1    97 0.82 tr|A0A2G2Q8N2|A0A2G2Q8N2_9GAMM Nitric oxide dioxygenase OS=Methylophaga sp. OX=2024840 GN=COB23_09775 PE=3 SV=1
W1JA53/27-129        -            103 seed_msa             -            157     0.012   15.5   0.1   1   1     0.001     0.015   15.2   0.1    39   124     2    86     1   101 0.68 tr|W1JA53|W1JA53_9GAMM Flavohemoprotein OS=Xenorhabdus cabanillasii JM26 OX=1427517 GN=hmp PE=3 SV=1
A0A191W8U6/27-127    -            101 seed_msa             -            157     0.012   15.5   0.3   1   1    0.0012     0.017   15.0   0.3    39   129     2    92     1   100 0.73 tr|A0A191W8U6|A0A191W8U6_VIBAN Flavohemoprotein OS=Vibrio anguillarum OX=55601 GN=hmp PE=3 SV=1
A0A1E5FQ90/27-127    -            101 seed_msa             -            157     0.012   15.5   0.3   1   1    0.0012     0.017   15.0   0.3    39   129     2    92     1   100 0.73 tr|A0A1E5FQ90|A0A1E5FQ90_VIBAN Flavohemoprotein OS=Vibrio anguillarum OX=55601 GN=hmp PE=3 SV=1
A0A233HMM9/27-127    -            101 seed_msa             -            157     0.012   15.5   0.3   1   1    0.0012     0.017   15.0   0.3    39   129     2    92     1   100 0.73 tr|A0A233HMM9|A0A233HMM9_9VIBR Flavohemoprotein OS=Vibrio sp. V15_P4S5T153 OX=1938669 GN=hmp PE=3 SV=1
A0A233IH64/27-127    -            101 seed_msa             -            157     0.012   15.5   0.3   1   1    0.0012     0.017   15.0   0.3    39   129     2    92     1   100 0.73 tr|A0A233IH64|A0A233IH64_9GAMM Flavohemoprotein OS=Vibrio sp. V03_P4A6T147 OX=1938658 GN=hmp PE=3 SV=1
A0A241PWN4/27-127    -            101 seed_msa             -            157     0.012   15.5   0.3   1   1    0.0012     0.017   15.0   0.3    39   129     2    92     1   100 0.73 tr|A0A241PWN4|A0A241PWN4_VIBAN Nitric oxide dioxygenase OS=Vibrio anguillarum OX=55601 GN=CEQ50_18995 PE=3 SV=1
A0A289GGT6/27-127    -            101 seed_msa             -            157     0.012   15.5   0.3   1   1    0.0012     0.017   15.0   0.3    39   129     2    92     1   100 0.73 tr|A0A289GGT6|A0A289GGT6_VIBAN Flavohemoprotein OS=Vibrio anguillarum OX=55601 GN=hmp PE=3 SV=1
C1AWQ8/29-134        -            106 seed_msa             -            157     0.012   15.5   0.1   1   1   0.00083     0.012   15.5   0.1    44   126     8    95     1   106 0.76 tr|C1AWQ8|C1AWQ8_RHOOB Putative oxidoreductase OS=Rhodococcus opacus (strain B4) OX=632772 GN=ROP_55840 PE=3 SV=1
B3LI06/27-132        -            106 seed_msa             -            157     0.012   15.5   0.0   1   1     0.001     0.015   15.2   0.0    39   125     2    91     1   104 0.82 tr|B3LI06|B3LI06_YEAS1 Bacterial hemoglobin OS=Saccharomyces cerevisiae (strain RM11-1a) OX=285006 GN=SCRG_00790 PE=3 SV=1
C7GNJ5/27-132        -            106 seed_msa             -            157     0.012   15.5   0.0   1   1     0.001     0.015   15.2   0.0    39   125     2    91     1   104 0.82 tr|C7GNJ5|C7GNJ5_YEAS2 Yhb1p OS=Saccharomyces cerevisiae (strain JAY291) OX=574961 GN=YHB1 PE=3 SV=1
A0A0D0F8U0/26-130    -            105 seed_msa             -            157     0.012   15.5   0.1   1   1    0.0012     0.018   15.0   0.1    39   122     2    88     1   103 0.76 tr|A0A0D0F8U0|A0A0D0F8U0_9SPHI Contig23, whole genome shotgun sequence OS=Pedobacter lusitanus OX=1503925 GN=TH53_05455 PE=3 SV=1
A0A0L8VQ21/27-131    -            105 seed_msa             -            157     0.012   15.5   0.0   1   1   0.00098     0.014   15.3   0.0    39   125     2    91     1   104 0.82 tr|A0A0L8VQ21|A0A0L8VQ21_9SACH YHB1p Nitric oxide oxidoreductase OS=Saccharomyces sp. 'boulardii' OX=252598 GN=KO01_01711 PE=3 SV=1
A6ZUP2/27-131        -            105 seed_msa             -            157     0.012   15.5   0.0   1   1   0.00098     0.014   15.3   0.0    39   125     2    91     1   104 0.82 tr|A6ZUP2|A6ZUP2_YEAS7 Flavohemoglobin OS=Saccharomyces cerevisiae (strain YJM789) OX=307796 GN=YHB1 PE=1 SV=1
B5VJH4/27-131        -            105 seed_msa             -            157     0.012   15.5   0.0   1   1   0.00098     0.014   15.3   0.0    39   125     2    91     1   104 0.82 tr|B5VJH4|B5VJH4_YEAS6 YGR234Wp-like protein OS=Saccharomyces cerevisiae (strain AWRI1631) OX=545124 GN=AWRI1631_74550 PE=3 SV=1
C8Z9C6/27-131        -            105 seed_msa             -            157     0.012   15.5   0.0   1   1   0.00098     0.014   15.3   0.0    39   125     2    91     1   104 0.82 tr|C8Z9C6|C8Z9C6_YEAS8 Yhb1p OS=Saccharomyces cerevisiae (strain Lalvin EC1118 / Prise de mousse) OX=643680 GN=EC1118_1G1_5677g PE=3 SV=1
G2WEW0/27-131        -            105 seed_msa             -            157     0.012   15.5   0.0   1   1   0.00098     0.014   15.3   0.0    39   125     2    91     1   104 0.82 tr|G2WEW0|G2WEW0_YEASK K7_Yhb1p OS=Saccharomyces cerevisiae (strain Kyokai no. 7 / NBRC 101557) OX=721032 GN=K7_YHB1 PE=3 SV=1
N1P4D4/27-131        -            105 seed_msa             -            157     0.012   15.5   0.0   1   1   0.00098     0.014   15.3   0.0    39   125     2    91     1   104 0.82 tr|N1P4D4|N1P4D4_YEASC Yhb1p OS=Saccharomyces cerevisiae (strain CEN.PK113-7D) OX=889517 GN=CENPK1137D_3199 PE=3 SV=1
P39676/27-131        -            105 seed_msa             -            157     0.012   15.5   0.0   1   1   0.00098     0.014   15.3   0.0    39   125     2    91     1   104 0.82 sp|P39676|FHP_YEAST Flavohemoprotein OS=Saccharomyces cerevisiae (strain ATCC 204508 / S288c) OX=559292 GN=YHB1 PE=1 SV=2
A0A1J5VCZ7/39-147    -            109 seed_msa             -            157     0.012   15.5   0.0   1   1   0.00089     0.013   15.4   0.0    57   142    27   105     1   109 0.69 tr|A0A1J5VCZ7|A0A1J5VCZ7_9CORY Hemin transporter OS=Corynebacterium sp. NML130628 OX=1906333 GN=BJP07_06420 PE=3 SV=1
A0A1J5VUF3/39-147    -            109 seed_msa             -            157     0.012   15.5   0.0   1   1   0.00089     0.013   15.4   0.0    57   142    27   105     1   109 0.69 tr|A0A1J5VUF3|A0A1J5VUF3_9CORY Hemin transporter OS=Corynebacterium sp. NML140438 OX=1906334 GN=BJP08_01855 PE=3 SV=1
A0A1I6WLE6/31-135    -            105 seed_msa             -            157     0.012   15.5   0.0   1   1     0.001     0.015   15.2   0.0    40   122     2    87     1   101 0.85 tr|A0A1I6WLE6|A0A1I6WLE6_9RHOB Nitric oxide dioxygenase OS=Yangia pacifica OX=311180 GN=SAMN04488050_12512 PE=4 SV=1
A0A0C2VQG8/27-132    -            106 seed_msa             -            157     0.013   15.4   0.2   1   1    0.0014      0.02   14.8   0.2    39   125     2    91     1   105 0.76 tr|A0A0C2VQG8|A0A0C2VQG8_9BACL Flavohemoprotein OS=Jeotgalibacillus campisalis OX=220754 GN=hmp PE=3 SV=1
A0A1M7FB72/26-127    -            102 seed_msa             -            157     0.013   15.4   0.0   1   1    0.0011     0.016   15.1   0.0    38   124     1    87     1   100 0.74 tr|A0A1M7FB72|A0A1M7FB72_9BURK Nitric oxide dioxygenase OS=Rhizobacter sp. OV335 OX=1500264 GN=SAMN02787076_00338 PE=3 SV=1
A0A0X8LJG7/27-127    -            101 seed_msa             -            157     0.013   15.4   0.5   1   1    0.0011     0.017   15.0   0.5    39   122     2    88     1   100 0.73 tr|A0A0X8LJG7|A0A0X8LJG7_VIBFL Flavohemoprotein OS=Vibrio fluvialis OX=676 GN=hmp PE=3 SV=1
S3CB17/29-134        -            106 seed_msa             -            157     0.013   15.4   0.0   1   1   0.00094     0.014   15.3   0.0    42   127     5    93     1   106 0.72 tr|S3CB17|S3CB17_OPHP1 Globin-like protein OS=Ophiostoma piceae (strain UAMH 11346) OX=1262450 GN=F503_06621 PE=3 SV=1
A0A1E5D4D8/27-126    -            100 seed_msa             -            157     0.013   15.4   0.5   1   1    0.0013     0.019   14.9   0.5    39   130     2    93     1    99 0.72 tr|A0A1E5D4D8|A0A1E5D4D8_9VIBR Flavohemoprotein OS=Vibrio genomosp. F6 str. FF-238 OX=1191298 GN=hmp PE=3 SV=1
A0A2E6RFZ3/26-123    -             98 seed_msa             -            157     0.013   15.4   0.0   1   1     0.001     0.015   15.2   0.0    42   103     6    67     1    81 0.81 tr|A0A2E6RFZ3|A0A2E6RFZ3_9GAMM GLOBIN domain-containing protein OS=Xanthomonadales bacterium OX=2006849 GN=CMP07_11145 PE=3 SV=1
A0A2I0FKY7/28-132    -            105 seed_msa             -            157     0.013   15.4   0.1   1   1    0.0013     0.019   14.8   0.1    39   125     1    90     1   102 0.78 tr|A0A2I0FKY7|A0A2I0FKY7_9BACL Flavohemoprotein OS=Planomicrobium sp. MB-3u-38 OX=2058318 GN=hmp PE=3 SV=1
A0A1X0WIG0/27-130    -            104 seed_msa             -            157     0.013   15.4   0.0   1   1     0.001     0.015   15.2   0.0    39   118     2    84     1    98 0.81 tr|A0A1X0WIG0|A0A1X0WIG0_9GAMM Flavohemoprotein OS=Rouxiella badensis OX=1646377 GN=hmp PE=3 SV=1
A0A0D1YM85/70-174    -            105 seed_msa             -            157     0.013   15.4   0.0   1   1    0.0012     0.018   14.9   0.0    39   122     2    88     1   104 0.71 tr|A0A0D1YM85|A0A0D1YM85_9EURO Uncharacterized protein OS=Exophiala sideris OX=1016849 GN=PV11_04311 PE=3 SV=1
A0A0T8PKT8/27-132    -            106 seed_msa             -            157     0.013   15.3   0.1   1   1    0.0014      0.02   14.8   0.1    38   138     1    98     1   103 0.66 tr|A0A0T8PKT8|A0A0T8PKT8_STREE Flavohemoprotein OS=Streptococcus pneumoniae OX=1313 GN=hmp PE=3 SV=1
A0A164SPG1/27-132    -            106 seed_msa             -            157     0.013   15.3   0.1   1   1    0.0014      0.02   14.8   0.1    38   138     1    98     1   103 0.66 tr|A0A164SPG1|A0A164SPG1_BACIU Flavohemoprotein OS=Bacillus subtilis OX=1423 GN=hmp PE=3 SV=1
A0A165AS42/27-132    -            106 seed_msa             -            157     0.013   15.3   0.1   1   1    0.0014      0.02   14.8   0.1    38   138     1    98     1   103 0.66 tr|A0A165AS42|A0A165AS42_BACIU Flavohemoprotein OS=Bacillus subtilis OX=1423 GN=hmp PE=3 SV=1
A0A1B2BB42/27-132    -            106 seed_msa             -            157     0.013   15.3   0.1   1   1    0.0014      0.02   14.8   0.1    38   138     1    98     1   103 0.66 tr|A0A1B2BB42|A0A1B2BB42_BACIU Flavohemoprotein OS=Bacillus subtilis subsp. subtilis OX=135461 GN=hmp PE=3 SV=1
A0A1J5X0W4/27-132    -            106 seed_msa             -            157     0.013   15.3   0.1   1   1    0.0014      0.02   14.8   0.1    38   138     1    98     1   103 0.66 tr|A0A1J5X0W4|A0A1J5X0W4_9BACI Flavohemoprotein OS=Bacillus sp. FMQ74 OX=1913579 GN=hmp PE=3 SV=1
G4EXB3/27-132        -            106 seed_msa             -            157     0.013   15.3   0.1   1   1    0.0014      0.02   14.8   0.1    38   138     1    98     1   103 0.66 tr|G4EXB3|G4EXB3_BACIU Flavohemoprotein OS=Bacillus subtilis subsp. subtilis str. SC-8 OX=1089443 GN=hmp PE=3 SV=1
I0F3B0/27-132        -            106 seed_msa             -            157     0.013   15.3   0.1   1   1    0.0014      0.02   14.8   0.1    38   138     1    98     1   103 0.66 tr|I0F3B0|I0F3B0_9BACI Flavohemoprotein OS=Bacillus sp. JS OX=1127744 GN=hmp PE=3 SV=1
L8AF72/27-132        -            106 seed_msa             -            157     0.013   15.3   0.1   1   1    0.0014      0.02   14.8   0.1    38   138     1    98     1   103 0.66 tr|L8AF72|L8AF72_BACIU Flavohemoprotein OS=Bacillus subtilis BEST7613 OX=1204343 GN=hmp PE=3 SV=1
P49852/27-132        -            106 seed_msa             -            157     0.013   15.3   0.1   1   1    0.0014      0.02   14.8   0.1    38   138     1    98     1   103 0.66 sp|P49852|HMP_BACSU Flavohemoprotein OS=Bacillus subtilis (strain 168) OX=224308 GN=hmp PE=2 SV=1
U1ZDX7/27-132        -            106 seed_msa             -            157     0.013   15.3   0.1   1   1    0.0014      0.02   14.8   0.1    38   138     1    98     1   103 0.66 tr|U1ZDX7|U1ZDX7_9BACI Flavohemoprotein OS=Bacillus sp. EGD-AK10 OX=1386080 GN=hmp PE=3 SV=1
C3Y0P3/58-171        -            114 seed_msa             -            157     0.014   15.3   0.1   1   1    0.0022     0.033   14.1   0.1    80   125    55   101    11   113 0.68 tr|C3Y0P3|C3Y0P3_BRAFL GLOBIN domain-containing protein OS=Branchiostoma floridae OX=7739 GN=BRAFLDRAFT_99970 PE=3 SV=1
A0A0L8RKQ0/27-132    -            106 seed_msa             -            157     0.014   15.3   0.0   1   1    0.0011     0.017   15.0   0.0    39   125     2    91     1   104 0.82 tr|A0A0L8RKQ0|A0A0L8RKQ0_SACEU YHB1-like protein OS=Saccharomyces eubayanus OX=1080349 GN=DI49_2198 PE=3 SV=1
A0A0K0EAT9/132-245   -            114 seed_msa             -            157     0.014   15.3   0.0   1   1   0.00096     0.014   15.3   0.0    74   122    50    98    11   111 0.82 tr|A0A0K0EAT9|A0A0K0EAT9_STRER GLOBIN domain-containing protein OS=Strongyloides stercoralis OX=6248 PE=3 SV=1
A0A0T9J2F9/27-130    -            104 seed_msa             -            157     0.014   15.3   0.0   1   1    0.0011     0.017   15.0   0.0    39   104     2    70     1    98 0.79 tr|A0A0T9J2F9|A0A0T9J2F9_YERPU Flavohemoprotein OS=Yersinia pseudotuberculosis OX=633 GN=hmp PE=3 SV=1
Q70T62/29-147        -            119 seed_msa             -            157     0.014   15.3   0.0   1   1    0.0018     0.026   14.4   0.0    79   125    59   104    24   115 0.82 tr|Q70T62|Q70T62_CIOIN Globin OS=Ciona intestinalis OX=7719 GN=hb3 PE=2 SV=1
A0A059IUM5/31-134    -            104 seed_msa             -            157     0.014   15.3   0.0   1   1    0.0013     0.019   14.8   0.0    40   123     2    88     1   101 0.81 tr|A0A059IUM5|A0A059IUM5_9RHOB Dihydropteridine reductase OS=Defluviimonas sp. 20V17 OX=1417296 GN=U879_00020 PE=4 SV=1
A0A009Z788/27-130    -            104 seed_msa             -            157     0.014   15.2   0.0   1   1    0.0011     0.016   15.1   0.0    39   119     1    84     1   102 0.84 tr|A0A009Z788|A0A009Z788_9GAMM Globin family protein OS=Acinetobacter sp. 479375 OX=1310601 GN=J500_1533 PE=3 SV=1
N9C478/27-130        -            104 seed_msa             -            157     0.014   15.2   0.0   1   1    0.0011     0.016   15.1   0.0    39   119     1    84     1   102 0.84 tr|N9C478|N9C478_9GAMM GLOBIN domain-containing protein OS=Acinetobacter ursingii ANC 3649 OX=1257043 GN=F942_00810 PE=3 SV=1
N9QVT6/27-130        -            104 seed_msa             -            157     0.014   15.2   0.0   1   1    0.0011     0.016   15.1   0.0    39   119     1    84     1   102 0.84 tr|N9QVT6|N9QVT6_9GAMM GLOBIN domain-containing protein OS=Acinetobacter ursingii NIPH 706 OX=1217716 GN=F943_00894 PE=3 SV=1
A0A1U9NY04/23-128    -            106 seed_msa             -            157     0.015   15.2   0.0   1   1    0.0011     0.016   15.1   0.0    39   117     2    82     1   103 0.83 tr|A0A1U9NY04|A0A1U9NY04_9ACTN Flavohemoprotein OS=Streptomyces sp. fd1-xmd OX=1812480 GN=B1K54_15120 PE=3 SV=1
A0A2G2EMJ0/42-144    -            103 seed_msa             -            157     0.015   15.2   0.4   1   1    0.0011     0.017   15.0   0.4    39   124     2    87     1   100 0.75 tr|A0A2G2EMJ0|A0A2G2EMJ0_9GAMM Uncharacterized protein OS=Methylophaga sp. OX=2024840 GN=COA34_12455 PE=3 SV=1
E9EIN2/30-134        -            105 seed_msa             -            157     0.015   15.2   0.1   1   1    0.0032     0.047   13.6   0.1    38   125     1    91     1   105 0.73 tr|E9EIN2|E9EIN2_METAQ Flavohemoglobin OS=Metarhizium acridum (strain CQMa 102) OX=655827 GN=MAC_09730 PE=3 SV=1
A0A239M371/26-130    -            105 seed_msa             -            157     0.015   15.2   0.1   1   1    0.0012     0.017   15.0   0.1    82   130    48    93     1   104 0.76 tr|A0A239M371|A0A239M371_9BACT Flavohemoprotein OS=Pontibacter ummariensis OX=1610492 GN=hmp PE=3 SV=1
A0A1U7IU07/25-127    -            103 seed_msa             -            157     0.015   15.2   0.3   1   1    0.0011     0.016   15.1   0.3    39   126     2    91     1   103 0.83 tr|A0A1U7IU07|A0A1U7IU07_9CYAN GLOBIN domain-containing protein OS=Phormidium ambiguum IAM M-71 OX=454136 GN=NIES2119_01125 PE=3 SV=1
A0A0Q0X166/27-132    -            106 seed_msa             -            157     0.015   15.2   0.0   1   1    0.0011     0.016   15.1   0.0    84   125    49    90     1   104 0.70 tr|A0A0Q0X166|A0A0Q0X166_9FLAO Globin domain-containing protein OS=Flavobacterium daejeonense OX=350893 GN=RCH33_1493 PE=3 SV=1
A0A1B9R484/26-131    -            106 seed_msa             -            157     0.015   15.1   0.1   1   1    0.0012     0.018   15.0   0.1    71   115    37    81     2   104 0.69 tr|A0A1B9R484|A0A1B9R484_9ACTN Oxidoreductase OS=Gordonia sp. UCD-TK1 OX=1857893 GN=A9310_08625 PE=3 SV=1
A0A1C2B8U8/26-131    -            106 seed_msa             -            157     0.015   15.1   0.1   1   1    0.0012     0.018   15.0   0.1    71   115    37    81     2   104 0.69 tr|A0A1C2B8U8|A0A1C2B8U8_NOCFR Oxidoreductase OS=Nocardia farcinica OX=37329 GN=A8M60_02280 PE=3 SV=1
A0A1C3YU37/26-131    -            106 seed_msa             -            157     0.015   15.1   0.1   1   1    0.0012     0.018   15.0   0.1    71   115    37    81     2   104 0.69 tr|A0A1C3YU37|A0A1C3YU37_9ACTN NAD(P)H-flavin reductase OS=Gordonia sp. v-85 OX=1761786 GN=GA0061091_101108 PE=3 SV=1
A0A1Y2TB56/29-133    -            105 seed_msa             -            157     0.016   15.1   0.0   1   1    0.0013      0.02   14.8   0.0    39   109     2    75     1   103 0.73 tr|A0A1Y2TB56|A0A1Y2TB56_9PEZI Globin-like protein OS=Hypoxylon sp. EC38 OX=1001937 GN=K449DRAFT_339416 PE=3 SV=1
U2NQK0/27-130        -            104 seed_msa             -            157     0.016   15.1   0.0   1   1    0.0026     0.038   13.9   0.0    39   118     2    84     1    98 0.73 tr|U2NQK0|U2NQK0_9GAMM Flavohemoprotein OS=Pantoea sp. AS-PWVM4 OX=1332069 GN=hmp PE=3 SV=1
G7YU78/29-141        -            113 seed_msa             -            157     0.016   15.1   0.0   1   1    0.0014     0.021   14.7   0.0    43   129     7   106     2   111 0.88 tr|G7YU78|G7YU78_CLOSI Ataxia telangiectasia mutated family protein OS=Clonorchis sinensis OX=79923 GN=CLF_111028 PE=3 SV=1
A0A0B5WVX9/28-132    -            105 seed_msa             -            157     0.016   15.1   0.1   1   1    0.0016     0.024   14.5   0.1    43   125     6    90     1   103 0.79 tr|A0A0B5WVX9|A0A0B5WVX9_BACCO Flavohemoprotein OS=Bacillus coagulans DSM 1 = ATCC 7050 OX=1121088 GN=hmp PE=3 SV=1
A0A150K8I4/28-132    -            105 seed_msa             -            157     0.016   15.1   0.1   1   1    0.0016     0.024   14.5   0.1    43   125     6    90     1   103 0.79 tr|A0A150K8I4|A0A150K8I4_BACCO Flavohemoprotein OS=Bacillus coagulans OX=1398 GN=hmp PE=3 SV=1
G2TLI6/28-132        -            105 seed_msa             -            157     0.016   15.1   0.1   1   1    0.0016     0.024   14.5   0.1    43   125     6    90     1   103 0.79 tr|G2TLI6|G2TLI6_BACCO Flavohemoprotein OS=Bacillus coagulans 36D1 OX=345219 GN=hmp PE=3 SV=1
A0A1R4B0Z5/26-130    -            105 seed_msa             -            157     0.016   15.1   0.5   1   1    0.0013     0.018   14.9   0.5    39   132     2    95     1   104 0.79 tr|A0A1R4B0Z5|A0A1R4B0Z5_9VIBR Flavohemoprotein OS=Vibrio palustris OX=1918946 GN=hmp PE=3 SV=1
A0A2E7K5U0/25-127    -            103 seed_msa             -            157     0.016   15.1   0.0   1   1    0.0012     0.018   15.0   0.0    38   131     1    92     1   103 0.84 tr|A0A2E7K5U0|A0A2E7K5U0_9PLAN Uncharacterized protein OS=Gimesia sp. OX=2024833 GN=CME32_01920 PE=4 SV=1
A0A0M4FU27/27-132    -            106 seed_msa             -            157     0.016   15.1   0.0   1   1    0.0019     0.028   14.3   0.0    39   118     2    84     1   102 0.70 tr|A0A0M4FU27|A0A0M4FU27_9BACI Flavohemoprotein OS=Bacillus sp. FJAT-22090 OX=1581038 GN=hmp PE=3 SV=1
A0A0Q3RYE1/27-132    -            106 seed_msa             -            157     0.016   15.1   0.0   1   1    0.0019     0.028   14.3   0.0    39   118     2    84     1   102 0.70 tr|A0A0Q3RYE1|A0A0Q3RYE1_9BACI Flavohemoprotein OS=Psychrobacillus sp. FJAT-21963 OX=1712028 GN=hmp PE=3 SV=1
E6WF30/27-130        -            104 seed_msa             -            157     0.016   15.1   0.0   1   1    0.0027     0.039   13.8   0.0    39   120     2    85     1    99 0.71 tr|E6WF30|E6WF30_PANSA Flavohemoprotein OS=Pantoea sp. (strain At-9b) OX=592316 GN=hmp PE=3 SV=1
A0A1N6RWM0/39-147    -            109 seed_msa             -            157     0.016   15.1   0.1   1   1    0.0013     0.019   14.9   0.1    45   135     9   101     1   107 0.67 tr|A0A1N6RWM0|A0A1N6RWM0_9CORY Nitric oxide dioxygenase OS=Corynebacterium afermentans OX=38286 GN=SAMN05421802_11152 PE=3 SV=1
R1F7K1/45-150        -            106 seed_msa             -            157     0.017   15.1   0.0   1   1    0.0011     0.017   15.1   0.0    85   114    53    82     1   105 0.82 tr|R1F7K1|R1F7K1_EMIHU Putative nitric oxide dioxygenase OS=Emiliania huxleyi OX=2903 GN=EMIHUDRAFT_222099 PE=3 SV=1
A0A0U2YXR0/27-132    -            106 seed_msa             -            157     0.017   15.0   0.0   1   1    0.0016     0.023   14.6   0.0    38   125     1    91     1   105 0.76 tr|A0A0U2YXR0|A0A0U2YXR0_9BACL Flavohemoprotein OS=Planococcus kocurii OX=1374 GN=hmp PE=3 SV=1
A0A0A1UQ23/30-134    -            105 seed_msa             -            157     0.017   15.0   0.2   1   1    0.0025     0.037   13.9   0.2    38   125     1    91     1   104 0.75 tr|A0A0A1UQ23|A0A0A1UQ23_9HYPO Bifunctional nitric oxide dioxygenase/dihydropteridine reductase 2 domain protein OS=Metarhizium robertsii OX=568076 GN=X797_009117 PE=3 SV=1
A0A0B4EVF2/30-134    -            105 seed_msa             -            157     0.017   15.0   0.2   1   1    0.0025     0.037   13.9   0.2    38   125     1    91     1   104 0.75 tr|A0A0B4EVF2|A0A0B4EVF2_METAF Flavohemoglobin (Fragment) OS=Metarhizium anisopliae (strain ARSEF 549) OX=1276135 GN=MAN_10523 PE=3 SV=1
E9F690/30-134        -            105 seed_msa             -            157     0.017   15.0   0.2   1   1    0.0025     0.037   13.9   0.2    38   125     1    91     1   104 0.75 tr|E9F690|E9F690_METRA Globin, subset OS=Metarhizium robertsii (strain ARSEF 23 / ATCC MYA-3075) OX=655844 GN=MAA_07789 PE=3 SV=1
A0A239V744/27-134    -            108 seed_msa             -            157     0.017   15.0   0.0   1   1    0.0014      0.02   14.8   0.0    42   124     6    92     1   107 0.79 tr|A0A239V744|A0A239V744_9MICO Nitric oxide dioxygenase OS=Dermatophilus congolensis OX=1863 GN=hmp PE=3 SV=1
G4QHE2/27-129        -            103 seed_msa             -            157     0.017   15.0   0.0   1   1    0.0013     0.019   14.9   0.0    73   138    37    97     1   100 0.68 tr|G4QHE2|G4QHE2_GLANF Methyl-accepting chemotaxis protein OS=Glaciecola nitratireducens (strain JCM 12485 / KCTC 12276 / FR1064) OX=1085623 GN=mcp PE=4 SV=1
I3EA62/27-132        -            106 seed_msa             -            157     0.017   15.0   0.2   1   1    0.0015     0.022   14.7   0.2    41   123     5    89     1   102 0.80 tr|I3EA62|I3EA62_BACMM Flavohemoprotein OS=Bacillus methanolicus (strain MGA3 / ATCC 53907) OX=796606 GN=hmp PE=3 SV=1
A0A1T3CJQ2/29-133    -            105 seed_msa             -            157     0.018   14.9   0.0   1   1    0.0014      0.02   14.8   0.0    39   106     2    72     1   100 0.82 tr|A0A1T3CJQ2|A0A1T3CJQ2_9HYPO Flavohemoglobin OS=Trichoderma guizhouense OX=1491466 GN=A0O28_0080480 PE=3 SV=1
A0A0B4F7H1/30-134    -            105 seed_msa             -            157     0.018   14.9   0.2   1   1    0.0027      0.04   13.8   0.2    38   125     1    91     1   104 0.75 tr|A0A0B4F7H1|A0A0B4F7H1_METBS Flavohemoglobin (Fragment) OS=Metarhizium brunneum (strain ARSEF 3297) OX=1276141 GN=MBR_10175 PE=3 SV=1
A0A0B4H0M4/30-134    -            105 seed_msa             -            157     0.018   14.9   0.2   1   1    0.0027      0.04   13.8   0.2    38   125     1    91     1   104 0.75 tr|A0A0B4H0M4|A0A0B4H0M4_METGA Flavohemoglobin OS=Metarhizium guizhouense (strain ARSEF 977) OX=1276136 GN=MGU_09339 PE=3 SV=1
A0A0B4H927/30-134    -            105 seed_msa             -            157     0.018   14.9   0.2   1   1    0.0027      0.04   13.8   0.2    38   125     1    91     1   104 0.75 tr|A0A0B4H927|A0A0B4H927_METMF Flavohemoglobin (Fragment) OS=Metarhizium majus (strain ARSEF 297) OX=1276143 GN=MAJ_07870 PE=3 SV=1
A0A1L9T7L7/51-154    -            104 seed_msa             -            157     0.018   14.9   0.0   1   1    0.0016     0.024   14.5   0.0    39   118     1    83     1   102 0.75 tr|A0A1L9T7L7|A0A1L9T7L7_9EURO Uncharacterized protein OS=Aspergillus sydowii CBS 593.65 OX=1036612 GN=ASPSYDRAFT_158001 PE=3 SV=1
A0A1Y5HRR3/27-129    -            103 seed_msa             -            157     0.018   14.9   0.0   1   1    0.0014     0.021   14.7   0.0    39   118     1    80     1   100 0.72 tr|A0A1Y5HRR3|A0A1Y5HRR3_OLEAN Hemin receptor OS=Oleispira antarctica OX=188908 GN=A9R00_08280 PE=3 SV=1
A0A0L7SZ24/27-130    -            104 seed_msa             -            157     0.019   14.9   0.0   1   1    0.0015     0.022   14.7   0.0    39   115     2    81     1    98 0.78 tr|A0A0L7SZ24|A0A0L7SZ24_9GAMM Flavohemoprotein OS=Erwinia iniecta OX=1560201 GN=hmp PE=3 SV=1
A0A1H8DCN6/27-132    -            106 seed_msa             -            157     0.019   14.9   0.1   1   1    0.0026     0.038   13.9   0.1    39   118     2    84     1   102 0.70 tr|A0A1H8DCN6|A0A1H8DCN6_9BACL Flavohemoprotein OS=Paenisporosarcina quisquiliarum OX=365346 GN=hmp PE=3 SV=1
A0A1I4UGE0/27-132    -            106 seed_msa             -            157     0.019   14.9   0.1   1   1    0.0026     0.038   13.9   0.1    39   118     2    84     1   102 0.70 tr|A0A1I4UGE0|A0A1I4UGE0_9BACI Flavohemoprotein OS=Psychrobacillus psychrodurans OX=126157 GN=hmp PE=3 SV=1
A0A1I5ZNH5/27-132    -            106 seed_msa             -            157     0.019   14.9   0.1   1   1    0.0026     0.038   13.9   0.1    39   118     2    84     1   102 0.70 tr|A0A1I5ZNH5|A0A1I5ZNH5_9BACI Flavohemoprotein OS=Psychrobacillus psychrotolerans OX=126156 GN=hmp PE=3 SV=1
A0A1U7IDG3/27-131    -            105 seed_msa             -            157     0.019   14.9   0.6   1   1    0.0019     0.027   14.3   0.6    44   136     8   103     2   105 0.84 tr|A0A1U7IDG3|A0A1U7IDG3_9NOSO Bacitracin resistance protein BacA OS=Nostoc calcicola FACHB-389 OX=1357508 GN=FACHB389_14150 PE=3 SV=1
A8LLN0/27-127        -            101 seed_msa             -            157     0.019   14.8   0.0   1   1    0.0013     0.019   14.8   0.0    57   133    18    93     1   100 0.74 tr|A8LLN0|A8LLN0_DINSH Putative flavohemoglobin OS=Dinoroseobacter shibae (strain DSM 16493 / NCIMB 14021 / DFL 12) OX=398580 GN=Dshi_1666 PE=3 SV=1
A0A0U2ZEM1/28-132    -            105 seed_msa             -            157     0.019   14.8   0.0   1   1    0.0021     0.031   14.1   0.0    39   125     1    90     1   102 0.74 tr|A0A0U2ZEM1|A0A0U2ZEM1_9BACL Flavohemoprotein OS=Planococcus kocurii OX=1374 GN=hmp PE=3 SV=1
A0A0K0F0D4/131-245   -            115 seed_msa             -            157     0.019   14.8   0.1   1   1    0.0013     0.019   14.8   0.1    65   112    37    88     4   110 0.82 tr|A0A0K0F0D4|A0A0K0F0D4_STRVS GLOBIN domain-containing protein OS=Strongyloides venezuelensis OX=75913 PE=3 SV=1
A0A0A2DHG2/40-147    -            108 seed_msa             -            157     0.019   14.8   0.0   1   1    0.0018     0.026   14.4   0.0    76   125    44    93     2   107 0.77 tr|A0A0A2DHG2|A0A0A2DHG2_9CORY Hemin transporter OS=Corynebacterium auriscanis OX=99807 GN=MA47_06610 PE=3 SV=1
A0A1Y5RBW1/26-129    -            104 seed_msa             -            157     0.019   14.8   0.3   1   1    0.0014     0.021   14.7   0.3    63   140    25   101     1   103 0.82 tr|A0A1Y5RBW1|A0A1Y5RBW1_9RHOB Bacterial hemoglobin OS=Ruegeria litorea R37 OX=1200284 GN=vhb PE=3 SV=1
A0A1D8T273/35-138    -            104 seed_msa             -            157     0.019   14.8   0.0   1   1    0.0014     0.021   14.7   0.0    85   139    47    96     2   102 0.74 tr|A0A1D8T273|A0A1D8T273_9NOCA Flavoprotein OS=Rhodococcus sp. WMMA185 OX=679318 GN=BFN03_01275 PE=3 SV=1
A0A2I1R524/26-131    -            106 seed_msa             -            157     0.019   14.8   0.1   1   1    0.0015     0.022   14.7   0.1    71   114    37    80     2   104 0.70 tr|A0A2I1R524|A0A2I1R524_9ACTN Oxidoreductase OS=Gordonia terrae OX=2055 GN=CYJ73_17850 PE=3 SV=1
B7FYB0/31-143        -            113 seed_msa             -            157     0.019   14.8   0.0   1   1    0.0019     0.027   14.3   0.0    43   123     6   101     1   113 0.72 tr|B7FYB0|B7FYB0_PHATC Predicted protein OS=Phaeodactylum tricornutum (strain CCAP 1055/1) OX=556484 GN=PHATRDRAFT_45621 PE=3 SV=1
A0A0N1KIA2/27-129    -            103 seed_msa             -            157      0.02   14.8   0.0   1   1    0.0015     0.023   14.6   0.0    39   110     2    76     1    96 0.80 tr|A0A0N1KIA2|A0A0N1KIA2_9GAMM Flavohemoprotein OS=Moellerella wisconsensis ATCC 35017 OX=1354267 GN=hmp PE=3 SV=1
A0A178ZLR6/58-162    -            105 seed_msa             -            157      0.02   14.8   0.0   1   1    0.0016     0.024   14.5   0.0    39   125     2    91     1   104 0.75 tr|A0A178ZLR6|A0A178ZLR6_9EURO Uncharacterized protein OS=Fonsecaea erecta OX=1367422 GN=AYL99_05348 PE=3 SV=1
S6CY97/30-131        -            102 seed_msa             -            157      0.02   14.8   0.0   1   1    0.0059     0.087   12.7   0.0    39   142     2   101     1   101 0.73 tr|S6CY97|S6CY97_ACEPA Flavohemoprotein/globin OS=Acetobacter pasteurianus 386B OX=1266844 GN=hmp PE=3 SV=1
A0A2J9VKZ5/27-127    -            101 seed_msa             -            157      0.02   14.8   1.0   1   1    0.0019     0.027   14.3   1.0    39   124     2    90     1   100 0.76 tr|A0A2J9VKZ5|A0A2J9VKZ5_VIBMI Flavohemoprotein OS=Vibrio mimicus OX=674 GN=hmp PE=3 SV=1
D0IH69/27-127        -            101 seed_msa             -            157      0.02   14.8   1.0   1   1    0.0019     0.027   14.3   1.0    39   124     2    90     1   100 0.76 tr|D0IH69|D0IH69_9VIBR Flavohemoprotein OS=Vibrio sp. RC586 OX=675815 GN=hmp PE=3 SV=1
D2YC43/27-127        -            101 seed_msa             -            157      0.02   14.8   1.0   1   1    0.0019     0.027   14.3   1.0    39   124     2    90     1   100 0.76 tr|D2YC43|D2YC43_VIBMI Flavohemoprotein OS=Vibrio mimicus VM603 OX=671074 GN=hmpA PE=3 SV=1
A0A1S1EIU4/39-147    -            109 seed_msa             -            157      0.02   14.8   0.1   1   1    0.0015     0.022   14.6   0.1    45   135     9   101     1   107 0.66 tr|A0A1S1EIU4|A0A1S1EIU4_9CORY Hemin transporter OS=Corynebacterium sp. HMSC034A01 OX=1739295 GN=HMPREF2791_00415 PE=3 SV=1
A0A1C6U4N0/27-129    -            103 seed_msa             -            157      0.02   14.8   0.0   1   1    0.0017     0.026   14.4   0.0    39   111     2    79     1   102 0.77 tr|A0A1C6U4N0|A0A1C6U4N0_9ACTN Nitric oxide dioxygenase OS=Micromonospora citrea OX=47855 GN=GA0070606_1378 PE=3 SV=1
A0A0U2W919/75-180    -            106 seed_msa             -            157      0.02   14.8   0.7   1   1    0.0018     0.027   14.4   0.7    39   131     2    94     1   104 0.72 tr|A0A0U2W919|A0A0U2W919_9BACL Flavohemoprotein OS=Paenibacillus naphthalenovorans OX=162209 GN=hmp PE=3 SV=1
A0A0D2GWB2/59-163    -            105 seed_msa             -            157      0.02   14.8   0.0   1   1    0.0017     0.025   14.5   0.0    39   124     2    90     1   104 0.73 tr|A0A0D2GWB2|A0A0D2GWB2_9EURO Unplaced genomic scaffold supercont1.1, whole genome shotgun sequence OS=Fonsecaea pedrosoi CBS 271.37 OX=1442368 GN=Z517_00688 PE=3 SV=1
A0A177EWS2/59-163    -            105 seed_msa             -            157      0.02   14.8   0.0   1   1    0.0017     0.025   14.5   0.0    39   124     2    90     1   104 0.73 tr|A0A177EWS2|A0A177EWS2_9EURO Uncharacterized protein OS=Fonsecaea monophora OX=254056 GN=AYO21_09988 PE=3 SV=1
A0A178DAH8/59-163    -            105 seed_msa             -            157      0.02   14.8   0.0   1   1    0.0017     0.025   14.5   0.0    39   124     2    90     1   104 0.73 tr|A0A178DAH8|A0A178DAH8_9EURO Uncharacterized protein OS=Fonsecaea nubica OX=856822 GN=AYO20_02302 PE=3 SV=1
A0A061H6I6/28-131    -            104 seed_msa             -            157      0.02   14.8   0.0   1   1    0.0015     0.022   14.7   0.0    39   122     2    88     1   103 0.83 tr|A0A061H6I6|A0A061H6I6_9BASI Uncharacterized protein OS=Anthracocystis flocculosa PF-1 OX=1277687 GN=PFL1_06156 PE=3 SV=1
A0A2D0IRF8/27-130    -            104 seed_msa             -            157      0.02   14.8   0.0   1   1    0.0018     0.026   14.4   0.0    39   124     2    86     1   101 0.69 tr|A0A2D0IRF8|A0A2D0IRF8_9GAMM Flavohemoprotein OS=Xenorhabdus ehlersii OX=290111 GN=hmp PE=3 SV=1
M4KXM2/27-132        -            106 seed_msa             -            157      0.02   14.8   0.1   1   1     0.002      0.03   14.2   0.1    39   138     2    98     1   103 0.66 tr|M4KXM2|M4KXM2_BACIU Flavohemoprotein OS=Bacillus subtilis XF-1 OX=1233100 GN=hmp PE=3 SV=1
A0A1Y2S9A7/27-130    -            104 seed_msa             -            157      0.02   14.8   0.0   1   1    0.0017     0.025   14.5   0.0    39   114     2    80     1    99 0.73 tr|A0A1Y2S9A7|A0A1Y2S9A7_9GAMM Flavohemoprotein OS=Xenorhabdus vietnamensis OX=351656 GN=hmp PE=3 SV=1
A0A0H3DTT2/27-128    -            102 seed_msa             -            157      0.02   14.8   0.0   1   1    0.0015     0.023   14.6   0.0    39   118     2    80     1    97 0.76 tr|A0A0H3DTT2|A0A0H3DTT2_EDWTF Flavohemoprotein OS=Edwardsiella tarda (strain FL6-60) OX=718251 GN=hmp PE=3 SV=1
D0ZD93/27-128        -            102 seed_msa             -            157      0.02   14.8   0.0   1   1    0.0015     0.023   14.6   0.0    39   118     2    80     1    97 0.76 tr|D0ZD93|D0ZD93_EDWTE Flavohemoprotein OS=Edwardsiella tarda (strain EIB202) OX=498217 GN=hmpX PE=3 SV=1
A0A0D8BIE1/27-134    -            108 seed_msa             -            157     0.021   14.7   0.0   1   1    0.0016     0.023   14.6   0.0    44   118     8    86     1   106 0.80 tr|A0A0D8BIE1|A0A0D8BIE1_9ACTN Hemoglobin-like flavoprotein OS=Frankia torreyi OX=1856 GN=FF36_01763 PE=3 SV=1
A0A0Q1D7L8/27-134    -            108 seed_msa             -            157     0.021   14.7   0.0   1   1    0.0016     0.023   14.6   0.0    44   118     8    86     1   106 0.80 tr|A0A0Q1D7L8|A0A0Q1D7L8_9ACTN Hemin transporter OS=Frankia sp. ACN1ag OX=102891 GN=UK82_02695 PE=3 SV=1
A0A1H5HRU4/29-134    -            106 seed_msa             -            157     0.021   14.7   0.0   1   1    0.0014     0.021   14.7   0.0    44   126     8    95     1   106 0.75 tr|A0A1H5HRU4|A0A1H5HRU4_9NOCA NAD(P)H-flavin reductase OS=Rhodococcus jostii OX=132919 GN=SAMN04490220_7321 PE=3 SV=1
A0A090LNZ5/134-248   -            115 seed_msa             -            157     0.021   14.7   0.1   1   1    0.0014     0.021   14.7   0.1    68   120    46    96     3   113 0.80 tr|A0A090LNZ5|A0A090LNZ5_STRRB Globin family and Globin-like domain and Globin, structural domain-containing protein OS=Strongyloides ratti OX=34506 GN=SRAE_X000090400 PE=3 SV=1
D6YUM9/28-131        -            104 seed_msa             -            157     0.021   14.7   0.0   1   1    0.0017     0.025   14.5   0.0    39   125     1    90     1   101 0.82 tr|D6YUM9|D6YUM9_WADCW Flavohemoprotein OS=Waddlia chondrophila (strain ATCC VR-1470 / WSU 86-1044) OX=716544 GN=hmp PE=3 SV=1
F8LET6/44-147        -            104 seed_msa             -            157     0.021   14.7   0.0   1   1    0.0017     0.025   14.5   0.0    39   125     1    90     1   101 0.82 tr|F8LET6|F8LET6_9BACT Flavohemoprotein OS=Waddlia chondrophila 2032/99 OX=765953 GN=hmp PE=3 SV=1
A0A1F1L562/44-148    -            105 seed_msa             -            157     0.021   14.7   0.0   1   1    0.0017     0.025   14.5   0.0    83   125    49    91     7   104 0.85 tr|A0A1F1L562|A0A1F1L562_9ACTN Hemin transporter OS=Dietzia sp. HMSC21D01 OX=1581054 GN=HMPREF3086_04215 PE=4 SV=1
W0C9Y6/44-148        -            105 seed_msa             -            157     0.021   14.7   0.0   1   1    0.0017     0.025   14.5   0.0    83   125    49    91     7   104 0.85 tr|W0C9Y6|W0C9Y6_DIESD Putative nitric oxide dioxygenase OS=Dietzia sp. (strain D5) OX=1408143 PE=4 SV=1
A0A0L7YV00/27-127    -            101 seed_msa             -            157     0.021   14.7   0.2   1   1    0.0019     0.028   14.3   0.2    39   125     2    91     1   100 0.81 tr|A0A0L7YV00|A0A0L7YV00_VIBAL Dihydropteridine reductase OS=Vibrio alginolyticus OX=663 GN=ACS86_13280 PE=3 SV=1
A0A1A5XDX5/27-132    -            106 seed_msa             -            157     0.022   14.7   0.1   1   1    0.0022     0.033   14.1   0.1    39   122     2    88     1   103 0.71 tr|A0A1A5XDX5|A0A1A5XDX5_9BACL Nitric oxide dioxygenase (Fragment) OS=Brevibacillus sp. WF146 OX=319501 GN=A6764_13470 PE=3 SV=1
A0A1I1PJK0/28-130    -            103 seed_msa             -            157     0.022   14.7   0.1   1   1    0.0019     0.028   14.3   0.1    40   122     2    87     1   101 0.81 tr|A0A1I1PJK0|A0A1I1PJK0_9GAMM Nitric oxide dioxygenase OS=Pseudoalteromonas denitrificans DSM 6059 OX=1123010 GN=SAMN02745724_03480 PE=3 SV=1
W4LBL3/58-161        -            104 seed_msa             -            157     0.022   14.6   0.0   1   1    0.0016     0.024   14.5   0.0    39   126     1    89     1   101 0.81 tr|W4LBL3|W4LBL3_9BACT GLOBIN domain-containing protein OS=Candidatus Entotheonella factor OX=1429438 GN=ETSY1_31250 PE=3 SV=1
A0A1V3N5N6/26-130    -            105 seed_msa             -            157     0.022   14.6   0.5   1   1     0.002     0.029   14.3   0.5    39   129     2    92     1   104 0.71 tr|A0A1V3N5N6|A0A1V3N5N6_9SPHI Nitric oxide dioxygenase OS=Sphingobacterium sp. CZ-UAM OX=1933868 GN=BWD42_09340 PE=3 SV=1
E3BJN9/27-126        -            100 seed_msa             -            157     0.022   14.6   1.1   1   1    0.0022     0.032   14.1   1.1    39   125     2    91     1    99 0.73 tr|E3BJN9|E3BJN9_9VIBR Nitric oxide dioxygenase OS=Vibrio caribbeanicus ATCC BAA-2122 OX=796620 GN=VIBC2010_07559 PE=3 SV=1
A0A1F1URU4/39-147    -            109 seed_msa             -            157     0.023   14.6   0.0   1   1    0.0016     0.023   14.6   0.0    81   142    50   105     1   109 0.73 tr|A0A1F1URU4|A0A1F1URU4_9CORY Hemin transporter OS=Corynebacterium sp. HMSC08D02 OX=1581138 GN=HMPREF3170_08175 PE=3 SV=1
A0A2D6AZC8/64-167    -            104 seed_msa             -            157     0.023   14.6   0.4   1   1    0.0022     0.032   14.1   0.4    39   125     2    88     1   102 0.73 tr|A0A2D6AZC8|A0A2D6AZC8_9BACT GLOBIN domain-containing protein OS=Flammeovirgaceae bacterium OX=2026740 GN=CMB80_28915 PE=3 SV=1
A0A2E8N4J5/25-128    -            104 seed_msa             -            157     0.023   14.6   0.4   1   1    0.0022     0.032   14.1   0.4    39   125     2    88     1   102 0.73 tr|A0A2E8N4J5|A0A2E8N4J5_9RICK GLOBIN domain-containing protein OS=Rickettsiales bacterium OX=2026788 GN=CMP48_24745 PE=3 SV=1
A0A103HMK0/28-131    -            104 seed_msa             -            157     0.023   14.6   0.0   1   1    0.0019     0.027   14.4   0.0    39   125     1    90     1   103 0.76 tr|A0A103HMK0|A0A103HMK0_BURVI Flavohemoprotein OS=Burkholderia vietnamiensis OX=60552 GN=hmp PE=3 SV=1
A0A1H9W644/28-132    -            105 seed_msa             -            157     0.023   14.6   0.0   1   1    0.0028     0.042   13.7   0.0    39   117     1    82     1    99 0.65 tr|A0A1H9W644|A0A1H9W644_9BACI Flavohemoprotein OS=Psychrobacillus sp. OK032 OX=1884358 GN=hmp PE=3 SV=1
A0A0D2B4C0/59-163    -            105 seed_msa             -            157     0.023   14.6   0.0   1   1     0.002     0.029   14.3   0.0    39   124     2    90     1   104 0.74 tr|A0A0D2B4C0|A0A0D2B4C0_9EURO Uncharacterized protein OS=Cladophialophora immunda OX=569365 GN=PV07_03971 PE=3 SV=1
A0A089N5M6/28-132    -            105 seed_msa             -            157     0.023   14.6   0.1   1   1    0.0024     0.035   14.0   0.1    40   124     2    89     1   103 0.74 tr|A0A089N5M6|A0A089N5M6_9BACL Flavohemoprotein OS=Paenibacillus stellifer OX=169760 GN=hmp PE=3 SV=1
F8E207/40-146        -            107 seed_msa             -            157     0.024   14.5   0.1   1   1    0.0021     0.031   14.2   0.1    77   125    45    93     4   107 0.80 tr|F8E207|F8E207_CORRG Putative flavohemoprotein OS=Corynebacterium resistens (strain DSM 45100 / JCM 12819 / GTC 2026) OX=662755 GN=hmp PE=3 SV=1
A0A271VY27/27-127    -            101 seed_msa             -            157     0.024   14.5   0.8   1   1    0.0022     0.033   14.1   0.8    39   125     2    91     1   100 0.74 tr|A0A271VY27|A0A271VY27_9VIBR Flavohemoprotein OS=Vibrio metoecus OX=1481663 GN=hmp PE=3 SV=1
A0A085TB70/27-127    -            101 seed_msa             -            157     0.024   14.5   0.7   1   1    0.0023     0.034   14.0   0.7    39   122     2    88     1    99 0.77 tr|A0A085TB70|A0A085TB70_VIBCL Flavohemoprotein OS=Vibrio cholerae OX=666 GN=hmp PE=3 SV=1
A0A0E4C492/27-127    -            101 seed_msa             -            157     0.024   14.5   0.7   1   1    0.0023     0.034   14.0   0.7    39   122     2    88     1    99 0.77 tr|A0A0E4C492|A0A0E4C492_VIBCL Flavohemoprotein OS=Vibrio cholerae OX=666 GN=hmpA PE=3 SV=1
A0A0H3AGI7/27-127    -            101 seed_msa             -            157     0.024   14.5   0.7   1   1    0.0023     0.034   14.0   0.7    39   122     2    88     1    99 0.77 tr|A0A0H3AGI7|A0A0H3AGI7_VIBC3 Flavohemoprotein OS=Vibrio cholerae serotype O1 (strain ATCC 39541 / Classical Ogawa 395 / O395) OX=345073 GN=hmpA PE=3 SV=1
A0A0H3Q3H7/27-127    -            101 seed_msa             -            157     0.024   14.5   0.7   1   1    0.0023     0.034   14.0   0.7    39   122     2    88     1    99 0.77 tr|A0A0H3Q3H7|A0A0H3Q3H7_VIBCL Flavohemoprotein OS=Vibrio cholerae B33 OX=417400 GN=hmp PE=3 SV=1
A0A0H6J9D4/27-127    -            101 seed_msa             -            157     0.024   14.5   0.7   1   1    0.0023     0.034   14.0   0.7    39   122     2    88     1    99 0.77 tr|A0A0H6J9D4|A0A0H6J9D4_VIBCL Flavohemoprotein OS=Vibrio cholerae OX=666 GN=hmp PE=3 SV=1
A0A0H7D6R1/27-127    -            101 seed_msa             -            157     0.024   14.5   0.7   1   1    0.0023     0.034   14.0   0.7    39   122     2    88     1    99 0.77 tr|A0A0H7D6R1|A0A0H7D6R1_VIBCL Flavohemoprotein OS=Vibrio cholerae OX=666 GN=hmp PE=3 SV=1
A0A0K9UUT4/27-127    -            101 seed_msa             -            157     0.024   14.5   0.7   1   1    0.0023     0.034   14.0   0.7    39   122     2    88     1    99 0.77 tr|A0A0K9UUT4|A0A0K9UUT4_VIBCL Flavohemoprotein OS=Vibrio cholerae 2740-80 OX=412614 GN=hmp PE=3 SV=1
A0A0X1L2M2/27-127    -            101 seed_msa             -            157     0.024   14.5   0.7   1   1    0.0023     0.034   14.0   0.7    39   122     2    88     1    99 0.77 tr|A0A0X1L2M2|A0A0X1L2M2_VIBCO Flavohemoprotein OS=Vibrio cholerae (strain MO10) OX=345072 GN=hmp PE=3 SV=1
C2HYI4/27-127        -            101 seed_msa             -            157     0.024   14.5   0.7   1   1    0.0023     0.034   14.0   0.7    39   122     2    88     1    99 0.77 tr|C2HYI4|C2HYI4_VIBCL Flavohemoprotein OS=Vibrio albensis VL426 OX=593585 GN=hmp PE=3 SV=1
C3LUK5/27-127        -            101 seed_msa             -            157     0.024   14.5   0.7   1   1    0.0023     0.034   14.0   0.7    39   122     2    88     1    99 0.77 tr|C3LUK5|C3LUK5_VIBCM Flavohemoprotein OS=Vibrio cholerae serotype O1 (strain M66-2) OX=579112 GN=hmpA PE=3 SV=1
D7HAN5/27-127        -            101 seed_msa             -            157     0.024   14.5   0.7   1   1    0.0023     0.034   14.0   0.7    39   122     2    88     1    99 0.77 tr|D7HAN5|D7HAN5_VIBCL Flavohemoprotein OS=Vibrio cholerae RC385 OX=345074 GN=hmp PE=3 SV=1
Q30K37/2-102         -            101 seed_msa             -            157     0.024   14.5   0.7   1   1    0.0023     0.034   14.0   0.7    39   122     2    88     1    99 0.77 tr|Q30K37|Q30K37_VIBCL Ferrisiderophore reductase (Fragment) OS=Vibrio cholerae OX=666 GN=hmpA PE=3 SV=1
Q30K44/2-102         -            101 seed_msa             -            157     0.024   14.5   0.7   1   1    0.0023     0.034   14.0   0.7    39   122     2    88     1    99 0.77 tr|Q30K44|Q30K44_VIBCL Ferrisiderophore reductase (Fragment) OS=Vibrio cholerae OX=666 GN=hmpA PE=3 SV=1
Q30K46/2-102         -            101 seed_msa             -            157     0.024   14.5   0.7   1   1    0.0023     0.034   14.0   0.7    39   122     2    88     1    99 0.77 tr|Q30K46|Q30K46_VIBCL Ferrisiderophore reductase (Fragment) OS=Vibrio cholerae OX=666 GN=hmpA PE=3 SV=1
Q30K49/2-102         -            101 seed_msa             -            157     0.024   14.5   0.7   1   1    0.0023     0.034   14.0   0.7    39   122     2    88     1    99 0.77 tr|Q30K49|Q30K49_VIBCL Ferrisiderophore reductase (Fragment) OS=Vibrio cholerae OX=666 GN=hmpA PE=3 SV=1
Q9KMY3/27-127        -            101 seed_msa             -            157     0.024   14.5   0.7   1   1    0.0023     0.034   14.0   0.7    39   122     2    88     1    99 0.77 sp|Q9KMY3|HMP_VIBCH Flavohemoprotein OS=Vibrio cholerae serotype O1 (strain ATCC 39315 / El Tor Inaba N16961) OX=243277 GN=hmp PE=1 SV=1
S0BDM3/2-102         -            101 seed_msa             -            157     0.024   14.5   0.7   1   1    0.0023     0.034   14.0   0.7    39   122     2    88     1    99 0.77 tr|S0BDM3|S0BDM3_VIBCL Ferrisiderophore reductase (Fragment) OS=Vibrio cholerae O1 OX=127906 GN=hmpA PE=3 SV=1
A0A0K0K0U5/65-177    -            113 seed_msa             -            157     0.024   14.5   0.4   1   1    0.0025     0.037   13.9   0.4    84   128    60   103    30   112 0.84 tr|A0A0K0K0U5|A0A0K0K0U5_BRUMA BMA-GLB-14 OS=Brugia malayi OX=6279 GN=Bm9883 PE=3 SV=2
A0A085M558/76-194    -            119 seed_msa             -            157     0.024   14.5   0.0   1   1    0.0019     0.029   14.3   0.0    79   125    60   103     2   118 0.75 tr|A0A085M558|A0A085M558_9BILA Globin OS=Trichuris suis OX=68888 GN=D918_08496 PE=3 SV=1
A0A0F4NP37/27-127    -            101 seed_msa             -            157     0.024   14.5   0.3   1   1    0.0024     0.035   14.0   0.3    39   125     2    91     1    99 0.75 tr|A0A0F4NP37|A0A0F4NP37_9VIBR Flavohemoprotein OS=Vibrio galatheae OX=579748 GN=hmp PE=3 SV=1
A0A1A7Q7U1/27-132    -            106 seed_msa             -            157     0.024   14.5   0.7   1   1    0.0029     0.043   13.7   0.7    39   138     2    98     1   104 0.61 tr|A0A1A7Q7U1|A0A1A7Q7U1_9PAST Flavohemoprotein OS=Gallibacterium salpingitidis OX=505341 GN=QS62_06750 PE=3 SV=1
A0A1E3R1S2/44-148    -            105 seed_msa             -            157     0.025   14.5   0.0   1   1    0.0019     0.029   14.3   0.0    83   125    49    91     4   104 0.80 tr|A0A1E3R1S2|A0A1E3R1S2_9ACTN Hemin transporter OS=Dietzia alimentaria OX=665550 GN=BFG51_08730 PE=4 SV=1
A0A132DIZ5/28-131    -            104 seed_msa             -            157     0.025   14.5   0.0   1   1     0.002     0.029   14.2   0.0    39   125     1    90     1   103 0.76 tr|A0A132DIZ5|A0A132DIZ5_BURVI Flavohemoprotein OS=Burkholderia vietnamiensis OX=60552 GN=hmp PE=3 SV=1
A4JRB1/28-131        -            104 seed_msa             -            157     0.025   14.5   0.0   1   1     0.002     0.029   14.2   0.0    39   125     1    90     1   103 0.76 tr|A4JRB1|A4JRB1_BURVG Flavohemoprotein OS=Burkholderia vietnamiensis (strain G4 / LMG 22486) OX=269482 GN=hmp PE=3 SV=1
A0A1V1TQZ9/28-130    -            103 seed_msa             -            157     0.025   14.5   0.1   1   1     0.002      0.03   14.2   0.1    42   110     5    75     1   101 0.79 tr|A0A1V1TQZ9|A0A1V1TQZ9_9FUNG Uncharacterized protein OS=fungal sp. No.14919 OX=1813822 GN=ANO14919_127790 PE=3 SV=1
J9SPK0/26-131        -            106 seed_msa             -            157     0.025   14.5   0.1   1   1    0.0018     0.027   14.4   0.1    78   115    44    81     2   104 0.75 tr|J9SPK0|J9SPK0_9ACTN Oxidoreductase FAD/NAD(P)-binding domain protein OS=Gordonia sp. KTR9 OX=337191 GN=KTR9_4167 PE=3 SV=1
R7Y9D0/26-131        -            106 seed_msa             -            157     0.025   14.5   0.1   1   1    0.0018     0.027   14.4   0.1    78   115    44    81     2   104 0.75 tr|R7Y9D0|R7Y9D0_9ACTN Oxidoreductase FAD/NAD(P)-binding domain protein OS=Gordonia terrae C-6 OX=1316928 GN=GTC6_11201 PE=3 SV=1
A0A0G3H8Q6/39-146    -            108 seed_msa             -            157     0.025   14.5   0.0   1   1    0.0029     0.043   13.7   0.0    72   120    41    89     2   103 0.81 tr|A0A0G3H8Q6|A0A0G3H8Q6_9CORY Hemoglobin-like flavoprotein OS=Corynebacterium testudinoris OX=136857 GN=CTEST_11635 PE=3 SV=1
A0A0J6BTE1/27-133    -            107 seed_msa             -            157     0.026   14.4   0.3   1   1    0.0038     0.056   13.3   0.3    39   123     2    89     1   102 0.71 tr|A0A0J6BTE1|A0A0J6BTE1_9BORD Flavohemoprotein OS=Bordetella pseudohinzii OX=1331258 GN=hmp_1 PE=3 SV=1
A0A0E1NSQ5/27-130    -            104 seed_msa             -            157     0.026   14.4   0.0   1   1    0.0021      0.03   14.2   0.0    39   104     2    70     1    98 0.80 tr|A0A0E1NSQ5|A0A0E1NSQ5_YERPA Flavohemoprotein OS=Yersinia pestis bv. Antiqua (strain Antiqua) OX=360102 GN=hmp PE=3 SV=1
A0A0E8XI71/27-130    -            104 seed_msa             -            157     0.026   14.4   0.0   1   1    0.0021      0.03   14.2   0.0    39   104     2    70     1    98 0.80 tr|A0A0E8XI71|A0A0E8XI71_9GAMM Flavohemoprotein OS=Yersinia wautersii OX=1341643 GN=hmp PE=3 SV=1
A0A0H2YHX5/27-130    -            104 seed_msa             -            157     0.026   14.4   0.0   1   1    0.0021      0.03   14.2   0.0    39   104     2    70     1    98 0.80 tr|A0A0H2YHX5|A0A0H2YHX5_YERPN Flavohemoprotein OS=Yersinia pestis bv. Antiqua (strain Nepal516) OX=377628 GN=hmp PE=3 SV=1
A0A0H3B206/27-130    -            104 seed_msa             -            157     0.026   14.4   0.0   1   1    0.0021      0.03   14.2   0.0    39   104     2    70     1    98 0.80 tr|A0A0H3B206|A0A0H3B206_YERPY Flavohemoprotein OS=Yersinia pseudotuberculosis serotype O:3 (strain YPIII) OX=502800 GN=hmp PE=3 SV=1
A0A0M1V4P6/27-130    -            104 seed_msa             -            157     0.026   14.4   0.0   1   1    0.0021      0.03   14.2   0.0    39   104     2    70     1    98 0.80 tr|A0A0M1V4P6|A0A0M1V4P6_YERPE Flavohemoprotein OS=Yersinia pestis biovar Orientalis str. IP275 OX=373665 GN=hmp PE=3 SV=1
A0A0U1ETH5/27-130    -            104 seed_msa             -            157     0.026   14.4   0.0   1   1    0.0021      0.03   14.2   0.0    39   104     2    70     1    98 0.80 tr|A0A0U1ETH5|A0A0U1ETH5_YERIN Flavohemoprotein OS=Yersinia intermedia OX=631 GN=hmp PE=3 SV=1
Q667X0/27-130        -            104 seed_msa             -            157     0.026   14.4   0.0   1   1    0.0021      0.03   14.2   0.0    39   104     2    70     1    98 0.80 tr|Q667X0|Q667X0_YERPS Flavohemoprotein OS=Yersinia pseudotuberculosis serotype I (strain IP32953) OX=273123 GN=hmp PE=3 SV=1
Q8ZCR0/27-130        -            104 seed_msa             -            157     0.026   14.4   0.0   1   1    0.0021      0.03   14.2   0.0    39   104     2    70     1    98 0.80 sp|Q8ZCR0|HMP_YERPE Flavohemoprotein OS=Yersinia pestis OX=632 GN=hmp PE=3 SV=1
A0A1I2HME4/28-135    -            108 seed_msa             -            157     0.026   14.4   0.0   1   1    0.0019     0.028   14.3   0.0    43   112     6    80     1   105 0.82 tr|A0A1I2HME4|A0A1I2HME4_9ACTN Nitric oxide dioxygenase OS=Actinoplanes philippinensis OX=35752 GN=SAMN05421541_108380 PE=3 SV=1
A0A1T4YPY6/28-132    -            105 seed_msa             -            157     0.027   14.4   0.0   1   1    0.0025     0.037   13.9   0.0    39   134     1    96     1   103 0.69 tr|A0A1T4YPY6|A0A1T4YPY6_9BACL Flavohemoprotein OS=Sporosarcina newyorkensis OX=759851 GN=hmp PE=3 SV=1
M8E6D5/27-132        -            106 seed_msa             -            157     0.028   14.3   0.0   1   1    0.0025     0.037   13.9   0.0    39   122     2    88     1   103 0.76 tr|M8E6D5|M8E6D5_9BACL Flavohemoprotein OS=Brevibacillus borstelensis AK1 OX=1300222 GN=hmp PE=3 SV=1
A0A166PHX4/44-148    -            105 seed_msa             -            157     0.028   14.3   0.0   1   1    0.0022     0.032   14.1   0.0    83   125    49    91     5   104 0.82 tr|A0A166PHX4|A0A166PHX4_9ACTN Hemin transporter OS=Dietzia maris OX=37915 GN=A2U19_05225 PE=4 SV=1
A0A0V8JCZ5/27-132    -            106 seed_msa             -            157     0.028   14.3   0.1   1   1    0.0028     0.042   13.8   0.1    39   122     2    88     1   100 0.75 tr|A0A0V8JCZ5|A0A0V8JCZ5_9BACI Flavohemoprotein OS=Fictibacillus enclensis OX=1017270 GN=hmp PE=3 SV=1
A0A0H6L1Z5/27-123    -             97 seed_msa             -            157     0.028   14.3   0.8   1   1    0.0028      0.04   13.8   0.8    39   119     2    85     1    95 0.77 tr|A0A0H6L1Z5|A0A0H6L1Z5_VIBCL Bifunctional nitric oxide dioxygenase/dihydropteridine reductase 2 OS=Vibrio cholerae OX=666 GN=hmp_2 PE=3 SV=1
D0L5F3/26-125        -            100 seed_msa             -            157     0.028   14.3   0.0   1   1    0.0019     0.028   14.3   0.0    79   123    45    88     9   100 0.80 tr|D0L5F3|D0L5F3_GORB4 Oxidoreductase FAD/NAD(P)-binding domain protein OS=Gordonia bronchialis (strain ATCC 25592 / DSM 43247 / JCM 3198 / NCTC 10667) OX=526226 GN=Gbro_4265 PE=3 SV=1
A0A239L331/27-132    -            106 seed_msa             -            157     0.028   14.3   0.0   1   1    0.0021     0.032   14.1   0.0    39   118     2    87     1   106 0.81 tr|A0A239L331|A0A239L331_9ACTN Nitric oxide dioxygenase OS=Actinomadura meyerae OX=240840 GN=SAMN05443665_1020129 PE=3 SV=1
A0A066TDU8/29-133    -            105 seed_msa             -            157     0.028   14.3   0.0   1   1    0.0023     0.033   14.1   0.0    42   118     5    83     1   103 0.74 tr|A0A066TDU8|A0A066TDU8_9NEIS Flavohemoprotein (Hemoglobin-like protein) (Flavohemoglobin) (Nitric oxide dioxygenase) OS=Snodgrassella alvi OX=1196083 GN=BGI29_05905 PE=3 SV=1
A0A0X3SNK3/58-160    -            103 seed_msa             -            157     0.028   14.3   0.1   1   1    0.0022     0.033   14.1   0.1    58   114    24    77     2    96 0.74 tr|A0A0X3SNK3|A0A0X3SNK3_9ACTN Flavohemoprotein OS=Streptomyces albus subsp. albus OX=67257 GN=ACZ90_49530 PE=3 SV=1
A0A1X1U433/28-133    -            106 seed_msa             -            157     0.028   14.3   0.0   1   1     0.002     0.029   14.2   0.0    84   125    49    89     4   104 0.75 tr|A0A1X1U433|A0A1X1U433_9MYCO 2-polyprenylphenol hydroxylase OS=Mycolicibacter engbaekii OX=188915 GN=AWC02_00405 PE=3 SV=1
A0A1E3GPU1/42-144    -            103 seed_msa             -            157     0.028   14.3   0.4   1   1    0.0022     0.032   14.1   0.4    39   126     2    90     1   100 0.74 tr|A0A1E3GPU1|A0A1E3GPU1_9GAMM Bacterial hemoglobin OS=Methylophaga muralis OX=291169 GN=vhb PE=3 SV=1
A0A177K251/44-148    -            105 seed_msa             -            157     0.028   14.3   0.0   1   1    0.0022     0.033   14.1   0.0    83   125    49    91     6   104 0.82 tr|A0A177K251|A0A177K251_9ACTN Hemin transporter OS=Dietzia cinnamea OX=321318 GN=AYJ66_02570 PE=4 SV=1
A0A0H6N9L9/27-121    -             95 seed_msa             -            157     0.029   14.3   0.8   1   1    0.0029     0.042   13.7   0.8    39   118     2    84     1    94 0.78 tr|A0A0H6N9L9|A0A0H6N9L9_VIBCL Bifunctional nitric oxide dioxygenase/dihydropteridine reductase 2 OS=Vibrio cholerae OX=666 GN=hmp_2 PE=3 SV=1
Q1N8C9/30-130        -            101 seed_msa             -            157     0.029   14.3   0.0   1   1     0.003     0.044   13.7   0.0    39   125     2    90     1   101 0.78 tr|Q1N8C9|Q1N8C9_SPHSS Flavohemoprotein OS=Sphingomonas sp. (strain SKA58) OX=314266 GN=SKA58_19185 PE=3 SV=1
T0H836/30-130        -            101 seed_msa             -            157     0.029   14.3   0.0   1   1     0.003     0.044   13.7   0.0    39   125     2    90     1   101 0.78 tr|T0H836|T0H836_9SPHN Dihydropteridine reductase OS=Sphingobium lactosutens DS20 OX=1331060 GN=RLDS_20365 PE=3 SV=1
A0A0T7NQN0/27-129    -            103 seed_msa             -            157     0.029   14.3   0.0   1   1    0.0023     0.034   14.1   0.0    39   111     2    73     1    97 0.76 tr|A0A0T7NQN0|A0A0T7NQN0_YEREN Flavohemoprotein OS=Yersinia enterocolitica OX=630 GN=fsrB PE=3 SV=1
A0A2G4U481/27-129    -            103 seed_msa             -            157     0.029   14.3   0.0   1   1    0.0023     0.034   14.1   0.0    39   111     2    73     1    97 0.76 tr|A0A2G4U481|A0A2G4U481_YERBE Flavohemoprotein OS=Yersinia bercovieri OX=634 GN=hmp PE=3 SV=1
F9DTV8/28-132        -            105 seed_msa             -            157     0.029   14.3   0.1   1   1    0.0027      0.04   13.8   0.1    39   132     1    94     1   103 0.69 tr|F9DTV8|F9DTV8_9BACL Flavohemoprotein OS=Sporosarcina newyorkensis 2681 OX=1027292 GN=hmpA PE=3 SV=1
A0A246T0I6/30-131    -            102 seed_msa             -            157     0.029   14.3   0.0   1   1    0.0025     0.037   13.9   0.0    39   141     2   101     1   102 0.76 tr|A0A246T0I6|A0A246T0I6_9RHIZ Flavohemoprotein OS=Rhizobium sp. R693 OX=1764276 GN=hmp PE=3 SV=1
A0A0U1QZT1/27-130    -            104 seed_msa             -            157     0.029   14.2   0.0   1   1    0.0024     0.035   14.0   0.0    39   104     2    70     1    98 0.80 tr|A0A0U1QZT1|A0A0U1QZT1_YERP3 Flavohemoprotein OS=Yersinia pseudotuberculosis serotype O:1b (strain IP 31758) OX=349747 GN=hmp PE=3 SV=1
A0A0M2XY95/27-130    -            104 seed_msa             -            157      0.03   14.2   0.4   1   1    0.0027      0.04   13.8   0.4    39   128     1    90     1   103 0.75 tr|A0A0M2XY95|A0A0M2XY95_9SPHI Dihydropteridine reductase OS=Sphingobacterium sp. Ag1 OX=1643451 GN=AAW12_15160 PE=3 SV=1
H5UID5/26-131        -            106 seed_msa             -            157      0.03   14.2   0.1   1   1    0.0023     0.034   14.1   0.1    71   114    37    80     2   104 0.70 tr|H5UID5|H5UID5_9ACTN Putative oxidoreductase OS=Gordonia terrae NBRC 100016 OX=1089454 GN=GOTRE_125_01300 PE=3 SV=1
A0A1K2E9V3/30-130    -            101 seed_msa             -            157      0.03   14.2   0.0   1   1    0.0028     0.041   13.8   0.0    39   122     2    88     1   100 0.82 tr|A0A1K2E9V3|A0A1K2E9V3_PARPN Nitric oxide dioxygenase OS=Paracoccus pantotrophus OX=82367 GN=SAMN04244548_03580 PE=3 SV=1
A0A2G5X601/27-132    -            106 seed_msa             -            157     0.031   14.2   0.1   1   1    0.0036     0.053   13.4   0.1    39   135     2    98     1   104 0.73 tr|A0A2G5X601|A0A2G5X601_9BACL Flavohemoprotein OS=Sporosarcina sp. P17b OX=2048260 GN=hmp PE=3 SV=1
A0A2A2VXT4/27-132    -            106 seed_msa             -            157     0.031   14.2   0.1   1   1    0.0031     0.045   13.6   0.1    39   138     2    98     1   103 0.64 tr|A0A2A2VXT4|A0A2A2VXT4_9BACI Flavohemoprotein OS=Bacillus sp. 7705b OX=2028568 GN=hmp PE=3 SV=1
A0A098EIZ9/27-132    -            106 seed_msa             -            157     0.031   14.2   0.3   1   1    0.0044     0.065   13.1   0.3    38   125     1    91     1   105 0.76 tr|A0A098EIZ9|A0A098EIZ9_9BACL Flavohemoprotein OS=Planococcus massiliensis OX=1499687 GN=hmp_3 PE=3 SV=1
A0A1F1ZJZ7/40-147    -            108 seed_msa             -            157     0.031   14.2   0.0   1   1    0.0027      0.04   13.8   0.0    79   125    47    93     2   107 0.79 tr|A0A1F1ZJZ7|A0A1F1ZJZ7_9CORY Hemin transporter OS=Corynebacterium sp. HMSC28B08 OX=1581066 GN=HMPREF3098_09050 PE=3 SV=1
A0A147E3J3/29-129    -            101 seed_msa             -            157     0.031   14.2   0.0   1   1    0.0026     0.038   13.9   0.0    43   122     6    89     1    99 0.75 tr|A0A147E3J3|A0A147E3J3_9MICO Hemin transporter OS=Microbacterium oxydans OX=82380 GN=NS234_05100 PE=3 SV=1
A0A161WUR7/27-132    -            106 seed_msa             -            157     0.031   14.1   0.1   1   1    0.0027     0.039   13.8   0.1    39   123     2    89     1   106 0.74 tr|A0A161WUR7|A0A161WUR7_9BACI Flavohemoprotein OS=Aeribacillus pallidus OX=33936 GN=hmp PE=3 SV=1
A0A165YF16/27-132    -            106 seed_msa             -            157     0.031   14.1   0.1   1   1    0.0027     0.039   13.8   0.1    39   123     2    89     1   106 0.74 tr|A0A165YF16|A0A165YF16_9BACI Flavohemoprotein OS=Aeribacillus pallidus OX=33936 GN=hmp PE=3 SV=1
A0A1R1EUP8/28-132    -            105 seed_msa             -            157     0.032   14.1   0.1   1   1    0.0033     0.049   13.5   0.1    39   124     1    89     1   103 0.71 tr|A0A1R1EUP8|A0A1R1EUP8_9BACL Flavohemoprotein OS=Paenibacillus rhizosphaerae OX=297318 GN=hmp PE=3 SV=1
A0A0A0BI86/73-177    -            105 seed_msa             -            157     0.032   14.1   0.0   1   1    0.0027      0.04   13.8   0.0    38   111     2    76     1   105 0.77 tr|A0A0A0BI86|A0A0A0BI86_9GAMM Methyl-accepting chemotaxis protein I (Serine chemoreceptor protein) OS=Methylophaga thiooxydans OX=392484 GN=LP43_0636 PE=4 SV=1
A0A2E8G331/27-131    -            105 seed_msa             -            157     0.032   14.1   0.0   1   1    0.0023     0.033   14.1   0.0    44   125     8    91     1   104 0.73 tr|A0A2E8G331|A0A2E8G331_9GAMM NO-inducible flavohemoprotein OS=Alcanivorax sp. OX=1872427 GN=CL546_03950 PE=3 SV=1
A0A231WC92/28-132    -            105 seed_msa             -            157     0.032   14.1   0.0   1   1    0.0027      0.04   13.8   0.0    39   107     1    72     1    99 0.77 tr|A0A231WC92|A0A231WC92_9BACI Flavohemoprotein OS=Bacillus sp. OG2 OX=1979526 GN=hmp PE=3 SV=1
Q2BDR4/12-116        -            105 seed_msa             -            157     0.032   14.1   0.0   1   1    0.0027      0.04   13.8   0.0    39   107     1    72     1    99 0.77 tr|Q2BDR4|Q2BDR4_9BACI Nitric oxide dioxygenase OS=Bacillus sp. NRRL B-14911 OX=313627 GN=B14911_27035 PE=3 SV=1
U5LAU4/28-132        -            105 seed_msa             -            157     0.032   14.1   0.0   1   1    0.0027      0.04   13.8   0.0    39   107     1    72     1    99 0.77 tr|U5LAU4|U5LAU4_9BACI Flavohemoprotein OS=Bacillus infantis NRRL B-14911 OX=1367477 GN=hmp PE=3 SV=1
A0A2A4C812/28-133    -            106 seed_msa             -            157     0.032   14.1   0.0   1   1    0.0026     0.038   13.9   0.0    39   125     1    90     1   104 0.76 tr|A0A2A4C812|A0A2A4C812_9BURK Flavohemoprotein OS=Burkholderia sp. IDO3 OX=1705310 GN=hmp PE=3 SV=1
A0A2A9LA47/28-133    -            106 seed_msa             -            157     0.032   14.1   0.0   1   1    0.0026     0.038   13.9   0.0    39   125     1    90     1   104 0.76 tr|A0A2A9LA47|A0A2A9LA47_9BURK Flavohemoprotein OS=Burkholderia sp. JKS000303 OX=1938747 GN=hmp PE=3 SV=1
A0A098EIZ1/28-132    -            105 seed_msa             -            157     0.032   14.1   0.1   1   1    0.0035     0.051   13.5   0.1    39   125     1    90     1   103 0.69 tr|A0A098EIZ1|A0A098EIZ1_9BACL Flavohemoprotein OS=Planococcus massiliensis OX=1499687 GN=hmp_1 PE=3 SV=1
Q0VMN1/27-131        -            105 seed_msa             -            157     0.032   14.1   0.0   1   1    0.0023     0.035   14.0   0.0    40   129     3    92     1   104 0.69 tr|Q0VMN1|Q0VMN1_ALCBS Flavohemoprotein OS=Alcanivorax borkumensis (strain ATCC 700651 / DSM 11573 / NCIMB 13689 / SK2) OX=393595 GN=ABO_2119 PE=3 SV=1
A0A268TXE6/27-131    -            105 seed_msa             -            157     0.032   14.1   0.0   1   1    0.0025     0.036   14.0   0.0    44   124     8    89     1   104 0.64 tr|A0A268TXE6|A0A268TXE6_9HELI Bacitracin resistance protein BacA OS=Helicobacter sp. 13S00401-1 OX=1905758 GN=BKH43_06900 PE=3 SV=1
A0A2A4MV28/64-168    -            105 seed_msa             -            157     0.032   14.1   0.1   1   1    0.0026     0.039   13.8   0.1    38   125     1    88     1   103 0.81 tr|A0A2A4MV28|A0A2A4MV28_9GAMM Methyl-accepting chemotaxis protein OS=Gammaproteobacteria bacterium OX=1913989 GN=COC09_05045 PE=4 SV=1
A0A2E1G2N2/26-126    -            101 seed_msa             -            157     0.033   14.1   0.0   1   1    0.0022     0.033   14.1   0.0    70   136    36   100     3   101 0.80 tr|A0A2E1G2N2|A0A2E1G2N2_9ACTN Oxidoreductase OS=Gordonia sp. OX=84139 GN=CME34_00990 PE=3 SV=1
A0A1K0GKY5/28-135    -            108 seed_msa             -            157     0.033   14.1   0.0   1   1    0.0029     0.043   13.7   0.0    42   114     5    83     1   107 0.71 tr|A0A1K0GKY5|A0A1K0GKY5_9ACTN Hemin transporter OS=Couchioplanes caeruleus subsp. caeruleus OX=56427 GN=BG844_24970 PE=3 SV=1
I8R103/27-134        -            108 seed_msa             -            157     0.033   14.1   0.0   1   1    0.0025     0.036   13.9   0.0    43   118     7    86     1   106 0.81 tr|I8R103|I8R103_9ACTN Hemoglobin-like flavoprotein OS=Frankia sp. QA3 OX=710111 GN=FraQA3DRAFT_6498 PE=3 SV=1
A0A1I5HIF2/26-128    -            103 seed_msa             -            157     0.033   14.1   0.0   1   1    0.0022     0.033   14.1   0.0    56   118    17    80     1    98 0.80 tr|A0A1I5HIF2|A0A1I5HIF2_9ACTN NAD(P)H-flavin reductase OS=Actinomadura madurae OX=1993 GN=SAMN04489713_106232 PE=3 SV=1
A0A1I3M8L1/27-132    -            106 seed_msa             -            157     0.033   14.1   0.2   1   1    0.0048     0.071   13.0   0.2    39   123     2    89     1   103 0.74 tr|A0A1I3M8L1|A0A1I3M8L1_9BACL Flavohemoprotein OS=Brevibacillus sp. OK042 OX=1884381 GN=hmp PE=3 SV=1
A0A0H6MTI9/27-119    -             93 seed_msa             -            157     0.033   14.1   0.8   1   1    0.0033     0.049   13.5   0.8    39   117     2    83     1    91 0.78 tr|A0A0H6MTI9|A0A0H6MTI9_VIBCL Flavohemoprotein OS=Vibrio cholerae OX=666 GN=hmp PE=3 SV=1
D4FVM3/27-132        -            106 seed_msa             -            157     0.033   14.1   0.2   1   1    0.0044     0.064   13.1   0.2    39   138     2    98     1   103 0.63 tr|D4FVM3|D4FVM3_BACNB Flavohemoprotein OS=Bacillus subtilis subsp. natto (strain BEST195) OX=645657 GN=hmp PE=3 SV=1
A0A1X1CRV3/27-130    -            104 seed_msa             -            157     0.033   14.1   0.0   1   1    0.0042     0.062   13.2   0.0    39   118     2    84     1    98 0.69 tr|A0A1X1CRV3|A0A1X1CRV3_9GAMM Flavohemoprotein OS=Pantoea rwandensis OX=1076550 GN=hmp PE=3 SV=1
B9B5P1/28-131        -            104 seed_msa             -            157     0.033   14.1   0.0   1   1    0.0028     0.041   13.8   0.0    39   121     1    86     1    99 0.71 tr|B9B5P1|B9B5P1_9BURK Flavohemoprotein OS=Burkholderia multivorans CGD1 OX=513051 GN=hmp PE=3 SV=1
B9BNP3/28-131        -            104 seed_msa             -            157     0.033   14.1   0.0   1   1    0.0028     0.041   13.8   0.0    39   121     1    86     1    99 0.71 tr|B9BNP3|B9BNP3_9BURK Flavohemoprotein OS=Burkholderia multivorans CGD2 OX=513052 GN=hmp PE=3 SV=1
F7Z3G2/1-101         -            101 seed_msa             -            157     0.034   14.1   0.1   1   1    0.0033     0.049   13.5   0.1    44   125     3    86     1    99 0.78 tr|F7Z3G2|F7Z3G2_BACC6 Oxidoreductase FAD-binding domain protein OS=Bacillus coagulans (strain 2-6) OX=941639 GN=BCO26_0919 PE=3 SV=1
A0A0H6M619/27-118    -             92 seed_msa             -            157     0.034   14.0   0.8   1   1    0.0032     0.047   13.6   0.8    39   117     2    83     1    91 0.78 tr|A0A0H6M619|A0A0H6M619_VIBCL Bifunctional nitric oxide dioxygenase/dihydropteridine reductase 2 OS=Vibrio cholerae OX=666 GN=hmp_1 PE=3 SV=1
A0A1G4K575/28-131    -            104 seed_msa             -            157     0.034   14.0   0.2   1   1    0.0044     0.064   13.1   0.2    39   138     1   104     1   104 0.70 tr|A0A1G4K575|A0A1G4K575_9SACH LANO_0F00254g1_1 OS=Lachancea nothofagi CBS 11611 OX=1266666 GN=LANO_0F00254G PE=3 SV=1
A0A1L9PYF3/49-152    -            104 seed_msa             -            157     0.035   14.0   0.0   1   1    0.0032     0.046   13.6   0.0    39   118     1    83     1   102 0.72 tr|A0A1L9PYF3|A0A1L9PYF3_ASPVE Uncharacterized protein OS=Aspergillus versicolor CBS 583.65 OX=1036611 GN=ASPVEDRAFT_56118 PE=3 SV=1
W3VEM9/27-130        -            104 seed_msa             -            157     0.035   14.0   0.1   1   1    0.0046     0.067   13.1   0.1    39   117     2    83     1    97 0.66 tr|W3VEM9|W3VEM9_9GAMM Flavohemoprotein OS=Photorhabdus khanii NC19 OX=1004151 GN=hmp PE=3 SV=1
D3SMH6/27-122        -             96 seed_msa             -            157     0.035   14.0   0.0   1   1     0.012      0.18   11.7   0.0    87   121    46    80    41    91 0.88 tr|D3SMH6|D3SMH6_THEAH Globin OS=Thermocrinis albus (strain DSM 14484 / JCM 11386 / HI 11/12) OX=638303 GN=Thal_1325 PE=3 SV=1
A0A1H0SZL4/27-133    -            107 seed_msa             -            157     0.035   14.0   0.0   1   1    0.0033     0.048   13.5   0.0    42   115     5    82     1   106 0.81 tr|A0A1H0SZL4|A0A1H0SZL4_9ACTN Nitric oxide dioxygenase OS=Nakamurella panacisegetis OX=1090615 GN=SAMN04515671_4377 PE=3 SV=1
Q2KZS6/27-133        -            107 seed_msa             -            157     0.036   14.0   0.1   1   1    0.0035     0.052   13.4   0.1    39   124     2    90     1   104 0.72 tr|Q2KZS6|Q2KZS6_BORA1 Flavohemoprotein OS=Bordetella avium (strain 197N) OX=360910 GN=hmp PE=3 SV=1
A0A0D9NQ40/30-134    -            105 seed_msa             -            157     0.036   14.0   0.2   1   1    0.0057     0.084   12.8   0.2    38   119     1    85     1   105 0.75 tr|A0A0D9NQ40|A0A0D9NQ40_METAN Uncharacterized protein OS=Metarhizium anisopliae BRIP 53293 OX=1291518 GN=H634G_08469 PE=3 SV=1
A0A0C9QI71/49-163    -            115 seed_msa             -            157     0.036   14.0   0.1   1   1    0.0036     0.053   13.4   0.1    83   126    59   103     2   114 0.82 tr|A0A0C9QI71|A0A0C9QI71_9HYME Cygb2_0 protein OS=Fopius arisanus OX=64838 GN=cygb2_1 PE=3 SV=1
A0A0C5Y0C9/29-130    -            102 seed_msa             -            157     0.036   14.0   0.0   1   1    0.0045     0.066   13.1   0.0    38   115     2    82     1    97 0.77 tr|A0A0C5Y0C9|A0A0C5Y0C9_9SPHN Dihydropteridine reductase OS=Sphingobium sp. YBL2 OX=484429 GN=TZ53_23955 PE=3 SV=1
A0A1R1GIB5/28-132    -            105 seed_msa             -            157     0.036   14.0   0.1   1   1    0.0045     0.066   13.1   0.1    39   125     1    90     1   103 0.69 tr|A0A1R1GIB5|A0A1R1GIB5_9BACL Flavohemoprotein OS=Paenibacillus sp. FSL R7-0337 OX=1926588 GN=hmp PE=3 SV=1
W4CHU2/31-135        -            105 seed_msa             -            157     0.036   14.0   0.1   1   1    0.0045     0.066   13.1   0.1    39   125     1    90     1   103 0.69 tr|W4CHU2|W4CHU2_9BACL Flavohemoprotein OS=Paenibacillus sp. FSL R7-269 OX=1226755 GN=hmp PE=3 SV=1
A0A1Q7UR26/25-128    -            104 seed_msa             -            157     0.036   13.9   0.0   1   1    0.0026     0.039   13.8   0.0    39   121     2    85     1   104 0.84 tr|A0A1Q7UR26|A0A1Q7UR26_9CHLR Flavohemoprotein OS=Ktedonobacter sp. 13_1_20CM_4_53_11 OX=1805225 GN=AUG82_04815 PE=3 SV=1
A0A2A7MWH6/28-133    -            106 seed_msa             -            157     0.036   13.9   0.1   1   1    0.0025     0.036   13.9   0.1    45   134     9   100     1   106 0.70 tr|A0A2A7MWH6|A0A2A7MWH6_9MYCO 2-polyprenylphenol hydroxylase OS=Mycolicibacterium duvalii OX=39688 GN=CRI77_23530 PE=3 SV=1
A0A094CTE1/34-138    -            105 seed_msa             -            157     0.036   13.9   0.1   1   1    0.0032     0.047   13.6   0.1    39   119     2    85     1   103 0.72 tr|A0A094CTE1|A0A094CTE1_9PEZI Uncharacterized protein (Fragment) OS=Pseudogymnoascus sp. VKM F-4516 (FW-969) OX=1420910 GN=V497_07139 PE=3 SV=1
A0A135LBQ1/54-157    -            104 seed_msa             -            157     0.037   13.9   0.0   1   1    0.0032     0.047   13.6   0.0    39   106     1    71     1   102 0.74 tr|A0A135LBQ1|A0A135LBQ1_PENPA Flavohemoprotein OS=Penicillium patulum OX=5078 GN=PGRI_052710 PE=3 SV=1
A0A066UT73/27-126    -            100 seed_msa             -            157     0.037   13.9   0.4   1   1    0.0047     0.069   13.0   0.4    39   125     2    91     1    99 0.72 tr|A0A066UT73|A0A066UT73_9VIBR Dihydropteridine reductase OS=Vibrio fortis OX=212667 GN=VFDL14_20780 PE=3 SV=1
A0A1B1S2G5/27-132    -            106 seed_msa             -            157     0.037   13.9   0.0   1   1    0.0036     0.054   13.4   0.0    38   125     1    91     1   104 0.75 tr|A0A1B1S2G5|A0A1B1S2G5_9BACL Flavohemoprotein OS=Planococcus versutus OX=1302659 GN=hmp PE=3 SV=1
A0A089JB02/28-132    -            105 seed_msa             -            157     0.037   13.9   0.1   1   1    0.0049     0.073   13.0   0.1    39   125     1    90     1   102 0.70 tr|A0A089JB02|A0A089JB02_9BACL Flavohemoprotein OS=Paenibacillus sp. FSL H7-0357 OX=1536774 GN=hmp PE=3 SV=1
A0A1R0YDN8/28-132    -            105 seed_msa             -            157     0.037   13.9   0.1   1   1    0.0049     0.073   13.0   0.1    39   125     1    90     1   102 0.70 tr|A0A1R0YDN8|A0A1R0YDN8_9BACL Flavohemoprotein OS=Paenibacillus borealis OX=160799 GN=hmp PE=3 SV=1
A0A240E2X4/27-130    -            104 seed_msa             -            157     0.037   13.9   0.0   1   1    0.0028     0.041   13.8   0.0    39   119     1    84     1   102 0.82 tr|A0A240E2X4|A0A240E2X4_9GAMM Nitric oxide dioxygenase OS=Acinetobacter puyangensis OX=1096779 GN=SAMN05421731_101162 PE=3 SV=1
W3WSE3/29-132        -            104 seed_msa             -            157     0.037   13.9   0.0   1   1    0.0036     0.053   13.4   0.0    42   142     5   101     1   103 0.74 tr|W3WSE3|W3WSE3_PESFW Uncharacterized protein OS=Pestalotiopsis fici (strain W106-1 / CGMCC3.15140) OX=1229662 GN=PFICI_12685 PE=3 SV=1
A0A2G6B367/28-132    -            105 seed_msa             -            157     0.037   13.9   0.1   1   1     0.004     0.059   13.3   0.1    39   134     1    96     1   103 0.73 tr|A0A2G6B367|A0A2G6B367_9BACL Flavohemoprotein OS=Sporosarcina sp. P35 OX=2048246 GN=hmp PE=3 SV=1
A0A0D1L1M8/27-132    -            106 seed_msa             -            157     0.037   13.9   0.2   1   1     0.005     0.073   13.0   0.2    39   124     2    89     1   103 0.62 tr|A0A0D1L1M8|A0A0D1L1M8_BACIU Flavohemoprotein OS=Bacillus subtilis OX=1423 GN=hmp PE=3 SV=1
A0A1E8CXB2/28-132    -            105 seed_msa             -            157     0.037   13.9   0.0   1   1    0.0027      0.04   13.8   0.0    43   115     6    82     1   103 0.80 tr|A0A1E8CXB2|A0A1E8CXB2_9MICO Hemin transporter OS=Humibacillus sp. DSM 29435 OX=1869167 GN=BA895_17850 PE=3 SV=1
A0A0B1RAL0/27-130    -            104 seed_msa             -            157     0.037   13.9   0.0   1   1    0.0049     0.071   13.0   0.0    39   125     2    87     1    99 0.66 tr|A0A0B1RAL0|A0A0B1RAL0_9GAMM Flavohemoprotein OS=Pantoea rodasii OX=1076549 GN=hmp PE=3 SV=1
A0A0U3UM46/27-130    -            104 seed_msa             -            157     0.037   13.9   0.0   1   1    0.0049     0.071   13.0   0.0    39   125     2    87     1    99 0.66 tr|A0A0U3UM46|A0A0U3UM46_9GAMM Flavohemoprotein OS=Pantoea vagans OX=470934 GN=hmp PE=3 SV=1
A0A1Z1SU39/27-130    -            104 seed_msa             -            157     0.037   13.9   0.0   1   1    0.0028     0.042   13.8   0.0    39   113     2    79     1    98 0.78 tr|A0A1Z1SU39|A0A1Z1SU39_PROMI Flavohemoprotein OS=Proteus mirabilis OX=584 GN=hmp PE=3 SV=1
B4EZV6/27-130        -            104 seed_msa             -            157     0.037   13.9   0.0   1   1    0.0028     0.042   13.8   0.0    39   113     2    79     1    98 0.78 tr|B4EZV6|B4EZV6_PROMH Flavohemoprotein OS=Proteus mirabilis (strain HI4320) OX=529507 GN=hmp PE=3 SV=1
W7YVL1/27-130        -            104 seed_msa             -            157     0.038   13.9   0.7   1   1    0.0049     0.072   13.0   0.7    43   125     7    91     1   103 0.75 tr|W7YVL1|W7YVL1_9BACI Flavohemoprotein OS=Bacillus sp. JCM 19045 OX=1460639 GN=JCM19045_4381 PE=3 SV=1
W7ZAG5/27-130        -            104 seed_msa             -            157     0.038   13.9   0.7   1   1    0.0049     0.072   13.0   0.7    43   125     7    91     1   103 0.75 tr|W7ZAG5|W7ZAG5_9BACI Flavohemoprotein OS=Bacillus sp. JCM 19046 OX=1460640 GN=JCM19046_5092 PE=3 SV=1
A0A0J6S8H1/30-132    -            103 seed_msa             -            157     0.038   13.9   0.0   1   1    0.0032     0.048   13.6   0.0    39   118     2    84     1   100 0.85 tr|A0A0J6S8H1|A0A0J6S8H1_9RHIZ Dihydropteridine reductase OS=Methylobacterium aquaticum OX=270351 GN=VP06_23140 PE=3 SV=1
A0A1D8QX52/30-131    -            102 seed_msa             -            157     0.038   13.9   0.0   1   1     0.011      0.17   11.8   0.0    39   142     2   101     1   101 0.72 tr|A0A1D8QX52|A0A1D8QX52_9PROT Nitric oxide dioxygenase OS=Acetobacter ascendens OX=481146 GN=A4S02_09285 PE=3 SV=1
F7YSH6/1-96          -             96 seed_msa             -            157     0.038   13.9   0.2   1   1    0.0034      0.05   13.5   0.2    45   129     4    87     1    95 0.69 tr|F7YSH6|F7YSH6_VIBA7 Flavohemoprotein OS=Vibrio anguillarum (strain ATCC 68554 / 775) OX=882102 GN=VAA_00966 PE=3 SV=1
A0A0F3LSH5/27-130    -            104 seed_msa             -            157     0.038   13.9   0.0   1   1    0.0049     0.072   13.0   0.0    39   138     2    96     1   100 0.67 tr|A0A0F3LSH5|A0A0F3LSH5_9GAMM Flavohemoprotein OS=Pantoea sp. BL1 OX=1628190 GN=hmp PE=3 SV=1
A0A2B4SPY0/46-161    -            116 seed_msa             -            157     0.038   13.9   0.0   1   1    0.0029     0.043   13.7   0.0    76   140    52   110     2   114 0.76 tr|A0A2B4SPY0|A0A2B4SPY0_STYPI Cytoglobin-2 OS=Stylophora pistillata OX=50429 GN=cygb2 PE=3 SV=1
T0RU19/25-129        -            105 seed_msa             -            157     0.038   13.9   0.0   1   1    0.0027      0.04   13.8   0.0    39   114     2    78     1   101 0.80 tr|T0RU19|T0RU19_9PROT Globin OS=Bacteriovorax sp. BSW11_IV OX=1353529 GN=M899_2573 PE=3 SV=1
A9AW41/18-121        -            104 seed_msa             -            157     0.038   13.9   0.0   1   1    0.0026     0.038   13.9   0.0    63   120    26    83     1   103 0.67 tr|A9AW41|A9AW41_HERA2 Globin OS=Herpetosiphon aurantiacus (strain ATCC 23779 / DSM 785 / 114-95) OX=316274 GN=Haur_0631 PE=3 SV=1
G2IE50/27-130        -            104 seed_msa             -            157     0.038   13.9   0.0   1   1    0.0027     0.039   13.8   0.0    45   125     9    91     1   103 0.68 tr|G2IE50|G2IE50_9CLOT Hemoglobin OS=Candidatus Arthromitus sp. SFB-rat-Yit OX=1041504 GN=RATSFB_0862 PE=3 SV=1
A0A0T9TM74/27-130    -            104 seed_msa             -            157     0.039   13.8   0.0   1   1    0.0034      0.05   13.5   0.0    39   118     2    80     1    98 0.71 tr|A0A0T9TM74|A0A0T9TM74_YEREN Flavohemoprotein OS=Yersinia enterocolitica OX=630 GN=fsrB PE=3 SV=1
A0A0U1KD27/27-130    -            104 seed_msa             -            157     0.039   13.8   0.0   1   1    0.0034      0.05   13.5   0.0    39   118     2    80     1    98 0.71 tr|A0A0U1KD27|A0A0U1KD27_YERMO Flavohemoprotein OS=Yersinia mollaretii OX=33060 GN=fsrB PE=3 SV=1
C4SB74/27-130        -            104 seed_msa             -            157     0.039   13.8   0.0   1   1    0.0034      0.05   13.5   0.0    39   118     2    80     1    98 0.71 tr|C4SB74|C4SB74_YERMW Flavohemoprotein OS=Yersinia mollaretii (strain ATCC 43969 / DSM 18520 / CIP 103324 / CNY 7263 / WAIP 204) OX=349967 GN=hmp PE=3 SV=1
A0A0B3WW01/27-132    -            106 seed_msa             -            157     0.039   13.8   0.0   1   1    0.0035     0.052   13.4   0.0    83   122    49    88     1   100 0.66 tr|A0A0B3WW01|A0A0B3WW01_9FIRM Bacitracin resistance protein BacA OS=Terrisporobacter othiniensis OX=1577792 GN=QX51_01075 PE=3 SV=1
A0A2G5WM90/28-132    -            105 seed_msa             -            157      0.04   13.8   0.1   1   1    0.0043     0.063   13.2   0.1    39   122     1    87     1   102 0.69 tr|A0A2G5WM90|A0A2G5WM90_9BACL Flavohemoprotein OS=Sporosarcina sp. P13 OX=2048263 GN=hmp PE=3 SV=1
A0A1H1UMG9/27-133    -            107 seed_msa             -            157      0.04   13.8   0.2   1   1    0.0035     0.051   13.5   0.2    38   118     1    84     1   104 0.70 tr|A0A1H1UMG9|A0A1H1UMG9_9PSED Flavohemoprotein OS=Pseudomonas litoralis OX=797277 GN=hmp PE=3 SV=1
A0A2G6ASH5/27-132    -            106 seed_msa             -            157      0.04   13.8   0.1   1   1    0.0047     0.069   13.0   0.1    39   133     2    96     1   104 0.72 tr|A0A2G6ASH5|A0A2G6ASH5_9BACL Flavohemoprotein OS=Sporosarcina sp. P34 OX=2048247 GN=hmp PE=3 SV=1
M1UHU6/40-144        -            105 seed_msa             -            157      0.04   13.8   0.0   1   1    0.0031     0.045   13.6   0.0    79   125    47    93     2   103 0.78 tr|M1UHU6|M1UHU6_9CORY Putative flavohemoprotein OS=Corynebacterium callunae DSM 20147 OX=1121353 GN=H924_12830 PE=3 SV=1
A0A074Z945/29-141    -            113 seed_msa             -            157     0.041   13.8   0.0   1   1    0.0037     0.054   13.4   0.0    43   130     7   107     2   111 0.87 tr|A0A074Z945|A0A074Z945_9TREM GLOBIN domain-containing protein OS=Opisthorchis viverrini OX=6198 GN=T265_08532 PE=3 SV=1
A0A0E0UKU6/27-132    -            106 seed_msa             -            157     0.041   13.8   0.1   1   1    0.0032     0.047   13.6   0.1    39   125     2    91     1   106 0.77 tr|A0A0E0UKU6|A0A0E0UKU6_SINMB Flavohemoprotein OS=Sinorhizobium meliloti (strain BL225C) OX=698936 GN=hmp PE=3 SV=1
A0A259A3Q2/30-134    -            105 seed_msa             -            157     0.041   13.8   0.0   1   1    0.0047      0.07   13.0   0.0    39   133     2    93     1   102 0.74 tr|A0A259A3Q2|A0A259A3Q2_9RHIZ Nitric oxide dioxygenase OS=Rhizobiales bacterium 24-66-13 OX=1970548 GN=B7Y12_16350 PE=3 SV=1
A0A0B2F590/28-132    -            105 seed_msa             -            157     0.041   13.8   0.1   1   1    0.0054     0.079   12.8   0.1    39   124     1    89     1   102 0.70 tr|A0A0B2F590|A0A0B2F590_9BACL Flavohemoprotein OS=Paenibacillus sp. IHB B 3415 OX=867080 GN=hmp PE=3 SV=1
A0A1J5VL41/39-136    -             98 seed_msa             -            157     0.041   13.8   0.2   1   1    0.0044     0.065   13.1   0.2    86   142    44    94    37    98 0.85 tr|A0A1J5VL41|A0A1J5VL41_9CORY Hemin transporter OS=Corynebacterium sp. NML120713 OX=1906332 GN=BJP06_09370 PE=3 SV=1
A0A0M3DA19/29-129    -            101 seed_msa             -            157     0.041   13.8   0.0   1   1    0.0035     0.051   13.5   0.0    43   122     6    89     1    99 0.75 tr|A0A0M3DA19|A0A0M3DA19_9MICO Hemin transporter OS=Microbacterium sp. Ag1 OX=1643443 GN=AAY78_03755 PE=3 SV=1
A0A2A7V9G6/27-130    -            104 seed_msa             -            157     0.042   13.8   0.0   1   1     0.005     0.073   13.0   0.0    39   118     2    84     1    94 0.78 tr|A0A2A7V9G6|A0A2A7V9G6_ENTAG Flavohemoprotein OS=Enterobacter agglomerans OX=549 GN=hmp PE=3 SV=1
A0A074V6W9/62-166    -            105 seed_msa             -            157     0.042   13.8   0.0   1   1    0.0033     0.049   13.5   0.0    42   118     5    83     1   104 0.82 tr|A0A074V6W9|A0A074V6W9_9NEIS Flavodoxin reductase (Ferredoxin-NADPH reductases) family 1 OS=Snodgrassella alvi SCGC AB-598-J21 OX=1385367 GN=SASC598J21_012850 PE=3 SV=1
A0A080K7T9/62-166    -            105 seed_msa             -            157     0.042   13.8   0.0   1   1    0.0033     0.049   13.5   0.0    42   118     5    83     1   104 0.82 tr|A0A080K7T9|A0A080K7T9_9NEIS Flavodoxin reductase (Ferredoxin-NADPH reductase) family 1 OS=Snodgrassella alvi SCGC AB-598-P14 OX=1443104 GN=SASC598P14_009470 PE=3 SV=1
A0A1X0TDB1/29-133    -            105 seed_msa             -            157     0.042   13.8   0.0   1   1    0.0033     0.049   13.5   0.0    42   118     5    83     1   104 0.82 tr|A0A1X0TDB1|A0A1X0TDB1_9NEIS Nitric oxide dioxygenase OS=Snodgrassella alvi OX=1196083 GN=BGI02_05530 PE=3 SV=1
A0A1X0TLH1/29-133    -            105 seed_msa             -            157     0.042   13.8   0.0   1   1    0.0033     0.049   13.5   0.0    42   118     5    83     1   104 0.82 tr|A0A1X0TLH1|A0A1X0TLH1_9NEIS Nitric oxide dioxygenase OS=Snodgrassella alvi OX=1196083 GN=BGI08_01650 PE=3 SV=1
X2H5Q9/29-133        -            105 seed_msa             -            157     0.042   13.8   0.0   1   1    0.0033     0.049   13.5   0.0    42   118     5    83     1   104 0.82 tr|X2H5Q9|X2H5Q9_9NEIS Flavohemoprotein (Hemoglobin-like protein) (Flavohemoglobin) (Nitric oxide dioxygenase) OS=Snodgrassella alvi wkB2 OX=1196094 GN=SALWKB2_1332 PE=3 SV=1
A0A1G5PPM7/31-135    -            105 seed_msa             -            157     0.042   13.7   0.2   1   1    0.0036     0.053   13.4   0.2    39   121     1    86     1   104 0.82 tr|A0A1G5PPM7|A0A1G5PPM7_9RHOB Nitric oxide dioxygenase OS=Epibacterium ulvae OX=1156985 GN=SAMN04488118_101438 PE=3 SV=1
A0A2G5W206/27-132    -            106 seed_msa             -            157     0.042   13.7   0.1   1   1    0.0049     0.073   13.0   0.1    39   132     2    95     1   104 0.72 tr|A0A2G5W206|A0A2G5W206_9BACL Flavohemoprotein OS=Sporosarcina sp. P10 OX=2048264 GN=hmp PE=3 SV=1
A0A2G5WWU7/27-132    -            106 seed_msa             -            157     0.042   13.7   0.1   1   1    0.0049     0.073   13.0   0.1    39   132     2    95     1   104 0.72 tr|A0A2G5WWU7|A0A2G5WWU7_9BACL Flavohemoprotein OS=Sporosarcina sp. P16a OX=2048262 GN=hmp PE=3 SV=1
A0A2G5X0C8/27-132    -            106 seed_msa             -            157     0.042   13.7   0.1   1   1    0.0049     0.073   13.0   0.1    39   132     2    95     1   104 0.72 tr|A0A2G5X0C8|A0A2G5X0C8_9BACL Flavohemoprotein OS=Sporosarcina sp. P16b OX=2048261 GN=hmp PE=3 SV=1
A0A2G5XLA6/27-132    -            106 seed_msa             -            157     0.042   13.7   0.1   1   1    0.0049     0.073   13.0   0.1    39   132     2    95     1   104 0.72 tr|A0A2G5XLA6|A0A2G5XLA6_9BACL Flavohemoprotein OS=Sporosarcina sp. P19 OX=2048258 GN=hmp PE=3 SV=1
A0A0F3IT40/13-111    -             99 seed_msa             -            157     0.042   13.7   0.1   1   1    0.0055      0.08   12.8   0.1    85   125    48    88     1    99 0.64 tr|A0A0F3IT40|A0A0F3IT40_9PROT Uncharacterized protein OS=Elstera litoralis OX=552518 GN=VZ95_08670 PE=4 SV=1
A0A089L554/28-132    -            105 seed_msa             -            157     0.042   13.7   0.1   1   1    0.0056     0.083   12.8   0.1    39   124     1    89     1   102 0.70 tr|A0A089L554|A0A089L554_9BACL Flavohemoprotein OS=Paenibacillus sp. FSL R5-0912 OX=1536771 GN=hmp PE=3 SV=1
A0A1R1D851/28-132    -            105 seed_msa             -            157     0.042   13.7   0.1   1   1    0.0056     0.083   12.8   0.1    39   124     1    89     1   102 0.70 tr|A0A1R1D851|A0A1R1D851_9BACL Flavohemoprotein OS=Paenibacillus sp. FSL H8-0259 OX=1920423 GN=hmp PE=3 SV=1
A0A269PQ36/28-130    -            103 seed_msa             -            157     0.043   13.7   0.2   1   1    0.0038     0.056   13.3   0.2    39   125     1    90     1   101 0.76 tr|A0A269PQ36|A0A269PQ36_9GAMM Nitric oxide dioxygenase OS=Pseudoalteromonas sp. NBT06-2 OX=2025950 GN=CJF42_14300 PE=3 SV=1
A7GMY8/27-130        -            104 seed_msa             -            157     0.043   13.7   0.0   1   1    0.0034      0.05   13.5   0.0    43   104     7    70     1    94 0.83 tr|A7GMY8|A7GMY8_BACCN Flavohemoprotein OS=Bacillus cytotoxicus (strain DSM 22905 / CIP 110041 / 391-98 / NVH 391-98) OX=315749 GN=hmp PE=3 SV=1
A0A089KW99/28-132    -            105 seed_msa             -            157     0.044   13.7   0.0   1   1    0.0058     0.086   12.7   0.0    39   124     1    89     1   102 0.70 tr|A0A089KW99|A0A089KW99_9BACL Flavohemoprotein OS=Paenibacillus sp. FSL R7-0331 OX=1536773 GN=hmp PE=3 SV=1
A0A0C2NPY0/28-127    -            100 seed_msa             -            157     0.044   13.7   0.3   1   1    0.0037     0.054   13.4   0.3    40   122     2    87     1    99 0.70 tr|A0A0C2NPY0|A0A0C2NPY0_9VIBR Dihydropteridine reductase OS=Vibrio renipiscarius OX=1461322 GN=OJ16_15325 PE=3 SV=1
A0A1Z9Z341/27-131    -            105 seed_msa             -            157     0.044   13.7   0.0   1   1    0.0034      0.05   13.5   0.0    39   119     1    84     1   101 0.83 tr|A0A1Z9Z341|A0A1Z9Z341_9GAMM Flavohemoprotein OS=Acinetobacter populi OX=1582270 GN=CAP51_04260 PE=3 SV=1
A0A1W7AAF8/27-132    -            106 seed_msa             -            157     0.044   13.7   0.2   1   1    0.0045     0.066   13.1   0.2    38   103     1    69     1   100 0.85 tr|A0A1W7AAF8|A0A1W7AAF8_9STAP Flavohemoprotein OS=Macrococcus canis OX=1855823 GN=hmp PE=3 SV=1
A0A2G2G493/26-126    -            101 seed_msa             -            157     0.044   13.7   0.0   1   1    0.0045     0.067   13.1   0.0    45   122     9    85     1    98 0.70 tr|A0A2G2G493|A0A2G2G493_9PROT GLOBIN domain-containing protein OS=Arcobacter sp. OX=1872629 GN=COA44_08540 PE=3 SV=1
A0A0B4REC1/28-132    -            105 seed_msa             -            157     0.044   13.7   0.0   1   1    0.0041     0.061   13.2   0.0    39   125     1    90     1   103 0.79 tr|A0A0B4REC1|A0A0B4REC1_9BACL Flavohemoprotein OS=Planococcus sp. PAMC 21323 OX=1526927 GN=hmp PE=3 SV=1
A0A101Y1M0/28-132    -            105 seed_msa             -            157     0.044   13.7   0.0   1   1    0.0059     0.087   12.7   0.0    39   124     1    89     1   102 0.70 tr|A0A101Y1M0|A0A101Y1M0_9BACL Flavohemoprotein OS=Paenibacillus sp. DMB5 OX=1780103 GN=hmp PE=3 SV=1
A0A1G8P157/31-135    -            105 seed_msa             -            157     0.044   13.7   0.0   1   1    0.0059     0.087   12.7   0.0    39   124     1    89     1   102 0.70 tr|A0A1G8P157|A0A1G8P157_9BACL Flavohemoprotein OS=Paenibacillus typhae OX=1174501 GN=hmp PE=3 SV=1
A0A1Q9HRE6/27-127    -            101 seed_msa             -            157     0.044   13.7   0.8   1   1    0.0039     0.057   13.3   0.8    39   125     2    91     1   100 0.74 tr|A0A1Q9HRE6|A0A1Q9HRE6_9VIBR Nitric oxide dioxygenase OS=Vibrio panuliri OX=1381081 GN=BIY22_02715 PE=3 SV=1
A0A1F2K0Y9/27-130    -            104 seed_msa             -            157     0.044   13.7   0.3   1   1     0.004     0.058   13.3   0.3    39   123     1    88     1   103 0.74 tr|A0A1F2K0Y9|A0A1F2K0Y9_9SPHI Nitric oxide dioxygenase OS=Sphingobacterium sp. HMSC13C05 OX=1581095 GN=HMPREF3127_12715 PE=3 SV=1
A0A1Q4GI17/27-130    -            104 seed_msa             -            157     0.044   13.7   0.3   1   1     0.004     0.058   13.3   0.3    39   123     1    88     1   103 0.74 tr|A0A1Q4GI17|A0A1Q4GI17_9SPHI Nitric oxide dioxygenase OS=Sphingobacterium sp. 40-24 OX=1895843 GN=BGP15_06135 PE=3 SV=1
A0A1R1ILE9/30-132    -            103 seed_msa             -            157     0.045   13.7   0.0   1   1    0.0039     0.057   13.3   0.0    39   116     2    86     1   102 0.76 tr|A0A1R1ILE9|A0A1R1ILE9_9CAUL Flavohemoprotein OS=Brevundimonas sp. ZS04 OX=1906854 GN=hmp PE=3 SV=1
A0A246KAI2/30-132    -            103 seed_msa             -            157     0.045   13.7   0.0   1   1    0.0039     0.057   13.3   0.0    39   116     2    86     1   102 0.76 tr|A0A246KAI2|A0A246KAI2_BREDI Flavohemoprotein OS=Brevundimonas diminuta OX=293 GN=hmp PE=3 SV=1
A0A089KHE6/28-132    -            105 seed_msa             -            157     0.045   13.7   0.0   1   1    0.0059     0.087   12.7   0.0    39   124     1    89     1   102 0.70 tr|A0A089KHE6|A0A089KHE6_9BACL Flavohemoprotein OS=Paenibacillus sp. FSL R7-0273 OX=1536772 GN=hmp PE=3 SV=1
A0A0J6RDM4/30-133    -            104 seed_msa             -            157     0.045   13.7   0.0   1   1     0.004     0.059   13.3   0.0    39   124     2    90     1   102 0.82 tr|A0A0J6RDM4|A0A0J6RDM4_9RHIZ Dihydropteridine reductase OS=Methylobacterium indicum OX=1775910 GN=QR78_29465 PE=3 SV=1
A0A1R4F8J1/27-135    -            109 seed_msa             -            157     0.045   13.6   0.0   1   1    0.0036     0.053   13.4   0.0    86   142    55   105    17   108 0.82 tr|A0A1R4F8J1|A0A1R4F8J1_9MICC Flavohemoprotein (Hemoglobin-like protein) (Flavohemoglobin) (Nitric oxide dioxygenase) OS=Arthrobacter rhombi OX=71253 GN=FM101_02735 PE=3 SV=1
A0A2A3XJU9/27-135    -            109 seed_msa             -            157     0.045   13.6   0.0   1   1    0.0036     0.053   13.4   0.0    86   142    55   105    17   108 0.82 tr|A0A2A3XJU9|A0A2A3XJU9_9MICC Hemin transporter OS=Glutamicibacter sp. BW78 OX=2024403 GN=CIK75_15225 PE=3 SV=1
A0A1U8QYU6/51-154    -            104 seed_msa             -            157     0.046   13.6   0.0   1   1     0.004     0.059   13.3   0.0    42   112     5    77     1   102 0.73 tr|A0A1U8QYU6|A0A1U8QYU6_EMENI Uncharacterized protein OS=Emericella nidulans (strain FGSC A4 / ATCC 38163 / CBS 112.46 / NRRL 194 / M139) OX=227321 GN=AN3522.2 PE=3 SV=1
Q5B7F8/51-154        -            104 seed_msa             -            157     0.046   13.6   0.0   1   1     0.004     0.059   13.3   0.0    42   112     5    77     1   102 0.73 tr|Q5B7F8|Q5B7F8_EMENI Nitric oxide oxidoreductase (Eurofung) OS=Emericella nidulans (strain FGSC A4 / ATCC 38163 / CBS 112.46 / NRRL 194 / M139) OX=227321 GN=ANIA_03522 PE=3 SV=1
A0A1H8APJ0/27-132    -            106 seed_msa             -            157     0.046   13.6   0.0   1   1    0.0041      0.06   13.2   0.0    39   124     2    90     1   103 0.82 tr|A0A1H8APJ0|A0A1H8APJ0_9BACI Flavohemoprotein OS=Bacillus persicus OX=930146 GN=hmp PE=3 SV=1
A0A0H4WIW5/27-133    -            107 seed_msa             -            157     0.047   13.6   0.2   1   1    0.0061     0.089   12.7   0.2    39   123     2    89     1   104 0.71 tr|A0A0H4WIW5|A0A0H4WIW5_9BORD Flavohemoprotein OS=Bordetella hinzii OX=103855 GN=hmp PE=3 SV=1
A0A2G7CP06/24-128    -            105 seed_msa             -            157     0.047   13.6   0.0   1   1    0.0034      0.05   13.5   0.0    39   117     1    81     1   102 0.87 tr|A0A2G7CP06|A0A2G7CP06_9ACTN NAD(P)H-flavin reductase OS=Streptomyces sp. 61 OX=2035242 GN=CLZ78_4253 PE=3 SV=1
A0A2E2AXE6/28-131    -            104 seed_msa             -            157     0.047   13.6   0.1   1   1    0.0039     0.058   13.3   0.1    85   138    50    97     1   101 0.84 tr|A0A2E2AXE6|A0A2E2AXE6_9BACT NO-inducible flavohemoprotein OS=Phycisphaeraceae bacterium OX=2026777 GN=CMJ19_01705 PE=3 SV=1
A0A0Q2MHR6/27-127    -            101 seed_msa             -            157     0.047   13.6   1.0   1   1     0.005     0.073   13.0   1.0    39   121     2    87     1    99 0.69 tr|A0A0Q2MHR6|A0A0Q2MHR6_VIBFU Flavohemoprotein OS=Vibrio furnissii OX=29494 GN=hmp PE=3 SV=1
F0LYA5/27-127        -            101 seed_msa             -            157     0.047   13.6   1.0   1   1     0.005     0.073   13.0   1.0    39   121     2    87     1    99 0.69 tr|F0LYA5|F0LYA5_VIBFN Flavohemoprotein OS=Vibrio furnissii (strain DSM 14383 / NCTC 11218 / VL 6966) OX=903510 GN=hmp PE=3 SV=1
A0A149UPX9/31-134    -            104 seed_msa             -            157     0.047   13.6   0.1   1   1     0.013      0.19   11.6   0.1    40   142     2   100     1   103 0.65 tr|A0A149UPX9|A0A149UPX9_9PROT Dihydropteridine reductase OS=Acetobacter cerevisiae OX=178900 GN=AD952_13805 PE=3 SV=1
A0A149UXR9/31-134    -            104 seed_msa             -            157     0.047   13.6   0.1   1   1     0.013      0.19   11.6   0.1    40   142     2   100     1   103 0.65 tr|A0A149UXR9|A0A149UXR9_9PROT Dihydropteridine reductase OS=Acetobacter malorum OX=178901 GN=AD951_01175 PE=3 SV=1
A0A149V4E3/31-134    -            104 seed_msa             -            157     0.047   13.6   0.1   1   1     0.013      0.19   11.6   0.1    40   142     2   100     1   103 0.65 tr|A0A149V4E3|A0A149V4E3_9PROT Dihydropteridine reductase OS=Acetobacter malorum OX=178901 GN=AD953_09140 PE=3 SV=1
A0A1Y0V6F0/31-134    -            104 seed_msa             -            157     0.047   13.6   0.1   1   1     0.013      0.19   11.6   0.1    40   142     2   100     1   103 0.65 tr|A0A1Y0V6F0|A0A1Y0V6F0_9PROT Nitric oxide dioxygenase OS=Acetobacter ascendens OX=481146 GN=S101447_02946 PE=3 SV=1
A0A1X1LH16/27-127    -            101 seed_msa             -            157     0.047   13.6   0.4   1   1    0.0044     0.065   13.1   0.4    39   122     2    88     1    99 0.72 tr|A0A1X1LH16|A0A1X1LH16_VIBCL Flavohemoprotein OS=Vibrio cholerae OX=666 GN=hmp PE=3 SV=1
A0A0H5LVW7/27-130    -            104 seed_msa             -            157     0.047   13.6   0.0   1   1    0.0041      0.06   13.2   0.0    39   118     2    80     1    98 0.68 tr|A0A0H5LVW7|A0A0H5LVW7_YERIN Flavohemoprotein OS=Yersinia intermedia OX=631 GN=fsrB PE=3 SV=1
A0A0T9QGS2/27-130    -            104 seed_msa             -            157     0.047   13.6   0.0   1   1    0.0041      0.06   13.2   0.0    39   118     2    80     1    98 0.68 tr|A0A0T9QGS2|A0A0T9QGS2_9GAMM Flavohemoprotein OS=Yersinia massiliensis OX=419257 GN=fsrB PE=3 SV=1
A0A0T9UDB1/27-130    -            104 seed_msa             -            157     0.047   13.6   0.0   1   1    0.0041      0.06   13.2   0.0    39   118     2    80     1    98 0.68 tr|A0A0T9UDB1|A0A0T9UDB1_YERFR Flavohemoprotein OS=Yersinia frederiksenii OX=29484 GN=fsrB PE=3 SV=1
A0A1T1ZY10/31-132    -            102 seed_msa             -            157     0.048   13.5   0.0   1   1    0.0041      0.06   13.2   0.0    40   105     2    70     1   101 0.83 tr|A0A1T1ZY10|A0A1T1ZY10_9RHOB Nitric oxide dioxygenase (Fragment) OS=Thioclava sp. F28-4 OX=1915315 GN=BMI87_18675 PE=3 SV=1
A0A1T2BH13/31-132    -            102 seed_msa             -            157     0.048   13.5   0.0   1   1    0.0041      0.06   13.2   0.0    40   105     2    70     1   101 0.83 tr|A0A1T2BH13|A0A1T2BH13_9RHOB Nitric oxide dioxygenase OS=Thioclava sp. DLFJ5-1 OX=1915314 GN=BMI86_05285 PE=4 SV=1
A0A1W9XJH7/31-132    -            102 seed_msa             -            157     0.048   13.5   0.0   1   1    0.0041      0.06   13.2   0.0    40   105     2    70     1   101 0.83 tr|A0A1W9XJH7|A0A1W9XJH7_9RHOB Nitric oxide dioxygenase OS=Thioclava electrotropha OX=1549850 GN=AKL02_19080 PE=3 SV=1
A0A2A9GHT2/31-132    -            102 seed_msa             -            157     0.048   13.5   0.0   1   1    0.0041      0.06   13.2   0.0    40   105     2    70     1   101 0.83 tr|A0A2A9GHT2|A0A2A9GHT2_9RHOB Nitric oxide dioxygenase OS=Thioclava sp. ES.031 OX=1798203 GN=AXZ77_0732 PE=3 SV=1
A0A0M5JD92/27-132    -            106 seed_msa             -            157     0.048   13.5   0.2   1   1    0.0051     0.075   12.9   0.2    39   122     2    88     1   103 0.74 tr|A0A0M5JD92|A0A0M5JD92_9BACI Flavohemoprotein OS=Bacillus sp. FJAT-18017 OX=1705566 GN=hmp PE=3 SV=1
A0A1B8C6Y9/49-153    -            105 seed_msa             -            157     0.049   13.5   0.0   1   1     0.004     0.059   13.3   0.0    39   119     2    85     1   103 0.74 tr|A0A1B8C6Y9|A0A1B8C6Y9_9PEZI Uncharacterized protein OS=Pseudogymnoascus sp. WSF 3629 OX=1622147 GN=VE00_07117 PE=3 SV=1
A0A094EDR4/49-153    -            105 seed_msa             -            157     0.049   13.5   0.0   1   1    0.0042     0.062   13.2   0.0    39   119     2    85     1   103 0.72 tr|A0A094EDR4|A0A094EDR4_9PEZI Uncharacterized protein OS=Pseudogymnoascus sp. VKM F-103 OX=1420912 GN=V499_05386 PE=3 SV=1
A0A094HGY4/49-153    -            105 seed_msa             -            157     0.049   13.5   0.0   1   1    0.0042     0.062   13.2   0.0    39   119     2    85     1   103 0.72 tr|A0A094HGY4|A0A094HGY4_9PEZI Uncharacterized protein OS=Pseudogymnoascus sp. VKM F-4519 (FW-2642) OX=1420914 GN=V501_06350 PE=3 SV=1
A0A1B8D801/49-153    -            105 seed_msa             -            157     0.049   13.5   0.0   1   1    0.0042     0.062   13.2   0.0    39   119     2    85     1   103 0.72 tr|A0A1B8D801|A0A1B8D801_9PEZI Uncharacterized protein OS=Pseudogymnoascus sp. 24MN13 OX=1622150 GN=VE04_04462 PE=3 SV=1
A0A1B8F3J5/52-156    -            105 seed_msa             -            157     0.049   13.5   0.0   1   1    0.0042     0.062   13.2   0.0    39   119     2    85     1   103 0.72 tr|A0A1B8F3J5|A0A1B8F3J5_9PEZI Uncharacterized protein OS=Pseudogymnoascus sp. 05NY08 OX=1622149 GN=VF21_02643 PE=3 SV=1
A0A1B8GIL4/67-171    -            105 seed_msa             -            157     0.049   13.5   0.0   1   1    0.0042     0.062   13.2   0.0    39   119     2    85     1   103 0.72 tr|A0A1B8GIL4|A0A1B8GIL4_9PEZI Uncharacterized protein OS=Pseudogymnoascus verrucosus OX=342668 GN=VE01_05974 PE=3 SV=2
M2T559/32-132        -            101 seed_msa             -            157     0.049   13.5   0.0   1   1    0.0043     0.064   13.2   0.0    40   122     1    86     1   100 0.80 tr|M2T559|M2T559_9SPHN Flavohemoprotein OS=Pacificimonas flava OX=1234595 GN=hmp PE=3 SV=1
B0C7N8/26-127        -            102 seed_msa             -            157     0.049   13.5   0.0   1   1    0.0037     0.054   13.4   0.0    44   129     7    93     1   101 0.78 tr|B0C7N8|B0C7N8_ACAM1 Globin domain protein OS=Acaryochloris marina (strain MBIC 11017) OX=329726 GN=AM1_0212 PE=3 SV=1
A0A085TRP8/32-134    -            103 seed_msa             -            157     0.049   13.5   0.0   1   1    0.0041     0.061   13.2   0.0    40   122     1    86     1   100 0.81 tr|A0A085TRP8|A0A085TRP8_9RHOB Flavohemoprotein Hmp OS=Thioclava atlantica OX=1317124 GN=DW2_18154 PE=4 SV=1
A0A1A6IQ22/27-127    -            101 seed_msa             -            157     0.049   13.5   0.2   1   1    0.0047     0.069   13.0   0.2    39   129     2    92     1   100 0.67 tr|A0A1A6IQ22|A0A1A6IQ22_9VIBR Nitric oxide dioxygenase OS=Vibrio tasmaniensis OX=212663 GN=A9261_21770 PE=3 SV=1
A0A1B9QB42/27-127    -            101 seed_msa             -            157     0.049   13.5   0.2   1   1    0.0047     0.069   13.0   0.2    39   129     2    92     1   100 0.67 tr|A0A1B9QB42|A0A1B9QB42_9VIBR Nitric oxide dioxygenase OS=Vibrio lentus OX=136468 GN=A6E08_02830 PE=3 SV=1
A0A1R3F0E9/27-127    -            101 seed_msa             -            157     0.049   13.5   0.2   1   1    0.0047     0.069   13.0   0.2    39   129     2    92     1   100 0.67 tr|A0A1R3F0E9|A0A1R3F0E9_9VIBR Nitric oxide dioxygenase OS=Vibrio lentus OX=136468 GN=BCU16_12770 PE=3 SV=1
A0A2G1AVL0/27-127    -            101 seed_msa             -            157     0.049   13.5   0.2   1   1    0.0047     0.069   13.0   0.2    39   129     2    92     1   100 0.67 tr|A0A2G1AVL0|A0A2G1AVL0_VIBSP NO-inducible flavohemoprotein OS=Vibrio splendidus OX=29497 GN=CSB62_07660 PE=3 SV=1
A0A0H6PDP2/27-111    -             85 seed_msa             -            157      0.05   13.5   1.0   1   1     0.005     0.073   13.0   1.0    39   116     2    82     1    84 0.78 tr|A0A0H6PDP2|A0A0H6PDP2_VIBCL Bifunctional nitric oxide dioxygenase/dihydropteridine reductase 2 OS=Vibrio cholerae OX=666 GN=hmp PE=3 SV=1
M0QG83/26-125        -            100 seed_msa             -            157      0.05   13.5   0.1   1   1    0.0034      0.05   13.5   0.1    74   122    40    88     1   100 0.70 tr|M0QG83|M0QG83_9ACTN Putative oxidoreductase OS=Gordonia soli NBRC 108243 OX=1223545 GN=GS4_08_00380 PE=3 SV=1
A0A1N7IZM9/34-139    -            106 seed_msa             -            157      0.05   13.5   0.0   1   1    0.0044     0.065   13.1   0.0    39   123     2    89     1   101 0.83 tr|A0A1N7IZM9|A0A1N7IZM9_9BACI Flavohemoprotein OS=Salimicrobium flavidum OX=570947 GN=hmp PE=3 SV=1
A0A2A4G046/47-147    -            101 seed_msa             -            157      0.05   13.5   0.0   1   1    0.0037     0.054   13.4   0.0    81   122    45    86     1   100 0.74 tr|A0A2A4G046|A0A2A4G046_9SPHN GLOBIN domain-containing protein OS=Rhizorhabdus dicambivorans OX=1850238 GN=COO09_00790 PE=3 SV=1
A0A1R4G3V6/24-125    -            102 seed_msa             -            157      0.05   13.5   0.0   1   1    0.0037     0.054   13.4   0.0    40   136     2    99     1   102 0.75 tr|A0A1R4G3V6|A0A1R4G3V6_9MICC Flavohemoprotein (Hemoglobin-like protein) (Flavohemoglobin) (Nitric oxide dioxygenase) OS=Arthrobacter rhombi OX=71253 GN=FM101_07555 PE=3 SV=1
A0A2A3XQT4/24-125    -            102 seed_msa             -            157      0.05   13.5   0.0   1   1    0.0037     0.054   13.4   0.0    40   136     2    99     1   102 0.75 tr|A0A2A3XQT4|A0A2A3XQT4_9MICC Oxidoreductase OS=Glutamicibacter sp. BW78 OX=2024403 GN=CIK75_06365 PE=3 SV=1
A0A1H0B6I4/27-132    -            106 seed_msa             -            157      0.05   13.5   0.1   1   1    0.0075      0.11   12.4   0.1    39   123     2    89     1   101 0.71 tr|A0A1H0B6I4|A0A1H0B6I4_9BACI Flavohemoprotein OS=Psychrobacillus sp. OK028 OX=1884359 GN=hmp PE=3 SV=1
C9P7Z2/27-126        -            100 seed_msa             -            157      0.05   13.5   0.3   1   1    0.0051     0.075   12.9   0.3    39   122     2    88     1    99 0.68 tr|C9P7Z2|C9P7Z2_VIBME Flavohemoprotein OS=Vibrio metschnikovii CIP 69.14 OX=675813 GN=VIB_002634 PE=3 SV=1
A0A1Q5AAP1/23-128    -            106 seed_msa             -            157      0.05   13.5   0.0   1   1    0.0037     0.054   13.4   0.0    39   117     2    82     1   103 0.86 tr|A0A1Q5AAP1|A0A1Q5AAP1_9ACTN Flavohemoprotein OS=Streptomyces sp. MJM1172 OX=1703926 GN=AMK15_25910 PE=3 SV=1
C5M8D8/33-138        -            106 seed_msa             -            157     0.051   13.5   0.0   1   1    0.0038     0.056   13.3   0.0    38   123     1    89     1   106 0.81 tr|C5M8D8|C5M8D8_CANTT Uncharacterized protein OS=Candida tropicalis (strain ATCC MYA-3404 / T1) OX=294747 GN=CTRG_02660 PE=3 SV=1
A0A1Y5D389/27-130    -            104 seed_msa             -            157     0.051   13.5   0.4   1   1    0.0059     0.086   12.7   0.4    39   116     2    82     1   102 0.68 tr|A0A1Y5D389|A0A1Y5D389_9GAMM Nitric oxide dioxygenase OS=Colwellia sp. 39_35_sub15_T18 OX=1856279 GN=A9Q74_03625 PE=3 SV=1
B9EAY0/27-132        -            106 seed_msa             -            157     0.051   13.5   0.1   1   1    0.0041     0.061   13.2   0.1    38   103     1    69     1    98 0.88 tr|B9EAY0|B9EAY0_MACCJ Uncharacterized protein OS=Macrococcus caseolyticus (strain JCSC5402) OX=458233 GN=MCCL_0684 PE=3 SV=1
A0A0B6TIG4/39-148    -            110 seed_msa             -            157     0.051   13.5   0.0   1   1    0.0037     0.054   13.4   0.0    72   122    41    91     2   109 0.77 tr|A0A0B6TIG4|A0A0B6TIG4_9CORY Putative flavohemoprotein OS=Corynebacterium marinum DSM 44953 OX=1224162 GN=B840_10900 PE=3 SV=1
A0A0Q4GGK8/18-121    -            104 seed_msa             -            157     0.051   13.5   0.0   1   1    0.0049     0.073   13.0   0.0    40   127     4    90     1   100 0.71 tr|A0A0Q4GGK8|A0A0Q4GGK8_9SPHN GLOBIN domain-containing protein OS=Sphingomonas sp. Leaf20 OX=1735685 GN=ASE72_04055 PE=3 SV=1
A0A2A2MKL7/27-127    -            101 seed_msa             -            157     0.052   13.5   1.0   1   1    0.0051     0.074   12.9   1.0    39   130     2    93     1   100 0.73 tr|A0A2A2MKL7|A0A2A2MKL7_9VIBR Flavohemoprotein OS=Vibrio coralliilyticus OX=190893 GN=hmp PE=3 SV=1
A0A0D2IV47/59-163    -            105 seed_msa             -            157     0.052   13.4   0.0   1   1    0.0051     0.076   12.9   0.0    39   124     2    90     1   104 0.73 tr|A0A0D2IV47|A0A0D2IV47_9EURO Uncharacterized protein OS=Fonsecaea multimorphosa CBS 102226 OX=1442371 GN=Z520_03598 PE=3 SV=1
A0A178CDA9/59-163    -            105 seed_msa             -            157     0.052   13.4   0.0   1   1    0.0051     0.076   12.9   0.0    39   124     2    90     1   104 0.73 tr|A0A178CDA9|A0A178CDA9_9EURO Uncharacterized protein OS=Fonsecaea multimorphosa OX=979981 GN=AYO22_03421 PE=3 SV=1
D1A3X5/26-128        -            103 seed_msa             -            157     0.052   13.4   0.0   1   1    0.0046     0.067   13.1   0.0    44   106     7    68     1    80 0.81 tr|D1A3X5|D1A3X5_THECD Oxidoreductase FAD/NAD(P)-binding domain protein OS=Thermomonospora curvata (strain ATCC 19995 / DSM 43183 / JCM 3096 / NBRC 15933 / NCIMB 10081 / Henssen B9) OX=471852 GN=Tcur_2466 PE=3 SV=1
A0A1J6VX60/28-132    -            105 seed_msa             -            157     0.052   13.4   0.1   1   1    0.0049     0.072   13.0   0.1    39   116     1    81     1   100 0.70 tr|A0A1J6VX60|A0A1J6VX60_9BACI Flavohemoprotein OS=Bacillus aquimaris OX=189382 GN=hmp PE=3 SV=1
A0A2G7D691/27-129    -            103 seed_msa             -            157     0.052   13.4   0.0   1   1     0.004     0.059   13.3   0.0    39   111     2    79     1   102 0.80 tr|A0A2G7D691|A0A2G7D691_9ACTN Nitric oxide dioxygenase OS=Verrucosispora sp. CNZ293 OX=2035249 GN=CLT74_2590 PE=3 SV=1
A0A179F4L5/31-134    -            104 seed_msa             -            157     0.053   13.4   0.1   1   1    0.0061      0.09   12.7   0.1    39   122     1    87     1   104 0.77 tr|A0A179F4L5|A0A179F4L5_METCM Flavohemoglobin OS=Pochonia chlamydosporia 170 OX=1380566 GN=VFPPC_10771 PE=3 SV=1
A0A254UQ91/31-134    -            104 seed_msa             -            157     0.053   13.4   0.0   1   1    0.0045     0.067   13.1   0.0    40   105     2    70     1   101 0.83 tr|A0A254UQ91|A0A254UQ91_9RHOB Nitric oxide dioxygenase OS=Thioclava sp. JM3 OX=1973004 GN=B6V73_20115 PE=4 SV=1
A0A1I5J260/30-130    -            101 seed_msa             -            157     0.053   13.4   0.0   1   1    0.0053     0.079   12.9   0.0    39   122     2    88     1   100 0.78 tr|A0A1I5J260|A0A1I5J260_PARPN Nitric oxide dioxygenase OS=Paracoccus pantotrophus OX=82367 GN=BDE18_1325 PE=3 SV=1
A0A127VIQ1/26-129    -            104 seed_msa             -            157     0.053   13.4   0.0   1   1    0.0055     0.081   12.8   0.0    39   117     2    83     1    97 0.76 tr|A0A127VIQ1|A0A127VIQ1_9SPHI Flavohemoprotein OS=Pedobacter cryoconitis OX=188932 GN=AY601_4336 PE=3 SV=1
A0A165JEN9/27-131    -            105 seed_msa             -            157     0.053   13.4   0.0   1   1    0.0036     0.053   13.4   0.0    47   132    11    95     1   104 0.68 tr|A0A165JEN9|A0A165JEN9_9GAMM Nitric oxide dioxygenase OS=Alcanivorax sp. HI0044 OX=1822234 GN=A3730_02505 PE=3 SV=1
A0A088UI85/28-133    -            106 seed_msa             -            157     0.053   13.4   0.0   1   1    0.0045     0.066   13.1   0.0    39   125     1    90     1   104 0.73 tr|A0A088UI85|A0A088UI85_9BURK Flavohemoprotein OS=Burkholderia cenocepacia OX=95486 GN=hmp PE=3 SV=1
A0A132EPP0/28-133    -            106 seed_msa             -            157     0.053   13.4   0.0   1   1    0.0045     0.066   13.1   0.0    39   125     1    90     1   104 0.73 tr|A0A132EPP0|A0A132EPP0_9BURK Flavohemoprotein OS=Burkholderia pseudomultivorans OX=1207504 GN=hmp PE=3 SV=1
F0G1D1/28-133        -            106 seed_msa             -            157     0.053   13.4   0.0   1   1    0.0045     0.066   13.1   0.0    39   125     1    90     1   104 0.73 tr|F0G1D1|F0G1D1_9BURK Flavohemoprotein OS=Burkholderia sp. TJI49 OX=987057 GN=hmp PE=3 SV=1
C7JEC1/61-162        -            102 seed_msa             -            157     0.053   13.4   0.0   1   1     0.016      0.23   11.3   0.0    39   142     2   101     1   101 0.71 tr|C7JEC1|C7JEC1_ACEP3 Flavohemoprotein/Globin OS=Acetobacter pasteurianus (strain NBRC 3283 / LMG 1513 / CCTM 1153) OX=634452 GN=APA01_21890 PE=3 SV=1
A0A2K0TWQ4/29-133    -            105 seed_msa             -            157     0.053   13.4   0.0   1   1    0.0045     0.065   13.1   0.0    39   105     2    71     1   100 0.81 tr|A0A2K0TWQ4|A0A2K0TWQ4_TRIHA Uncharacterized protein OS=Trichoderma harzianum OX=5544 GN=THARTR1_09446 PE=3 SV=1
A0A063X8S4/31-134    -            104 seed_msa             -            157     0.054   13.4   0.1   1   1      0.02      0.29   11.0   0.1    40   142     2   100     1   103 0.66 tr|A0A063X8S4|A0A063X8S4_ACEAC Dihydropteridine reductase OS=Acetobacter aceti 1023 OX=1457393 GN=AZ09_00295 PE=3 SV=1
A0A149S7C0/31-134    -            104 seed_msa             -            157     0.054   13.4   0.1   1   1      0.02      0.29   11.0   0.1    40   142     2   100     1   103 0.66 tr|A0A149S7C0|A0A149S7C0_GLUOY Dihydropteridine reductase OS=Gluconobacter oxydans OX=442 GN=AD934_01230 PE=3 SV=1
A0A1A0CBD2/31-134    -            104 seed_msa             -            157     0.054   13.4   0.1   1   1      0.02      0.29   11.0   0.1    40   142     2   100     1   103 0.66 tr|A0A1A0CBD2|A0A1A0CBD2_ACEPA Nitric oxide dioxygenase OS=Acetobacter pasteurianus OX=438 GN=SRCM100623_02852 PE=3 SV=1
A0A1Y0Y9D3/31-134    -            104 seed_msa             -            157     0.054   13.4   0.1   1   1      0.02      0.29   11.0   0.1    40   142     2   100     1   103 0.66 tr|A0A1Y0Y9D3|A0A1Y0Y9D3_ACEPA Nitric oxide dioxygenase OS=Acetobacter pasteurianus subsp. pasteurianus OX=481145 GN=S1001342_02734 PE=3 SV=1
F1YWY6/31-134        -            104 seed_msa             -            157     0.054   13.4   0.1   1   1      0.02      0.29   11.0   0.1    40   142     2   100     1   103 0.66 tr|F1YWY6|F1YWY6_9PROT Flavohemoprotein OS=Acetobacter pomorum DM001 OX=945681 GN=hmp PE=3 SV=1
A0A1C3J0T8/27-127    -            101 seed_msa             -            157     0.054   13.4   0.2   1   1    0.0052     0.076   12.9   0.2    39   129     2    92     1   100 0.67 tr|A0A1C3J0T8|A0A1C3J0T8_9VIBR Flavohemoprotein OS=Vibrio atlanticus OX=693153 GN=hmp_1 PE=3 SV=1
A0A1E5EWN8/27-127    -            101 seed_msa             -            157     0.054   13.4   0.2   1   1    0.0052     0.076   12.9   0.2    39   129     2    92     1   100 0.67 tr|A0A1E5EWN8|A0A1E5EWN8_9VIBR Nitric oxide dioxygenase OS=Vibrio tasmaniensis 1F-187 OX=1191322 GN=A152_01475 PE=3 SV=1
B7VRH6/27-127        -            101 seed_msa             -            157     0.054   13.4   0.2   1   1    0.0052     0.076   12.9   0.2    39   129     2    92     1   100 0.67 tr|B7VRH6|B7VRH6_VIBTL Flavohemoprotein (Hemoglobin-like protein) OS=Vibrio tasmaniensis (strain LGP32) OX=575788 GN=VS_II0564 PE=3 SV=1
A0A0F8VSU8/54-157    -            104 seed_msa             -            157     0.054   13.4   0.0   1   1    0.0047     0.069   13.0   0.0    39   119     1    84     1   102 0.71 tr|A0A0F8VSU8|A0A0F8VSU8_9EURO Bacterial hemoglobin OS=Aspergillus rambellii OX=308745 GN=ARAM_001568 PE=3 SV=1
A0A0D1ZV94/73-177    -            105 seed_msa             -            157     0.054   13.4   0.0   1   1    0.0059     0.087   12.7   0.0    80   124    46    90     1   103 0.67 tr|A0A0D1ZV94|A0A0D1ZV94_EXOME Uncharacterized protein OS=Exophiala mesophila OX=212818 GN=PV10_05377 PE=3 SV=1
M3VCE7/27-129        -            103 seed_msa             -            157     0.054   13.4   0.0   1   1    0.0039     0.058   13.3   0.0    58   118    19    83     2   101 0.72 tr|M3VCE7|M3VCE7_9ACTN Putative oxidoreductase OS=Gordonia malaquae NBRC 108250 OX=1223542 GN=GM1_049_00130 PE=3 SV=1
A0A0H3KZ78/28-131    -            104 seed_msa             -            157     0.055   13.4   0.0   1   1    0.0044     0.064   13.1   0.0    39   123     1    88     1   103 0.70 tr|A0A0H3KZ78|A0A0H3KZ78_BURM1 Flavohemoprotein OS=Burkholderia multivorans (strain ATCC 17616 / 249) OX=395019 GN=hmpA PE=3 SV=1
A0A228EF10/28-131    -            104 seed_msa             -            157     0.055   13.4   0.0   1   1    0.0044     0.064   13.1   0.0    39   123     1    88     1   103 0.70 tr|A0A228EF10|A0A228EF10_9BURK Flavohemoprotein OS=Burkholderia multivorans OX=87883 GN=hmp PE=3 SV=1
I2HU82/27-132        -            106 seed_msa             -            157     0.055   13.4   0.0   1   1    0.0052     0.077   12.9   0.0    39   135     2    95     1   103 0.69 tr|I2HU82|I2HU82_9BACI Flavohemoprotein OS=Bacillus sp. 5B6 OX=1127743 GN=hmp PE=3 SV=1
A0A1H2DJ31/84-181    -             98 seed_msa             -            157     0.055   13.4   0.1   1   1    0.0047     0.069   13.0   0.1    64   108    22    71     1    80 0.68 tr|A0A1H2DJ31|A0A1H2DJ31_9ACTN NAD(P)H-flavin reductase OS=Streptomyces sp. TLI_053 OX=1855352 GN=SAMN05216371_7033 PE=3 SV=1
A0A0A3HU05/27-132    -            106 seed_msa             -            157     0.055   13.4   0.1   1   1    0.0052     0.076   12.9   0.1    39   118     2    84     1   103 0.70 tr|A0A0A3HU05|A0A0A3HU05_9BACI Dihydropteridine reductase OS=Lysinibacillus sinduriensis BLB-1 = JCM 15800 OX=1384057 GN=CD33_16625 PE=3 SV=1
A0A086WT03/27-127    -            101 seed_msa             -            157     0.055   13.3   1.2   1   1    0.0055      0.08   12.8   1.2    39   130     2    93     1   100 0.73 tr|A0A086WT03|A0A086WT03_9VIBR Flavohemoprotein OS=Vibrio sp. B183 OX=1526762 GN=hmp PE=3 SV=1
A0A0F4PEE3/27-127    -            101 seed_msa             -            157     0.055   13.3   1.2   1   1    0.0055      0.08   12.8   1.2    39   130     2    93     1   100 0.73 tr|A0A0F4PEE3|A0A0F4PEE3_9VIBR Flavohemoprotein OS=Vibrio neptunius OX=170651 GN=hmp PE=3 SV=1
A0A1V0IBW8/27-127    -            101 seed_msa             -            157     0.055   13.3   1.2   1   1    0.0055      0.08   12.8   1.2    39   130     2    93     1   100 0.73 tr|A0A1V0IBW8|A0A1V0IBW8_9VIBR Flavohemoprotein OS=Vibrio coralliilyticus OX=190893 GN=hmp PE=3 SV=1
A0A2A2CNB6/27-127    -            101 seed_msa             -            157     0.055   13.3   1.2   1   1    0.0055      0.08   12.8   1.2    39   130     2    93     1   100 0.73 tr|A0A2A2CNB6|A0A2A2CNB6_9VIBR Flavohemoprotein OS=Vibrio coralliilyticus OX=190893 GN=hmp PE=3 SV=1
A0A243WET3/27-130    -            104 seed_msa             -            157     0.056   13.3   0.1   1   1    0.0057     0.083   12.8   0.1    43   118     6    83     1    99 0.76 tr|A0A243WET3|A0A243WET3_9BACT Nitric oxide dioxygenase OS=Hymenobacter sp. MIMBbqt21 OX=1770526 GN=BXP70_09480 PE=3 SV=1
A0A0Q7JLC6/27-132    -            106 seed_msa             -            157     0.056   13.3   0.5   1   1    0.0059     0.086   12.7   0.5    38   125     1    91     1   104 0.74 tr|A0A0Q7JLC6|A0A0Q7JLC6_9BACL Flavohemoprotein OS=Paenibacillus sp. Root444D2 OX=1736538 GN=hmp PE=3 SV=1
A0A0Q9LH53/27-132    -            106 seed_msa             -            157     0.056   13.3   0.5   1   1    0.0059     0.086   12.7   0.5    38   125     1    91     1   104 0.74 tr|A0A0Q9LH53|A0A0Q9LH53_9BACL Flavohemoprotein OS=Paenibacillus sp. Soil724D2 OX=1736392 GN=hmp PE=3 SV=1
A0A259T2Y1/28-132    -            105 seed_msa             -            157     0.056   13.3   0.1   1   1    0.0057     0.083   12.8   0.1    44   124     7    89     1   102 0.70 tr|A0A259T2Y1|A0A259T2Y1_9BACL Flavohemoprotein OS=Paenibacillus sp. XY044 OX=2026089 GN=hmp PE=3 SV=1
A0A0B4RE71/27-132    -            106 seed_msa             -            157     0.056   13.3   0.0   1   1    0.0056     0.082   12.8   0.0    38   125     1    91     1   104 0.75 tr|A0A0B4RE71|A0A0B4RE71_9BACL Flavohemoprotein OS=Planococcus sp. PAMC 21323 OX=1526927 GN=hmp PE=3 SV=1
A0A1C7DF72/27-132    -            106 seed_msa             -            157     0.056   13.3   0.0   1   1    0.0056     0.082   12.8   0.0    38   125     1    91     1   104 0.75 tr|A0A1C7DF72|A0A1C7DF72_9BACL Flavohemoprotein OS=Planococcus antarcticus DSM 14505 OX=1185653 GN=hmp PE=3 SV=1
B0UBV3/30-135        -            106 seed_msa             -            157     0.057   13.3   0.0   1   1    0.0048     0.071   13.0   0.0    39   114     2    80     1   102 0.82 tr|B0UBV3|B0UBV3_METS4 Flavohemoprotein OS=Methylobacterium sp. (strain 4-46) OX=426117 GN=hmp PE=3 SV=1
A0A2J9DX37/28-132    -            105 seed_msa             -            157     0.057   13.3   0.2   1   1     0.006     0.089   12.7   0.2    39   124     1    89     1   105 0.80 tr|A0A2J9DX37|A0A2J9DX37_9GAMM Flavohemoprotein OS=Psychrobacter sp. FDAARGOS_221 OX=1975705 GN=A6J60_003780 PE=3 SV=1
A0A1R3FRU8/27-127    -            101 seed_msa             -            157     0.058   13.3   0.2   1   1    0.0056     0.082   12.8   0.2    39   129     2    92     1   100 0.67 tr|A0A1R3FRU8|A0A1R3FRU8_9VIBR Flavohemoprotein OS=Vibrio sp. 10N.261.45.E1 OX=1903177 GN=hmp PE=3 SV=1
A0A1C3ZB37/29-133    -            105 seed_msa             -            157     0.058   13.3   0.0   1   1    0.0048     0.071   13.0   0.0    42   118     5    83     1   103 0.78 tr|A0A1C3ZB37|A0A1C3ZB37_9NEIS Nitric oxide dioxygenase OS=Snodgrassella sp. R-53583 OX=1798181 GN=GA0061082_101401 PE=3 SV=1
A0A0D7XXN0/27-132    -            106 seed_msa             -            157     0.058   13.3   0.0   1   1    0.0056     0.083   12.8   0.0    39   136     2    96     1   102 0.69 tr|A0A0D7XXN0|A0A0D7XXN0_BACAM Flavohemoprotein OS=Bacillus amyloliquefaciens OX=1390 GN=hmp PE=3 SV=1
A0A1N7GSB1/27-132    -            106 seed_msa             -            157     0.058   13.3   0.0   1   1    0.0056     0.083   12.8   0.0    39   136     2    96     1   102 0.69 tr|A0A1N7GSB1|A0A1N7GSB1_9BACI Flavohemoprotein OS=Bacillus sp. RUPDJ OX=1907305 GN=hmp PE=3 SV=1
A0A1U3Q690/27-132    -            106 seed_msa             -            157     0.058   13.3   0.0   1   1    0.0056     0.083   12.8   0.0    39   136     2    96     1   102 0.69 tr|A0A1U3Q690|A0A1U3Q690_9MYCO Flavohemoprotein OS=Mycobacteroides abscessus subsp. massiliense OX=1962118 GN=hmp_1 PE=3 SV=1
A0A1W6HLA2/27-132    -            106 seed_msa             -            157     0.058   13.3   0.0   1   1    0.0056     0.083   12.8   0.0    39   136     2    96     1   102 0.69 tr|A0A1W6HLA2|A0A1W6HLA2_BACVA Flavohemoprotein OS=Bacillus vallismortis OX=72361 GN=hmp PE=3 SV=1
A0A2D3DR21/27-132    -            106 seed_msa             -            157     0.058   13.3   0.0   1   1    0.0056     0.083   12.8   0.0    39   136     2    96     1   102 0.69 tr|A0A2D3DR21|A0A2D3DR21_9BACI Flavohemoprotein OS=Bacillus velezensis OX=492670 GN=hmp PE=3 SV=1
A0A2I5K0H9/27-132    -            106 seed_msa             -            157     0.058   13.3   0.0   1   1    0.0056     0.083   12.8   0.0    39   136     2    96     1   102 0.69 tr|A0A2I5K0H9|A0A2I5K0H9_9BACI Flavohemoprotein OS=Bacillus velezensis OX=492670 GN=hmp PE=3 SV=1
A7Z7Q3/27-132        -            106 seed_msa             -            157     0.058   13.3   0.0   1   1    0.0056     0.083   12.8   0.0    39   136     2    96     1   102 0.69 tr|A7Z7Q3|A7Z7Q3_BACVZ Flavohemoprotein OS=Bacillus velezensis (strain DSM 23117 / BGSC 10A6 / FZB42) OX=326423 GN=hmp PE=3 SV=1
I2C908/27-132        -            106 seed_msa             -            157     0.058   13.3   0.0   1   1    0.0056     0.083   12.8   0.0    39   136     2    96     1   102 0.69 tr|I2C908|I2C908_BACAM Flavohemoprotein OS=Bacillus amyloliquefaciens Y2 OX=1126211 GN=hmp PE=3 SV=1
S6FU23/27-132        -            106 seed_msa             -            157     0.058   13.3   0.0   1   1    0.0056     0.083   12.8   0.0    39   136     2    96     1   102 0.69 tr|S6FU23|S6FU23_9BACI Flavohemoprotein OS=Bacillus velezensis UCMB5033 OX=1338518 GN=hmp PE=3 SV=1
A0A0L1LAC1/27-127    -            101 seed_msa             -            157     0.058   13.3   0.2   1   1    0.0056     0.083   12.8   0.2    39   129     2    92     1   100 0.67 tr|A0A0L1LAC1|A0A0L1LAC1_9VIBR Flavohemoprotein OS=Vibrio lentus OX=136468 GN=hmp PE=3 SV=1
A0A0T7D9X2/27-127    -            101 seed_msa             -            157     0.058   13.3   0.2   1   1    0.0056     0.083   12.8   0.2    39   129     2    92     1   100 0.67 tr|A0A0T7D9X2|A0A0T7D9X2_9VIBR Flavohemoprotein OS=Vibrio sp. J2-4 OX=1507977 GN=hmp PE=3 SV=1
A0A0T7DUE6/27-127    -            101 seed_msa             -            157     0.058   13.3   0.2   1   1    0.0056     0.083   12.8   0.2    39   129     2    92     1   100 0.67 tr|A0A0T7DUE6|A0A0T7DUE6_9VIBR Flavohemoprotein OS=Vibrio sp. J2-29 OX=1507979 GN=hmp PE=3 SV=1
A0A0T7EDR5/27-127    -            101 seed_msa             -            157     0.058   13.3   0.2   1   1    0.0056     0.083   12.8   0.2    39   129     2    92     1   100 0.67 tr|A0A0T7EDR5|A0A0T7EDR5_9VIBR Flavohemoprotein OS=Vibrio sp. J2-31 OX=1507980 GN=hmp PE=3 SV=1
A0A1B1BZS6/27-127    -            101 seed_msa             -            157     0.058   13.3   0.2   1   1    0.0056     0.083   12.8   0.2    39   129     2    92     1   100 0.67 tr|A0A1B1BZS6|A0A1B1BZS6_9VIBR Flavohemoprotein OS=Vibrio crassostreae 9CS106 OX=1191300 GN=hmp PE=3 SV=1
A0A1E5DVL6/27-127    -            101 seed_msa             -            157     0.058   13.3   0.2   1   1    0.0056     0.083   12.8   0.2    39   129     2    92     1   100 0.67 tr|A0A1E5DVL6|A0A1E5DVL6_9VIBR Flavohemoprotein OS=Vibrio kanaloae 5S-149 OX=1191299 GN=hmp PE=3 SV=1
A0A1E5FNB6/27-127    -            101 seed_msa             -            157     0.058   13.3   0.2   1   1    0.0056     0.083   12.8   0.2    39   129     2    92     1   100 0.67 tr|A0A1E5FNB6|A0A1E5FNB6_VIBSP Flavohemoprotein OS=Vibrio splendidus 12E03 OX=1191305 GN=hmp PE=3 SV=1
A0A1V9JHX5/27-127    -            101 seed_msa             -            157     0.058   13.3   0.2   1   1    0.0056     0.083   12.8   0.2    39   129     2    92     1   100 0.67 tr|A0A1V9JHX5|A0A1V9JHX5_VIBSP Flavohemoprotein OS=Vibrio splendidus OX=29497 GN=hmp PE=3 SV=1
A0A2J6VH58/27-127    -            101 seed_msa             -            157     0.058   13.3   0.2   1   1    0.0056     0.083   12.8   0.2    39   129     2    92     1   100 0.67 tr|A0A2J6VH58|A0A2J6VH58_9VIBR Flavohemoprotein OS=Vibrio sp. 10N.261.54.C3 OX=1884474 GN=hmp PE=3 SV=1
A0A081NY12/27-132    -            106 seed_msa             -            157     0.058   13.3   0.1   1   1    0.0067     0.098   12.5   0.1    44   125     8    91     1   103 0.76 tr|A0A081NY12|A0A081NY12_9BACL Flavohemoprotein OS=Paenibacillus tyrfis OX=1501230 GN=hmp PE=3 SV=1
A0A0N0CLE3/27-130    -            104 seed_msa             -            157     0.059   13.3   0.0   1   1    0.0049     0.072   13.0   0.0    39   113     2    79     1    98 0.71 tr|A0A0N0CLE3|A0A0N0CLE3_9GAMM Flavohemoprotein OS=Photorhabdus heterorhabditis OX=880156 GN=hmp PE=3 SV=1
A0A158M6Z9/27-133    -            107 seed_msa             -            157     0.059   13.3   0.1   1   1     0.006     0.089   12.7   0.1    44   122     8    88     1   101 0.73 tr|A0A158M6Z9|A0A158M6Z9_9BORD Flavohemoprotein OS=Bordetella holmesii CDC-H585-BH OX=1331206 GN=hmp PE=3 SV=1
A0A1I1NXY6/28-132    -            105 seed_msa             -            157     0.059   13.3   0.0   1   1    0.0049     0.072   13.0   0.0    39   122     1    87     1   103 0.82 tr|A0A1I1NXY6|A0A1I1NXY6_9BACI Flavohemoprotein OS=Bacillus sp. UNCCL81 OX=1502755 GN=hmp PE=3 SV=1
A0A1V9DAQ7/27-130    -            104 seed_msa             -            157      0.06   13.2   0.0   1   1    0.0053     0.079   12.9   0.0    39   118     2    84     1    97 0.82 tr|A0A1V9DAQ7|A0A1V9DAQ7_9GAMM Flavohemoprotein OS=Pantoea latae OX=1964541 GN=hmp PE=3 SV=1
A0A083ZVH2/27-130    -            104 seed_msa             -            157      0.06   13.2   0.1   1   1    0.0048      0.07   13.0   0.1    39   114     2    80     1    98 0.71 tr|A0A083ZVH2|A0A083ZVH2_9GAMM Flavohemoprotein OS=Serratia sp. DD3 OX=1410619 GN=hmp PE=3 SV=1
A0A2A9CI37/27-132    -            106 seed_msa             -            157      0.06   13.2   0.2   1   1    0.0059     0.087   12.7   0.2    39   125     2    91     1   104 0.76 tr|A0A2A9CI37|A0A2A9CI37_9BACI Flavohemoprotein OS=Bacillus sp. es.036 OX=1761764 GN=hmp PE=3 SV=1
A0A2C5XY61/29-133    -            105 seed_msa             -            157      0.06   13.2   0.1   1   1      0.01      0.15   11.9   0.1    40   103     2    68     1    79 0.82 tr|A0A2C5XY61|A0A2C5XY61_9HYPO Uncharacterized protein OS=Ophiocordyceps australis OX=1399860 GN=CDD81_2802 PE=3 SV=1
A0A258IHS9/30-134    -            105 seed_msa             -            157      0.06   13.2   0.1   1   1    0.0078      0.11   12.3   0.1    39   133     2    93     1   102 0.73 tr|A0A258IHS9|A0A258IHS9_9RHIZ Nitric oxide dioxygenase OS=Rhizobiales bacterium 32-66-11 OX=1970549 GN=B7Y95_21110 PE=3 SV=1
A0A0V9JGW7/27-130    -            104 seed_msa             -            157      0.06   13.2   0.0   1   1    0.0047     0.069   13.0   0.0    39   117     2    83     1    98 0.83 tr|A0A0V9JGW7|A0A0V9JGW7_9ENTR Flavohemoprotein OS=Citrobacter sp. 50677481 OX=1736699 GN=hmp PE=3 SV=1
A0A0G3S5I6/27-130    -            104 seed_msa             -            157     0.061   13.2   0.0   1   1    0.0047     0.069   13.0   0.0    39   117     2    83     1    98 0.83 tr|A0A0G3S5I6|A0A0G3S5I6_KLEOX Flavohemoprotein OS=Klebsiella oxytoca OX=571 GN=hmp PE=3 SV=1
A0A0H3HI49/27-130    -            104 seed_msa             -            157     0.061   13.2   0.0   1   1    0.0047     0.069   13.0   0.0    39   117     2    83     1    98 0.83 tr|A0A0H3HI49|A0A0H3HI49_KLEOK Flavohemoprotein OS=Klebsiella oxytoca (strain ATCC 8724 / DSM 4798 / JCM 20051 / NBRC 3318 / NRRL B-199 / KCTC 1686) OX=1006551 GN=hmp PE=3 SV=1
A0A0J2GV69/27-130    -            104 seed_msa             -            157     0.061   13.2   0.0   1   1    0.0047     0.069   13.0   0.0    39   117     2    83     1    98 0.83 tr|A0A0J2GV69|A0A0J2GV69_9ENTR Flavohemoprotein OS=Klebsiella michiganensis OX=1134687 GN=hmp PE=3 SV=1
A0A169PFP1/27-130    -            104 seed_msa             -            157     0.061   13.2   0.0   1   1    0.0047     0.069   13.0   0.0    39   117     2    83     1    98 0.83 tr|A0A169PFP1|A0A169PFP1_KLEOX Flavohemoprotein OS=Klebsiella oxytoca OX=571 GN=hmp_1 PE=3 SV=1
A0A1D8JXQ5/27-130    -            104 seed_msa             -            157     0.061   13.2   0.0   1   1    0.0047     0.069   13.0   0.0    39   117     2    83     1    98 0.83 tr|A0A1D8JXQ5|A0A1D8JXQ5_9ENTR Flavohemoprotein OS=Klebsiella sp. LTGPAF-6F OX=1905288 GN=hmp PE=3 SV=1
A0A1E9YVC2/27-130    -            104 seed_msa             -            157     0.061   13.2   0.0   1   1    0.0047     0.069   13.0   0.0    39   117     2    83     1    98 0.83 tr|A0A1E9YVC2|A0A1E9YVC2_9ENTR Flavohemoprotein OS=Enterobacter sp. HMSC055A11 OX=1715020 GN=hmp PE=3 SV=1
A0A249WKS4/27-130    -            104 seed_msa             -            157     0.061   13.2   0.0   1   1    0.0047     0.069   13.0   0.0    39   117     2    83     1    98 0.83 tr|A0A249WKS4|A0A249WKS4_9ENTR Flavohemoprotein OS=Klebsiella michiganensis OX=1134687 GN=hmp PE=3 SV=1
A0A285B7F4/27-130    -            104 seed_msa             -            157     0.061   13.2   0.0   1   1    0.0047     0.069   13.0   0.0    39   117     2    83     1    98 0.83 tr|A0A285B7F4|A0A285B7F4_9ENTR Flavohemoprotein OS=Klebsiella grimontii OX=2058152 GN=hmp PE=3 SV=1
A0A2I8WRG9/27-130    -            104 seed_msa             -            157     0.061   13.2   0.0   1   1    0.0047     0.069   13.0   0.0    39   117     2    83     1    98 0.83 tr|A0A2I8WRG9|A0A2I8WRG9_KLEOX Flavohemoprotein OS=Klebsiella oxytoca OX=571 GN=hmp_1 PE=3 SV=1
A0A2J4VQ54/27-130    -            104 seed_msa             -            157     0.061   13.2   0.0   1   1    0.0047     0.069   13.0   0.0    39   117     2    83     1    98 0.83 tr|A0A2J4VQ54|A0A2J4VQ54_9ENTR Flavohemoprotein OS=Klebsiella michiganensis OX=1134687 GN=hmp PE=3 SV=1
D2TU05/27-130        -            104 seed_msa             -            157     0.061   13.2   0.0   1   1    0.0047     0.069   13.0   0.0    39   117     2    83     1    98 0.83 tr|D2TU05|D2TU05_CITRI Flavohemoprotein OS=Citrobacter rodentium (strain ICC168) OX=637910 GN=hmpA PE=3 SV=1
H3N167/27-130        -            104 seed_msa             -            157     0.061   13.2   0.0   1   1    0.0047     0.069   13.0   0.0    39   117     2    83     1    98 0.83 tr|H3N167|H3N167_9ENTR Flavohemoprotein OS=Klebsiella michiganensis OX=1134687 GN=hmp PE=3 SV=1
J5WLF1/68-171        -            104 seed_msa             -            157     0.061   13.2   0.0   1   1    0.0047     0.069   13.0   0.0    39   117     2    83     1    98 0.83 tr|J5WLF1|J5WLF1_9ENTR Flavohemoprotein OS=Klebsiella sp. OBRC7 OX=936565 GN=hmp PE=3 SV=1
J4JJK2/28-131        -            104 seed_msa             -            157     0.061   13.2   0.0   1   1    0.0049     0.072   13.0   0.0    39   123     1    88     1   103 0.71 tr|J4JJK2|J4JJK2_9BURK Flavohemoprotein OS=Burkholderia multivorans CF2 OX=985078 GN=hmp PE=3 SV=1
A0A0E9MYQ4/26-129    -            104 seed_msa             -            157     0.061   13.2   0.4   1   1     0.007       0.1   12.5   0.4    38   125     1    84     1   101 0.67 tr|A0A0E9MYQ4|A0A0E9MYQ4_9BACT Putative globin-like protein OS=Flavihumibacter petaseus NBRC 106054 OX=1220578 GN=FPE01S_01_15610 PE=3 SV=1
A0A109WFY9/27-132    -            106 seed_msa             -            157     0.061   13.2   0.0   1   1     0.006     0.088   12.7   0.0    39   138     2    98     1   102 0.71 tr|A0A109WFY9|A0A109WFY9_9BACI Flavohemoprotein OS=Bacillus sp. SDLI1 OX=1774743 GN=hmp PE=3 SV=1
A0A268DSG1/27-132    -            106 seed_msa             -            157     0.061   13.2   0.0   1   1     0.006     0.088   12.7   0.0    39   138     2    98     1   102 0.71 tr|A0A268DSG1|A0A268DSG1_9BACI Flavohemoprotein OS=Bacillus siamensis OX=659243 GN=hmp PE=3 SV=1
A0A1C3J9K7/27-127    -            101 seed_msa             -            157     0.061   13.2   0.2   1   1     0.006     0.088   12.7   0.2    39   129     2    92     1   100 0.67 tr|A0A1C3J9K7|A0A1C3J9K7_9VIBR Flavohemoprotein OS=Vibrio celticus OX=446372 GN=hmp_1 PE=3 SV=1
A0A0V8HH78/28-132    -            105 seed_msa             -            157     0.061   13.2   0.2   1   1    0.0061      0.09   12.7   0.2    39   115     1    80     1    99 0.71 tr|A0A0V8HH78|A0A0V8HH78_9BACI Flavohemoprotein OS=Bacillus enclensis OX=1402860 GN=hmp PE=3 SV=1
A0A1V2H5U8/32-129    -             98 seed_msa             -            157     0.062   13.2   0.0   1   1    0.0061      0.09   12.7   0.0    40   121     1    85     1    95 0.82 tr|A0A1V2H5U8|A0A1V2H5U8_9PROT Nitric oxide dioxygenase OS=Roseomonas deserti OX=1817963 GN=BKE38_07110 PE=3 SV=1
A0A0A0TZZ4/27-132    -            106 seed_msa             -            157     0.062   13.2   0.1   1   1    0.0059     0.086   12.7   0.1    39   137     2    97     1   104 0.67 tr|A0A0A0TZZ4|A0A0A0TZZ4_BACIU Flavohemoprotein OS=Bacillus subtilis OX=1423 GN=hmp PE=3 SV=1
A0A1B9S013/30-132    -            103 seed_msa             -            157     0.062   13.2   0.1   1   1    0.0074      0.11   12.4   0.1    39   121     2    87     1   102 0.71 tr|A0A1B9S013|A0A1B9S013_9RHIZ Flavohemoprotein OS=Rhizobium sp. AC44/96 OX=1841654 GN=hmp PE=3 SV=1
A0A0F9ZNA7/29-132    -            104 seed_msa             -            157     0.062   13.2   0.0   1   1    0.0052     0.077   12.9   0.0    39   105     2    71     1    99 0.81 tr|A0A0F9ZNA7|A0A0F9ZNA7_TRIHA Nitric oxide dioxygenase OS=Trichoderma harzianum OX=5544 GN=THAR02_06158 PE=3 SV=1
A0A0A5IBX2/27-127    -            101 seed_msa             -            157     0.062   13.2   0.9   1   1    0.0061      0.09   12.7   0.9    39   129     2    92     1   100 0.71 tr|A0A0A5IBX2|A0A0A5IBX2_9VIBR Flavohemoprotein OS=Vibrio tubiashii OX=29498 GN=hmp PE=3 SV=1
A0A2A5HE23/28-131    -            104 seed_msa             -            157     0.063   13.2   0.0   1   1    0.0055     0.081   12.8   0.0    39   121     1    86     1   101 0.67 tr|A0A2A5HE23|A0A2A5HE23_9ALTE Flavohemoprotein OS=Alteromonadaceae bacterium OX=1916082 GN=COA42_21850 PE=3 SV=1
A0A1I0MYA2/28-130    -            103 seed_msa             -            157     0.063   13.2   0.0   1   1    0.0043     0.063   13.2   0.0    64   126    26    89     1   103 0.70 tr|A0A1I0MYA2|A0A1I0MYA2_9RHOB Hemoglobin-like flavoprotein OS=Cognatiyoonia koreensis OX=364200 GN=SAMN04488515_0317 PE=3 SV=1
A0A120DFD8/27-127    -            101 seed_msa             -            157     0.063   13.2   0.2   1   1    0.0061     0.089   12.7   0.2    39   125     2    91     1   100 0.67 tr|A0A120DFD8|A0A120DFD8_9VIBR Flavohemoprotein OS=Vibrio toranzoniae OX=1194427 GN=hmp PE=3 SV=1
A1T2S8/29-133        -            105 seed_msa             -            157     0.064   13.2   0.0   1   1    0.0043     0.064   13.2   0.0    79   132    43    97     5   105 0.73 tr|A1T2S8|A1T2S8_MYCVP Oxidoreductase FAD-binding domain protein OS=Mycolicibacterium vanbaalenii (strain DSM 7251 / JCM 13017 / NRRL B-24157 / PYR-1) OX=350058 GN=Mvan_0639 PE=3 SV=1
A0A1W0YUH4/28-131    -            104 seed_msa             -            157     0.064   13.2   0.0   1   1    0.0052     0.077   12.9   0.0    39   122     1    87     1   102 0.70 tr|A0A1W0YUH4|A0A1W0YUH4_9BURK Flavohemoprotein OS=Burkholderia multivorans OX=87883 GN=hmp PE=3 SV=1
A0A0L8BH63/27-132    -            106 seed_msa             -            157     0.064   13.1   0.0   1   1     0.005     0.074   12.9   0.0    39   124     2    90     1   106 0.78 tr|A0A0L8BH63|A0A0L8BH63_ENSAD Flavohemoprotein OS=Ensifer adhaerens OX=106592 GN=hmp PE=3 SV=1
T0HDG2/30-130        -            101 seed_msa             -            157     0.064   13.1   0.0   1   1    0.0066     0.097   12.6   0.0    39   122     2    88     1   101 0.76 tr|T0HDG2|T0HDG2_9SPHN Dihydropteridine reductase OS=Sphingobium baderi LL03 OX=1114964 GN=L485_21420 PE=3 SV=1
A0A127KZM9/27-130    -            104 seed_msa             -            157     0.064   13.1   0.0   1   1    0.0056     0.083   12.8   0.0    39   117     2    83     1    97 0.75 tr|A0A127KZM9|A0A127KZM9_9ENTR Flavohemoprotein OS=Enterobacter sp. FY-07 OX=1692238 GN=hmp PE=3 SV=1
A0A1C3ZGE3/27-130    -            104 seed_msa             -            157     0.064   13.1   0.0   1   1    0.0056     0.083   12.8   0.0    39   117     2    83     1    97 0.75 tr|A0A1C3ZGE3|A0A1C3ZGE3_9ENTR Flavohemoprotein OS=Kosakonia oryzendophytica OX=1005665 GN=hmp PE=3 SV=1
A0A1Y0XDV5/27-132    -            106 seed_msa             -            157     0.065   13.1   0.1   1   1    0.0059     0.087   12.7   0.1    39   137     2    97     1   104 0.71 tr|A0A1Y0XDV5|A0A1Y0XDV5_BACAM Flavohemoprotein OS=Bacillus amyloliquefaciens OX=1390 GN=yhb1 PE=3 SV=1
A0A1Q4YJ89/23-128    -            106 seed_msa             -            157     0.065   13.1   0.0   1   1    0.0048      0.07   13.0   0.0    39   117     2    82     1   103 0.86 tr|A0A1Q4YJ89|A0A1Q4YJ89_9ACTN Flavohemoprotein OS=Streptomyces sp. CB03578 OX=1718987 GN=A6A28_35245 PE=3 SV=1
B4V9T0/23-128        -            106 seed_msa             -            157     0.065   13.1   0.0   1   1    0.0048      0.07   13.0   0.0    39   117     2    82     1   103 0.86 tr|B4V9T0|B4V9T0_9ACTN Flavohemoprotein OS=Streptomyces sp. Mg1 OX=465541 GN=SSAG_04588 PE=3 SV=1
G4HG40/27-132        -            106 seed_msa             -            157     0.065   13.1   0.1   1   1    0.0067     0.099   12.5   0.1    39   118     2    84     1   101 0.71 tr|G4HG40|G4HG40_9BACL Flavohemoprotein OS=Paenibacillus lactis 154 OX=743719 GN=hmp PE=3 SV=1
M7U145/34-139        -            106 seed_msa             -            157     0.065   13.1   0.0   1   1    0.0062     0.091   12.6   0.0    40   105     2    70     1   100 0.69 tr|M7U145|M7U145_EUTLA Putative flavohemo protein OS=Eutypa lata (strain UCR-EL1) OX=1287681 GN=UCREL1_293 PE=3 SV=1
A0A1C0U0H1/27-130    -            104 seed_msa             -            157     0.066   13.1   0.0   1   1    0.0058     0.085   12.7   0.0    39   115     2    81     1    98 0.70 tr|A0A1C0U0H1|A0A1C0U0H1_9GAMM Flavohemoprotein OS=Photorhabdus australis OX=286156 GN=hmp PE=3 SV=1
A0A2J4PT13/16-119    -            104 seed_msa             -            157     0.066   13.1   0.0   1   1    0.0053     0.078   12.9   0.0    39   116     2    82     1    97 0.83 tr|A0A2J4PT13|A0A2J4PT13_9ENTR NO-inducible flavohemoprotein (Fragment) OS=Klebsiella michiganensis OX=1134687 GN=CWN50_30060 PE=3 SV=1
A0A2J9L991/27-130    -            104 seed_msa             -            157     0.066   13.1   0.0   1   1    0.0053     0.078   12.9   0.0    39   114     2    80     1    99 0.77 tr|A0A2J9L991|A0A2J9L991_PROMI Flavohemoprotein OS=Proteus mirabilis OX=584 GN=hmp PE=3 SV=1
W7VVN2/43-145        -            103 seed_msa             -            157     0.067   13.1   0.0   1   1    0.0051     0.075   12.9   0.0    39   109     2    84     1   102 0.70 tr|W7VVN2|W7VVN2_9ACTN Flavohemoprotein OS=Micromonospora sp. M42 OX=457406 GN=MCBG_01820 PE=3 SV=1
G9N8G9/29-133        -            105 seed_msa             -            157     0.067   13.1   0.0   1   1    0.0057     0.083   12.8   0.0    39   106     2    72     1   100 0.79 tr|G9N8G9|G9N8G9_HYPVG Uncharacterized protein OS=Hypocrea virens (strain Gv29-8 / FGSC 10586) OX=413071 GN=TRIVIDRAFT_216937 PE=3 SV=1
A0A1G7W044/27-132    -            106 seed_msa             -            157     0.067   13.1   0.2   1   1    0.0076      0.11   12.4   0.2    39   122     2    88     1   103 0.72 tr|A0A1G7W044|A0A1G7W044_9BACL Flavohemoprotein OS=Planomicrobium glaciei OX=459472 GN=hmp PE=3 SV=1
A0A0C1S7V1/90-190    -            101 seed_msa             -            157     0.067   13.1   0.0   1   1    0.0059     0.087   12.7   0.0    64   111    21    73    14   100 0.75 tr|A0A0C1S7V1|A0A0C1S7V1_9ACTN Uncharacterized protein OS=Streptomyces sp. RSD-27 OX=1571774 GN=PL81_28520 PE=4 SV=1
A0A0T9TVK3/27-130    -            104 seed_msa             -            157     0.067   13.1   0.0   1   1    0.0061      0.09   12.7   0.0    39   122     2    84     1    99 0.73 tr|A0A0T9TVK3|A0A0T9TVK3_YERIN Flavohemoprotein OS=Yersinia intermedia OX=631 GN=fsrB PE=3 SV=1
A0A268TCW6/27-131    -            105 seed_msa             -            157     0.067   13.1   0.0   1   1    0.0051     0.075   12.9   0.0    45   129     9    92     1   104 0.65 tr|A0A268TCW6|A0A268TCW6_9HELI Bacitracin resistance protein BacA OS=Helicobacter sp. 11S02629-2 OX=1476195 GN=BKH40_07775 PE=3 SV=1
A0A1C7DR90/28-132    -            105 seed_msa             -            157     0.067   13.1   0.0   1   1    0.0066     0.097   12.6   0.0    39   123     1    88     1   103 0.77 tr|A0A1C7DR90|A0A1C7DR90_9BACL Flavohemoprotein OS=Planococcus halocryophilus OX=1215089 GN=hmp PE=3 SV=1
A0A2A2M6Z7/27-130    -            104 seed_msa             -            157     0.068   13.1   0.0   1   1    0.0055     0.082   12.8   0.0    39   122     2    84     1    98 0.76 tr|A0A2A2M6Z7|A0A2A2M6Z7_9GAMM Flavohemoprotein OS=Hafnia paralvei OX=546367 GN=hmpA PE=3 SV=1
E5YDT0/27-130        -            104 seed_msa             -            157     0.068   13.1   0.0   1   1    0.0055     0.082   12.8   0.0    39   122     2    84     1    98 0.76 tr|E5YDT0|E5YDT0_9ENTR Flavohemoprotein OS=Enterobacteriaceae bacterium 9_2_54FAA OX=469613 GN=hmp PE=3 SV=1
A0A1I0KMV7/28-132    -            105 seed_msa             -            157     0.069   13.0   0.1   1   1    0.0093      0.14   12.1   0.1    44   122     7    87     1    96 0.69 tr|A0A1I0KMV7|A0A1I0KMV7_9BACL Flavohemoprotein OS=Paenibacillus sp. NFR01 OX=1566279 GN=hmp PE=3 SV=1
A0A0C5VV87/27-130    -            104 seed_msa             -            157     0.069   13.0   0.0   1   1    0.0057     0.084   12.8   0.0    39   123     2    85     1    98 0.76 tr|A0A0C5VV87|A0A0C5VV87_9ENTR Flavohemoprotein OS=Enterobacteriaceae bacterium bta3-1 OX=1265478 GN=hmp PE=3 SV=1
G9Y700/27-130        -            104 seed_msa             -            157     0.069   13.0   0.0   1   1    0.0057     0.084   12.8   0.0    39   123     2    85     1    98 0.76 tr|G9Y700|G9Y700_HAFAL Flavohemoprotein OS=Hafnia alvei ATCC 51873 OX=1002364 GN=hmp PE=3 SV=1
A0A1X1D3X4/27-130    -            104 seed_msa             -            157     0.069   13.0   0.0   1   1    0.0078      0.11   12.3   0.0    39   117     2    83     1    98 0.75 tr|A0A1X1D3X4|A0A1X1D3X4_9GAMM Flavohemoprotein OS=Pantoea wallisii OX=1076551 GN=hmp PE=3 SV=1
X1WTL0/27-130        -            104 seed_msa             -            157     0.069   13.0   0.0   1   1    0.0078      0.11   12.3   0.0    39   117     2    83     1    98 0.75 tr|X1WTL0|X1WTL0_ACYPI GLOBIN domain-containing protein OS=Acyrthosiphon pisum OX=7029 PE=3 SV=1
A0A1S8CHT0/27-130    -            104 seed_msa             -            157     0.069   13.0   0.0   1   1     0.006     0.088   12.7   0.0    39   119     2    85     1    98 0.73 tr|A0A1S8CHT0|A0A1S8CHT0_9GAMM Flavohemoprotein OS=Serratia oryzae OX=2034155 GN=hmp PE=3 SV=1
A1B2P2/30-130        -            101 seed_msa             -            157      0.07   13.0   0.0   1   1    0.0068       0.1   12.5   0.0    39   119     2    84     1   100 0.72 tr|A1B2P2|A1B2P2_PARDP Globin OS=Paracoccus denitrificans (strain Pd 1222) OX=318586 GN=Pden_1689 PE=3 SV=1
A0A072PP17/73-177    -            105 seed_msa             -            157      0.07   13.0   0.0   1   1    0.0082      0.12   12.3   0.0    39   123     2    89     1   103 0.71 tr|A0A072PP17|A0A072PP17_9EURO Nitric oxide dioxygenase OS=Exophiala aquamarina CBS 119918 OX=1182545 GN=A1O9_03054 PE=3 SV=1
A0A158BYZ8/27-131    -            105 seed_msa             -            157     0.071   13.0   0.0   1   1    0.0058     0.085   12.8   0.0    38   107     1    73     1   103 0.74 tr|A0A158BYZ8|A0A158BYZ8_9BURK Flavohemoprotein OS=Caballeronia temeraria OX=1777137 GN=hmp PE=3 SV=1
A0A158CQY3/27-131    -            105 seed_msa             -            157     0.071   13.0   0.0   1   1    0.0058     0.085   12.8   0.0    38   107     1    73     1   103 0.74 tr|A0A158CQY3|A0A158CQY3_9BURK Flavohemoprotein OS=Caballeronia fortuita OX=1777138 GN=hmp PE=3 SV=1
A0A0N0NAB8/19-123    -            105 seed_msa             -            157     0.071   13.0   0.0   1   1    0.0052     0.077   12.9   0.0    39   117     1    81     1   103 0.86 tr|A0A0N0NAB8|A0A0N0NAB8_9ACTN Nitric oxide dioxygenase OS=Actinobacteria bacterium OV450 OX=1592328 GN=OV450_1745 PE=3 SV=1
A0A0N0UYC0/28-130    -            103 seed_msa             -            157     0.071   13.0   0.0   1   1    0.0049     0.073   13.0   0.0    40   105     2    68     1   101 0.82 tr|A0A0N0UYC0|A0A0N0UYC0_9BACT GLOBIN domain-containing protein OS=bacterium 336/3 OX=1664068 GN=AD998_10010 PE=3 SV=1
A0A0A8NZN2/27-130    -            104 seed_msa             -            157     0.072   13.0   0.0   1   1    0.0067     0.099   12.5   0.0    39   115     2    81     1   100 0.71 tr|A0A0A8NZN2|A0A0A8NZN2_XENNE Flavohemoprotein OS=Xenorhabdus nematophila str. Websteri OX=1437826 GN=hmp PE=3 SV=1
A0A0R4FPE5/27-130    -            104 seed_msa             -            157     0.072   13.0   0.0   1   1    0.0067     0.099   12.5   0.0    39   115     2    81     1   100 0.71 tr|A0A0R4FPE5|A0A0R4FPE5_XENNE Flavohemoprotein OS=Xenorhabdus nematophila AN6/1 OX=1437823 GN=hmp PE=3 SV=1
D3VLL7/27-130        -            104 seed_msa             -            157     0.072   13.0   0.0   1   1    0.0067     0.099   12.5   0.0    39   115     2    81     1   100 0.71 tr|D3VLL7|D3VLL7_XENNA Flavohemoprotein OS=Xenorhabdus nematophila (strain ATCC 19061 / DSM 3370 / LMG 1036 / NCIB 9965 / AN6) OX=406817 GN=hmp PE=3 SV=1
N1NMD6/27-130        -            104 seed_msa             -            157     0.072   13.0   0.0   1   1    0.0067     0.099   12.5   0.0    39   115     2    81     1   100 0.71 tr|N1NMD6|N1NMD6_XENNE Flavohemoprotein OS=Xenorhabdus nematophila F1 OX=1306162 GN=hmp PE=3 SV=1
A0A198GG28/27-130    -            104 seed_msa             -            157     0.072   13.0   0.0   1   1    0.0058     0.085   12.7   0.0    39   113     2    79     1    99 0.77 tr|A0A198GG28|A0A198GG28_9GAMM Flavohemoprotein OS=Cosenzaea myxofaciens ATCC 19692 OX=1354337 GN=hmp PE=3 SV=1
A0A1E2VW54/28-132    -            105 seed_msa             -            157     0.072   13.0   0.0   1   1     0.006     0.088   12.7   0.0    39   122     1    87     1   103 0.80 tr|A0A1E2VW54|A0A1E2VW54_9BACI Flavohemoprotein OS=Bacillus luciferensis OX=178774 GN=hmp PE=3 SV=1
A0A2C3K976/28-132    -            105 seed_msa             -            157     0.072   13.0   0.0   1   1     0.006     0.088   12.7   0.0    39   122     1    87     1   103 0.80 tr|A0A2C3K976|A0A2C3K976_9BACI Flavohemoprotein OS=Bacillus sp. AFS029533 OX=2033494 GN=hmp PE=3 SV=1
A0A246RDB8/27-128    -            102 seed_msa             -            157     0.072   13.0   0.0   1   1    0.0056     0.082   12.8   0.0    39   111     2    86     1   100 0.78 tr|A0A246RDB8|A0A246RDB8_9ACTN Hemin transporter OS=Micromonospora wenchangensis OX=1185415 GN=B5D80_30490 PE=3 SV=1
A0A1B8FYN8/52-156    -            105 seed_msa             -            157     0.072   13.0   0.0   1   1    0.0061     0.089   12.7   0.0    45   119     9    85     1   103 0.69 tr|A0A1B8FYN8|A0A1B8FYN8_9PEZI Uncharacterized protein OS=Pseudogymnoascus sp. 03VT05 OX=1622148 GN=VE02_03212 PE=3 SV=1
C7BSE1/27-130        -            104 seed_msa             -            157     0.072   13.0   0.0   1   1     0.006     0.088   12.7   0.0    39   114     2    80     1    98 0.70 tr|C7BSE1|C7BSE1_PHOAA Flavohemoprotein OS=Photorhabdus asymbiotica subsp. asymbiotica (strain ATCC 43949 / 3105-77) OX=553480 GN=hmpA PE=3 SV=1
A0A1T2B6P5/31-132    -            102 seed_msa             -            157     0.073   13.0   0.0   1   1    0.0062     0.091   12.6   0.0    40   103     2    68     1    97 0.88 tr|A0A1T2B6P5|A0A1T2B6P5_9RHOB Nitric oxide dioxygenase OS=Thioclava sp. DLFJ4-1 OX=1915313 GN=BMI85_05050 PE=3 SV=1
A0A2A9GM67/31-132    -            102 seed_msa             -            157     0.073   13.0   0.0   1   1    0.0062     0.091   12.6   0.0    40   103     2    68     1    97 0.88 tr|A0A2A9GM67|A0A2A9GM67_9RHOB Nitric oxide dioxygenase OS=Thioclava sp. ES.031 OX=1798203 GN=AXZ77_2512 PE=3 SV=1
A0A1I0GE89/26-130    -            105 seed_msa             -            157     0.073   13.0   0.0   1   1    0.0061      0.09   12.7   0.0    39   108     2    74     1   101 0.69 tr|A0A1I0GE89|A0A1I0GE89_9BACT Flavohemoprotein OS=Hymenobacter actinosclerus OX=82805 GN=hmp PE=3 SV=1
A0A1C5GEA8/27-129    -            103 seed_msa             -            157     0.074   12.9   0.0   1   1    0.0065     0.095   12.6   0.0    39   111     2    86     1   102 0.73 tr|A0A1C5GEA8|A0A1C5GEA8_9ACTN Nitric oxide dioxygenase OS=Micromonospora echinofusca OX=47858 GN=GA0070610_3767 PE=3 SV=1
A0A269W7M7/28-132    -            105 seed_msa             -            157     0.075   12.9   0.0   1   1    0.0072      0.11   12.4   0.0    39   125     1    90     1   103 0.80 tr|A0A269W7M7|A0A269W7M7_9BACL Flavohemoprotein OS=Paenibacillus sp. 7541 OX=2026236 GN=hmp PE=3 SV=1
A5L047/27-127        -            101 seed_msa             -            157     0.075   12.9   0.2   1   1    0.0073      0.11   12.4   0.2    39   128     2    91     1   100 0.65 tr|A5L047|A5L047_VIBBS Flavohemoprotein OS=Vibrionales bacterium (strain SWAT-3) OX=391574 GN=hmp PE=3 SV=1
A0A256G723/30-130    -            101 seed_msa             -            157     0.075   12.9   0.0   1   1    0.0084      0.12   12.2   0.0    39   122     2    87     1   101 0.68 tr|A0A256G723|A0A256G723_9RHIZ Flavohemoprotein OS=Ochrobactrum pseudogrignonense OX=419475 GN=hmp PE=3 SV=1
A0A2C6TTM2/27-131    -            105 seed_msa             -            157     0.076   12.9   0.6   1   1    0.0081      0.12   12.3   0.6    84   136    50   103     6   105 0.88 tr|A0A2C6TTM2|A0A2C6TTM2_NOSLI Bacitracin resistance protein BacA OS=Nostoc linckia z16 OX=1628751 GN=VF13_19125 PE=3 SV=1
A0A1H0XPG8/35-140    -            106 seed_msa             -            157     0.076   12.9   0.1   1   1    0.0068     0.099   12.5   0.1    45   125     9    91     1   104 0.67 tr|A0A1H0XPG8|A0A1H0XPG8_9BACI Flavohemoprotein OS=Virgibacillus salinus OX=553311 GN=hmp PE=3 SV=1
A0A0D2A3J6/48-152    -            105 seed_msa             -            157     0.076   12.9   0.0   1   1    0.0067     0.099   12.5   0.0    39   122     2    88     1   104 0.72 tr|A0A0D2A3J6|A0A0D2A3J6_9EURO Uncharacterized protein OS=Exophiala spinifera OX=91928 GN=PV08_00029 PE=3 SV=1
A0A1V9DXY5/26-131    -            106 seed_msa             -            157     0.076   12.9   0.1   1   1    0.0071       0.1   12.4   0.1    44   123     8    89     1   106 0.67 tr|A0A1V9DXY5|A0A1V9DXY5_9BACT Nitric oxide dioxygenase OS=Niastella yeongjuensis OX=354355 GN=A4H97_18035 PE=3 SV=1
A0A0D2YHP4/54-157    -            104 seed_msa             -            157     0.076   12.9   0.0   1   1    0.0068       0.1   12.5   0.0    43   124     6    89     1   103 0.70 tr|A0A0D2YHP4|A0A0D2YHP4_FUSO4 Uncharacterized protein OS=Fusarium oxysporum f. sp. lycopersici (strain 4287 / CBS 123668 / FGSC 9935 / NRRL 34936) OX=426428 GN=FOXG_15840 PE=3 SV=1
W9ZB36/54-157        -            104 seed_msa             -            157     0.076   12.9   0.0   1   1    0.0068       0.1   12.5   0.0    43   124     6    89     1   103 0.70 tr|W9ZB36|W9ZB36_FUSOX Uncharacterized protein OS=Fusarium oxysporum f. sp. melonis 26406 OX=1089452 GN=FOMG_17559 PE=3 SV=1
M7A962/26-131        -            106 seed_msa             -            157     0.076   12.9   0.1   1   1    0.0054     0.079   12.9   0.1    70   125    35    90     2   104 0.73 tr|M7A962|M7A962_9ACTN Oxidoreductase OS=Gordonia sp. NB4-1Y OX=1241906 GN=ISGA_1515 PE=3 SV=1
A0A1I3JNA0/27-130    -            104 seed_msa             -            157     0.076   12.9   0.0   1   1    0.0064     0.095   12.6   0.0    39   115     2    81     1   100 0.72 tr|A0A1I3JNA0|A0A1I3JNA0_9GAMM Flavohemoprotein OS=Xenorhabdus mauleonii OX=351675 GN=hmp PE=3 SV=1
A0A2A3G490/29-134    -            106 seed_msa             -            157     0.076   12.9   0.0   1   1    0.0053     0.078   12.9   0.0    44   125     8    89     1   106 0.75 tr|A0A2A3G490|A0A2A3G490_9NOCA Flavoprotein OS=Rhodococcus sp. ACS1 OX=2028570 GN=CJ179_09705 PE=3 SV=1
A0A1G8S554/34-139    -            106 seed_msa             -            157     0.077   12.9   0.0   1   1    0.0087      0.13   12.2   0.0    39   122     2    88     1   100 0.79 tr|A0A1G8S554|A0A1G8S554_9BACI Flavohemoprotein OS=Salimicrobium halophilum OX=86666 GN=hmp PE=3 SV=1
A0A1V9KAY4/24-128    -            105 seed_msa             -            157     0.078   12.9   0.0   1   1    0.0053     0.079   12.9   0.0    39   106     1    71     1   103 0.89 tr|A0A1V9KAY4|A0A1V9KAY4_9ACTN Flavohemoprotein OS=Streptomyces sp. M41(2017) OX=1955065 GN=B0675_05995 PE=3 SV=1
T5KE60/29-129        -            101 seed_msa             -            157     0.078   12.9   0.0   1   1    0.0066     0.096   12.6   0.0    43   121     6    88     1   100 0.76 tr|T5KE60|T5KE60_9MICO Uncharacterized protein OS=Microbacterium maritypicum MF109 OX=1333857 GN=L687_02985 PE=3 SV=1
S7X5W1/26-130        -            105 seed_msa             -            157     0.078   12.9   0.1   1   1    0.0071       0.1   12.5   0.1    39   105     2    71     1   100 0.79 tr|S7X5W1|S7X5W1_9BACT Flavohemoprotein (Hemoglobin-like protein) (Flavohemoglobin) (Nitric oxide dioxygenase) OS=Cyclobacterium qasimii M12-11B OX=641524 GN=ADICYQ_0370 PE=3 SV=1
A0A261CYJ7/23-126    -            104 seed_msa             -            157     0.079   12.8   0.0   1   1    0.0059     0.086   12.7   0.0    39   117     2    80     1   104 0.71 tr|A0A261CYJ7|A0A261CYJ7_9ACTN Flavoprotein OS=Williamsia sp. 1138 OX=1903117 GN=BH683_018465 PE=3 SV=1
A0A068RCF1/27-130    -            104 seed_msa             -            157     0.079   12.8   0.0   1   1    0.0067     0.099   12.5   0.0    39   121     2    83     1    99 0.73 tr|A0A068RCF1|A0A068RCF1_9GAMM Flavohemoprotein OS=Serratia symbiotica SCt-VLC OX=1347341 GN=hmp PE=3 SV=1
A0A1G5RE95/27-130    -            104 seed_msa             -            157      0.08   12.8   0.1   1   1    0.0078      0.11   12.3   0.1    39   114     2    80     1    98 0.65 tr|A0A1G5RE95|A0A1G5RE95_PHOLU Flavohemoprotein OS=Photorhabdus luminescens OX=29488 GN=hmp PE=3 SV=1
A0A125Q938/30-129    -            100 seed_msa             -            157      0.08   12.8   0.0   1   1    0.0075      0.11   12.4   0.0    39   121     2    87     1    95 0.73 tr|A0A125Q938|A0A125Q938_9RHIZ Flavohemoprotein OS=Rhizobium altiplani OX=1864509 GN=hmp PE=3 SV=1
A0A1M6P0F8/42-147    -            106 seed_msa             -            157      0.08   12.8   0.2   1   1    0.0078      0.11   12.3   0.2    38   125     1    91     1   104 0.78 tr|A0A1M6P0F8|A0A1M6P0F8_9BACL Nitric oxide dioxygenase OS=Alicyclobacillus montanus OX=1830138 GN=SAMN05443507_10748 PE=3 SV=1
I3DWY7/27-132        -            106 seed_msa             -            157     0.081   12.8   0.2   1   1    0.0084      0.12   12.2   0.2    39   122     2    88     1   102 0.77 tr|I3DWY7|I3DWY7_BACMT Flavohemoprotein OS=Bacillus methanolicus PB1 OX=997296 GN=hmp PE=3 SV=1
A0A1C4ZM90/27-128    -            102 seed_msa             -            157     0.081   12.8   0.0   1   1    0.0062     0.091   12.7   0.0    43   114     7    82     1   100 0.77 tr|A0A1C4ZM90|A0A1C4ZM90_9ACTN Nitric oxide dioxygenase OS=Micromonospora purpureochromogenes OX=47872 GN=GA0074696_4593 PE=3 SV=1
A0A0M0KQH2/27-132    -            106 seed_msa             -            157     0.081   12.8   0.0   1   1    0.0071       0.1   12.5   0.0    43   122     7    88     1   103 0.74 tr|A0A0M0KQH2|A0A0M0KQH2_9BACI Dihydropteridine reductase OS=Bacillus koreensis OX=284581 GN=AMD01_19265 PE=3 SV=1
A0A089Q7E1/27-130    -            104 seed_msa             -            157     0.082   12.8   0.0   1   1    0.0067     0.099   12.5   0.0    39   117     2    83     1    97 0.84 tr|A0A089Q7E1|A0A089Q7E1_9ENTR Flavohemoprotein OS=Cedecea neteri OX=158822 GN=hmp PE=3 SV=1
A0A1G7VXU2/28-132    -            105 seed_msa             -            157     0.082   12.8   0.0   1   1    0.0087      0.13   12.2   0.0    39   124     1    89     1   102 0.71 tr|A0A1G7VXU2|A0A1G7VXU2_9BACL Flavohemoprotein OS=Planomicrobium glaciei OX=459472 GN=hmp PE=3 SV=1
A0A0G4NXX6/57-160    -            104 seed_msa             -            157     0.082   12.8   0.0   1   1    0.0068       0.1   12.5   0.0    39   106     1    71     1   103 0.75 tr|A0A0G4NXX6|A0A0G4NXX6_PENCA Globin, subset OS=Penicillium camemberti FM 013 OX=1429867 GN=PCAMFM013_S002g000694 PE=3 SV=1
W9YAC1/56-160        -            105 seed_msa             -            157     0.082   12.8   0.0   1   1    0.0074      0.11   12.4   0.0    39   122     2    88     1   104 0.71 tr|W9YAC1|W9YAC1_9EURO Nitric oxide dioxygenase OS=Capronia coronata CBS 617.96 OX=1182541 GN=A1O1_06581 PE=3 SV=1
A0A246NAJ0/27-130    -            104 seed_msa             -            157     0.083   12.8   0.0   1   1      0.01      0.15   11.9   0.0    39   118     2    84     1    98 0.75 tr|A0A246NAJ0|A0A246NAJ0_9GAMM Flavohemoprotein OS=Pantoea sp. VS1 OX=2003658 GN=hmp PE=3 SV=1
A0A0F5Y2M8/27-130    -            104 seed_msa             -            157     0.084   12.8   0.0   1   1     0.013      0.19   11.6   0.0    39   118     2    84     1    97 0.76 tr|A0A0F5Y2M8|A0A0F5Y2M8_9GAMM Flavohemoprotein OS=Pantoea sp. 3.5.1 OX=1522060 GN=hmp PE=3 SV=1
A0A177AFD5/70-174    -            105 seed_msa             -            157     0.085   12.7   0.0   1   1    0.0075      0.11   12.4   0.0    46   119    10    85     1   103 0.63 tr|A0A177AFD5|A0A177AFD5_9PEZI Uncharacterized protein OS=Pseudogymnoascus destructans OX=655981 GN=VC83_02494 PE=3 SV=1
L8G042/64-168        -            105 seed_msa             -            157     0.085   12.7   0.0   1   1    0.0075      0.11   12.4   0.0    46   119    10    85     1   103 0.63 tr|L8G042|L8G042_PSED2 Uncharacterized protein OS=Pseudogymnoascus destructans (strain ATCC MYA-4855 / 20631-21) OX=658429 GN=GMDG_07344 PE=3 SV=1
A0A0L0GJ03/27-130    -            104 seed_msa             -            157     0.085   12.7   0.0   1   1    0.0067     0.099   12.5   0.0    39   117     2    83     1    97 0.85 tr|A0A0L0GJ03|A0A0L0GJ03_9ENTR Flavohemoprotein OS=Trabulsiella odontotermitis OX=379893 GN=hmp PE=3 SV=1
A0A1Q9PWY8/27-132    -            106 seed_msa             -            157     0.086   12.7   0.1   1   1      0.01      0.15   12.0   0.1    39   124     2    90     1   100 0.74 tr|A0A1Q9PWY8|A0A1Q9PWY8_BACPF Flavohemoprotein OS=Bacillus pseudofirmus OX=79885 GN=hmp PE=3 SV=1
U5E391/29-133        -            105 seed_msa             -            157     0.086   12.7   0.0   1   1    0.0068     0.099   12.5   0.0    86   125    49    88     2   101 0.78 tr|U5E391|U5E391_NOCAS Putative oxidoreductase OS=Nocardia asteroides NBRC 15531 OX=1110697 GN=NCAST_06_00400 PE=3 SV=1
A0A176J3N5/28-132    -            105 seed_msa             -            157     0.086   12.7   0.0   1   1    0.0077      0.11   12.3   0.0    39   124     1    89     1    99 0.83 tr|A0A176J3N5|A0A176J3N5_9BACI Flavohemoprotein OS=Bacillus sp. SJS OX=1423321 GN=hmp PE=3 SV=1
A0A2A4GC91/27-130    -            104 seed_msa             -            157     0.087   12.7   0.1   1   1     0.007       0.1   12.5   0.1    39   117     2    83     1   101 0.73 tr|A0A2A4GC91|A0A2A4GC91_9GAMM Flavohemoprotein OS=Salinivibrio sp. YCSC6 OX=2003370 GN=hmp PE=3 SV=1
A0A1I7IDR2/31-129    -             99 seed_msa             -            157     0.087   12.7   0.0   1   1    0.0084      0.12   12.2   0.0    40   117     2    82     1    95 0.82 tr|A0A1I7IDR2|A0A1I7IDR2_9RHIZ Nitric oxide dioxygenase OS=Methylobacterium sp. 174MFSha1.1 OX=1502749 GN=SAMN02799631_01895 PE=3 SV=1
D0MGT2/30-130        -            101 seed_msa             -            157     0.087   12.7   0.1   1   1    0.0076      0.11   12.4   0.1    44   117     8    79     2    96 0.81 tr|D0MGT2|D0MGT2_RHOM4 Nitric oxide dioxygenase OS=Rhodothermus marinus (strain ATCC 43812 / DSM 4252 / R-10) OX=518766 GN=Rmar_2776 PE=3 SV=1
C1AE78/28-131        -            104 seed_msa             -            157     0.088   12.7   0.0   1   1     0.007       0.1   12.5   0.0    39   125     1    88     1   103 0.85 tr|C1AE78|C1AE78_GEMAT Bacterial hemoglobin OS=Gemmatimonas aurantiaca (strain T-27 / DSM 14586 / JCM 11422 / NBRC 100505) OX=379066 GN=GAU_3763 PE=3 SV=1
A0A285KDN1/27-130    -            104 seed_msa             -            157     0.088   12.7   0.0   1   1     0.011      0.16   11.8   0.0    39   138     2    96     1   100 0.65 tr|A0A285KDN1|A0A285KDN1_9GAMM Flavohemoprotein OS=Pantoea sp. GL120224-02 OX=1378084 GN=hmp PE=3 SV=1
A0A199AVL6/44-148    -            105 seed_msa             -            157     0.089   12.7   0.0   1   1     0.008      0.12   12.3   0.0    83   125    49    91     9   104 0.81 tr|A0A199AVL6|A0A199AVL6_9ACTN Hemin transporter OS=Dietzia sp. 111N12-1 OX=1785156 GN=AYO52_02385 PE=3 SV=1
A0A2G2PA64/27-126    -            100 seed_msa             -            157     0.089   12.7   0.1   1   1      0.01      0.15   12.0   0.1    44   115     7    77     1    96 0.68 tr|A0A2G2PA64|A0A2G2PA64_9HELI GLOBIN domain-containing protein OS=Sulfurimonas sp. OX=2022749 GN=COB17_09870 PE=3 SV=1
A0A0U1I512/27-130    -            104 seed_msa             -            157      0.09   12.7   0.0   1   1    0.0074      0.11   12.4   0.0    39   105     2    71     1    97 0.76 tr|A0A0U1I512|A0A0U1I512_YERMO Flavohemoprotein OS=Yersinia mollaretii OX=33060 GN=fsrB PE=3 SV=1
A0A2G4UDA4/27-130    -            104 seed_msa             -            157      0.09   12.7   0.0   1   1    0.0074      0.11   12.4   0.0    39   105     2    71     1    97 0.76 tr|A0A2G4UDA4|A0A2G4UDA4_YERMO Flavohemoprotein OS=Yersinia mollaretii OX=33060 GN=hmp PE=3 SV=1
A0A2I2KKN3/52-167    -            116 seed_msa             -            157      0.09   12.7   0.0   1   1    0.0089      0.13   12.1   0.0    39   123     2    99     1   114 0.76 tr|A0A2I2KKN3|A0A2I2KKN3_9ACTN Flavohemoprotein OS=Frankia canadensis OX=1836972 GN=hmp PE=4 SV=1
G9ZB43/60-163        -            104 seed_msa             -            157     0.091   12.6   0.0   1   1    0.0073      0.11   12.4   0.0    39   117     2    83     1    97 0.85 tr|G9ZB43|G9ZB43_9ENTR Flavohemoprotein OS=Yokenella regensburgei ATCC 43003 OX=1002368 GN=hmp PE=3 SV=1
A0A1V6WSA0/54-157    -            104 seed_msa             -            157     0.091   12.6   0.0   1   1    0.0074      0.11   12.4   0.0    39   105     1    70     1   101 0.81 tr|A0A1V6WSA0|A0A1V6WSA0_PENNA Uncharacterized protein OS=Penicillium nalgiovense OX=60175 GN=PENNAL_c0198G09440 PE=3 SV=1
D9VZ36/19-123        -            105 seed_msa             -            157     0.092   12.6   0.0   1   1    0.0069       0.1   12.5   0.0    39   110     1    74     1   102 0.85 tr|D9VZ36|D9VZ36_9ACTN Flavohemoprotein OS=Streptomyces sp. C OX=253839 GN=SSNG_02831 PE=3 SV=1
A0A1A3TGD8/28-133    -            106 seed_msa             -            157     0.092   12.6   0.0   1   1    0.0065     0.096   12.6   0.0    60   122    26    87     3   105 0.73 tr|A0A1A3TGD8|A0A1A3TGD8_9MYCO 2-polyprenylphenol hydroxylase OS=Mycolicibacter heraklionensis OX=512402 GN=A5649_10740 PE=3 SV=1
A0A1X1VFA9/28-133    -            106 seed_msa             -            157     0.092   12.6   0.0   1   1    0.0066     0.097   12.6   0.0    86   125    51    89     5   104 0.78 tr|A0A1X1VFA9|A0A1X1VFA9_9MYCO 2-polyprenylphenol hydroxylase OS=Mycolicibacter hiberniae OX=29314 GN=AWC09_16080 PE=3 SV=1
A0A1A3PSE1/29-132    -            104 seed_msa             -            157     0.093   12.6   0.0   1   1     0.007       0.1   12.5   0.0    60   127    24    88     6   101 0.76 tr|A0A1A3PSE1|A0A1A3PSE1_9MYCO 2-polyprenylphenol hydroxylase OS=Mycobacterium sp. 1245111.1 OX=1834073 GN=A5658_05945 PE=3 SV=1
A0A1K2E703/27-130    -            104 seed_msa             -            157     0.094   12.6   0.0   1   1    0.0082      0.12   12.3   0.0    39   117     2    83     1    97 0.74 tr|A0A1K2E703|A0A1K2E703_9ENTR Flavohemoprotein OS=Enterobacter sp. NFIX03 OX=1566257 GN=hmp PE=3 SV=1
A0A1T5HDS0/27-130    -            104 seed_msa             -            157     0.094   12.6   0.0   1   1    0.0082      0.12   12.3   0.0    39   117     2    83     1    97 0.74 tr|A0A1T5HDS0|A0A1T5HDS0_9ENTR Flavohemoprotein OS=Kosakonia oryzae OX=497725 GN=hmp PE=3 SV=1
A0A1V0LAL8/27-130    -            104 seed_msa             -            157     0.094   12.6   0.0   1   1    0.0082      0.12   12.3   0.0    39   117     2    83     1    97 0.74 tr|A0A1V0LAL8|A0A1V0LAL8_9ENTR Flavohemoprotein OS=Kosakonia radicincitans DSM 16656 OX=1177180 GN=hmp PE=3 SV=1
A0A1V3H2J9/27-130    -            104 seed_msa             -            157     0.094   12.6   0.1   1   1    0.0077      0.11   12.3   0.1    39   116     2    82     1   100 0.73 tr|A0A1V3H2J9|A0A1V3H2J9_9GAMM Flavohemoprotein OS=Salinivibrio sharmensis OX=390883 GN=hmp PE=3 SV=1
A0A087KY42/27-130    -            104 seed_msa             -            157     0.096   12.6   0.0   1   1    0.0081      0.12   12.3   0.0    39   119     2    85     1    98 0.73 tr|A0A087KY42|A0A087KY42_9GAMM Flavohemoprotein OS=Serratia sp. Ag1 OX=1524467 GN=hmp PE=3 SV=1
C4LFT3/26-130        -            105 seed_msa             -            157     0.096   12.6   0.2   1   1    0.0094      0.14   12.1   0.2    39   125     2    91     1   104 0.73 tr|C4LFT3|C4LFT3_TOLAT Flavohemoprotein OS=Tolumonas auensis (strain DSM 9187 / TA4) OX=595494 GN=hmp PE=3 SV=1
A0A0F6RFN9/27-130    -            104 seed_msa             -            157     0.097   12.6   0.0   1   1    0.0075      0.11   12.4   0.0    39   117     2    83     1    98 0.81 tr|A0A0F6RFN9|A0A0F6RFN9_CITAM Flavohemoprotein OS=Citrobacter amalonaticus Y19 OX=1261127 GN=hmp PE=3 SV=1
A0A0D2FJT0/81-184    -            104 seed_msa             -            157     0.097   12.6   0.0   1   1    0.0085      0.12   12.2   0.0    39   135     1    97     1   103 0.71 tr|A0A0D2FJT0|A0A0D2FJT0_XYLBA Unplaced genomic scaffold supercont1.29, whole genome shotgun sequence OS=Cladophialophora bantiana CBS 173.52 OX=1442370 GN=Z519_12417 PE=3 SV=1
R6FQS7/27-131        -            105 seed_msa             -            157     0.097   12.6   0.0   1   1    0.0067     0.098   12.5   0.0    86   139    52    99     1   103 0.84 tr|R6FQS7|R6FQS7_9CLOT Hemoglobin OS=Clostridium sp. CAG:221 OX=1262780 GN=BN542_00760 PE=3 SV=1
A0A0G2H8L3/31-135    -            105 seed_msa             -            157     0.099   12.5   0.0   1   1    0.0081      0.12   12.3   0.0    41   141     4   101     1   103 0.72 tr|A0A0G2H8L3|A0A0G2H8L3_9PEZI Putative globin-like protein OS=Diaporthe ampelina OX=1214573 GN=UCDDA912_g08452 PE=3 SV=1
E6J667/44-148        -            105 seed_msa             -            157     0.099   12.5   0.0   1   1    0.0088      0.13   12.2   0.0    83   125    49    91     8   104 0.81 tr|E6J667|E6J667_9ACTN Hemoglobin-like flavoprotein OS=Dietzia cinnamea P4 OX=910954 GN=ES5_03528 PE=3 SV=1
A0A1F2HNT3/27-130    -            104 seed_msa             -            157     0.099   12.5   0.0   1   1    0.0081      0.12   12.3   0.0    39   117     2    83     1    98 0.78 tr|A0A1F2HNT3|A0A1F2HNT3_9GAMM Flavohemoprotein OS=Proteus sp. HMSC10D02 OX=1581079 GN=hmp PE=3 SV=1
A0A0F1BD14/27-130    -            104 seed_msa             -            157       0.1   12.5   0.0   1   1    0.0085      0.13   12.2   0.0    39   117     2    83     1    98 0.76 tr|A0A0F1BD14|A0A0F1BD14_9ENTR Flavohemoprotein OS=Enterobacter sichuanensis OX=2071710 GN=hmp PE=3 SV=1
A0A0J1VLT5/27-130    -            104 seed_msa             -            157       0.1   12.5   0.0   1   1    0.0085      0.13   12.2   0.0    39   117     2    83     1    98 0.76 tr|A0A0J1VLT5|A0A0J1VLT5_9ENTR Flavohemoprotein OS=Enterobacter sp. BIDMC92 OX=1594172 GN=hmp PE=3 SV=1
A0A1H1GXN9/26-122    -             97 seed_msa             -            157       0.1   12.5   0.0   1   1     0.011      0.17   11.8   0.0    81   120    43    82    18    97 0.80 tr|A0A1H1GXN9|A0A1H1GXN9_9ACTN NAD(P)H-flavin reductase OS=Thermostaphylospora chromogena OX=35622 GN=SAMN04489764_3898 PE=3 SV=1
A0A0T9UR35/27-130    -            104 seed_msa             -            157       0.1   12.5   0.0   1   1    0.0082      0.12   12.2   0.0    39   105     2    71     1    97 0.78 tr|A0A0T9UR35|A0A0T9UR35_YERKR Flavohemoprotein OS=Yersinia kristensenii OX=28152 GN=fsrB PE=3 SV=1
A0A1B7LN25/27-131    -            105 seed_msa             -            157       0.1   12.5   0.0   1   1    0.0076      0.11   12.4   0.0    86   138    52    98     2   102 0.80 tr|A0A1B7LN25|A0A1B7LN25_9CLOT Bacitracin resistance protein BacA OS=Candidatus Arthromitus sp. SFB-turkey OX=1840217 GN=A6P36_05425 PE=3 SV=1
A0A0H2YR66/27-132    -            106 seed_msa             -            157       0.1   12.5   0.0   1   1    0.0082      0.12   12.2   0.0    39   112     2    78     1   100 0.63 tr|A0A0H2YR66|A0A0H2YR66_CLOP1 Bacterial hemoglobin OS=Clostridium perfringens (strain ATCC 13124 / DSM 756 / JCM 1290 / NCIMB 6125 / NCTC 8237 / Type A) OX=195103 GN=vhb PE=3 SV=1
B1R324/27-132        -            106 seed_msa             -            157       0.1   12.5   0.0   1   1    0.0082      0.12   12.2   0.0    39   112     2    78     1   100 0.63 tr|B1R324|B1R324_CLOPF Bacterial hemoglobin OS=Clostridium perfringens B str. ATCC 3626 OX=451754 GN=vhb PE=3 SV=1
A0A0C1NMP4/46-147    -            102 seed_msa             -            157       0.1   12.5   0.0   1   1    0.0069       0.1   12.5   0.0    58   125    20    88     2   101 0.70 tr|A0A0C1NMP4|A0A0C1NMP4_9PSEU 2-polyprenylphenol hydroxylase-like oxidoreductase OS=Prauserella sp. Am3 OX=1515610 GN=HQ32_03593 PE=3 SV=1
A0A0J8ALF7/22-123    -            102 seed_msa             -            157       0.1   12.5   0.0   1   1    0.0069       0.1   12.5   0.0    58   125    20    88     2   101 0.70 tr|A0A0J8ALF7|A0A0J8ALF7_9ACTN Flavohemoprotein OS=Streptomyces regensis OX=68263 GN=ACZ91_19580 PE=3 SV=1
A0A1X1C020/27-130    -            104 seed_msa             -            157       0.1   12.5   0.0   1   1     0.018      0.26   11.2   0.0    39   118     2    84     1    97 0.72 tr|A0A1X1C020|A0A1X1C020_9GAMM Flavohemoprotein OS=Pantoea conspicua OX=472705 GN=hmp PE=3 SV=1
A0A1B8HGD4/27-129    -            103 seed_msa             -            157       0.1   12.5   0.0   1   1    0.0091      0.13   12.1   0.0    39   116     2    82     1   101 0.77 tr|A0A1B8HGD4|A0A1B8HGD4_9GAMM Flavohemoprotein OS=Morganella psychrotolerans OX=368603 GN=hmp PE=3 SV=1
A0A094A2E1/52-156    -            105 seed_msa             -            157       0.1   12.5   0.0   1   1    0.0085      0.12   12.2   0.0    45   118     9    84     1   103 0.68 tr|A0A094A2E1|A0A094A2E1_9PEZI Uncharacterized protein OS=Pseudogymnoascus sp. VKM F-4281 (FW-2241) OX=1420906 GN=V493_07404 PE=3 SV=1
A0A1G9UFG3/27-132    -            106 seed_msa             -            157       0.1   12.5   0.1   1   1     0.012      0.18   11.7   0.1    38   122     1    88     1   100 0.74 tr|A0A1G9UFG3|A0A1G9UFG3_9BACI Flavohemoprotein OS=Fictibacillus solisalsi OX=459525 GN=hmp PE=3 SV=1
A0A155CNY9/27-130    -            104 seed_msa             -            157       0.1   12.5   0.0   1   1    0.0094      0.14   12.1   0.0    39   119     2    85     1    98 0.73 tr|A0A155CNY9|A0A155CNY9_ENTCL Flavohemoprotein OS=Enterobacter cloacae OX=550 GN=hmp PE=3 SV=1
A0A0F9QIX7/90-174    -             85 seed_msa             -            157       0.1   12.5   0.1   1   1    0.0072      0.11   12.4   0.1    84   140    28    82     2    84 0.84 tr|A0A0F9QIX7|A0A0F9QIX7_9ZZZZ GLOBIN domain-containing protein (Fragment) OS=marine sediment metagenome OX=412755 GN=LCGC14_0713160 PE=4 SV=1
A0A0F5F6R7/27-129    -            103 seed_msa             -            157       0.1   12.5   0.0   1   1     0.016      0.23   11.4   0.0    39   118     2    84     1    97 0.71 tr|A0A0F5F6R7|A0A0F5F6R7_9GAMM Flavohemoprotein OS=Pantoea anthophila OX=470931 GN=hmp PE=3 SV=1
A0A077MFR0/28-129    -            102 seed_msa             -            157       0.1   12.5   0.0   1   1    0.0077      0.11   12.3   0.0    42   106     6    74     1   102 0.81 tr|A0A077MFR0|A0A077MFR0_9MICO Flavohemoprotein OS=Tetrasphaera jenkinsii Ben 74 OX=1193518 GN=hmp PE=3 SV=1
A0A1C3EJG9/27-131    -            105 seed_msa             -            157       0.1   12.5   0.0   1   1     0.012      0.17   11.7   0.0    39   121     2    87     1   102 0.76 tr|A0A1C3EJG9|A0A1C3EJG9_9PLAN Flavohemoprotein OS=Planctopirus hydrillae OX=1841610 GN=hmp PE=3 SV=1
E7RGE0/28-132        -            105 seed_msa             -            157       0.1   12.4   0.0   1   1     0.012      0.18   11.7   0.0    39   123     1    88     1   100 0.71 tr|E7RGE0|E7RGE0_9BACL Flavohemoprotein OS=Planococcus donghaensis MPA1U2 OX=933115 GN=hmp PE=3 SV=1
C2W5W7/27-130        -            104 seed_msa             -            157      0.11   12.4   0.0   1   1    0.0094      0.14   12.1   0.0    43   105     7    71     1    95 0.77 tr|C2W5W7|C2W5W7_BACCE Flavohemoprotein OS=Bacillus cereus Rock3-44 OX=526986 GN=hmp PE=3 SV=1
A0A1B8YHY7/27-130    -            104 seed_msa             -            157      0.11   12.4   0.1   1   1      0.01      0.15   12.0   0.1    39   114     2    80     1    98 0.73 tr|A0A1B8YHY7|A0A1B8YHY7_9GAMM Flavohemoprotein OS=Photorhabdus namnaonensis OX=1851568 GN=hmp PE=3 SV=1
A0A1I7DPD8/27-130    -            104 seed_msa             -            157      0.11   12.4   0.0   1   1    0.0092      0.14   12.1   0.0    39   117     2    83     1    97 0.74 tr|A0A1I7DPD8|A0A1I7DPD8_9ENTR Flavohemoprotein OS=Kosakonia arachidis OX=551989 GN=hmp PE=3 SV=1
A0A090VPR5/27-130    -            104 seed_msa             -            157      0.11   12.4   0.0   1   1    0.0084      0.12   12.2   0.0    39   114     2    80     1    98 0.80 tr|A0A090VPR5|A0A090VPR5_PSEVU Flavohemoprotein OS=Pseudescherichia vulneris NBRC 102420 OX=1115515 GN=hmp PE=3 SV=1
A0A239P0B9/33-133    -            101 seed_msa             -            157      0.11   12.4   0.0   1   1    0.0077      0.11   12.3   0.0    39   121     2    84     1    98 0.73 tr|A0A239P0B9|A0A239P0B9_9ACTN Methyl-accepting chemotaxis protein OS=Asanoa hainanensis OX=560556 GN=SAMN05421812_111268 PE=3 SV=1
A0A212M5N1/28-132    -            105 seed_msa             -            157      0.11   12.4   0.3   1   1     0.014      0.21   11.5   0.3    40   125     2    90     1   103 0.67 tr|A0A212M5N1|A0A212M5N1_ZYGBA Probable Flavohemoprotein OS=Zygosaccharomyces bailii OX=4954 GN=ZBIST_1178 PE=3 SV=1
A0A0P1GZ30/32-133    -            102 seed_msa             -            157      0.11   12.4   0.1   1   1     0.013      0.19   11.6   0.1    40   123     1    87     1   100 0.84 tr|A0A0P1GZ30|A0A0P1GZ30_9RHOB Nitric oxide dioxygenase OS=Epibacterium multivorans OX=928856 GN=hmp_4 PE=3 SV=1
X2GRE8/27-131        -            105 seed_msa             -            157      0.11   12.4   0.1   1   1     0.017      0.25   11.2   0.1    82   138    48    98     1   102 0.66 tr|X2GRE8|X2GRE8_9BACI Dihydropteridine reductase OS=Lysinibacillus varians OX=1145276 GN=T479_08520 PE=3 SV=1
A0A2J9QLW2/27-132    -            106 seed_msa             -            157      0.11   12.4   0.0   1   1      0.01      0.15   12.0   0.0    39   135     2    95     1   102 0.82 tr|A0A2J9QLW2|A0A2J9QLW2_PASMD NO-inducible flavohemoprotein OS=Pasteurella multocida OX=747 GN=A6J89_007070 PE=3 SV=1
A0A0S3EYT5/29-130    -            102 seed_msa             -            157      0.11   12.4   0.0   1   1     0.011      0.17   11.8   0.0    38   121     2    87     1   102 0.76 tr|A0A0S3EYT5|A0A0S3EYT5_9SPHN Dihydropteridine reductase OS=Sphingobium baderi OX=1332080 GN=ATN00_10105 PE=3 SV=1
A0A1W2TF38/29-132    -            104 seed_msa             -            157      0.11   12.4   0.0   1   1    0.0096      0.14   12.0   0.0    42   142     5   101     1   103 0.75 tr|A0A1W2TF38|A0A1W2TF38_ROSNE Putative nitric oxide dioxygenase OS=Rosellinia necatrix OX=77044 GN=SAMD00023353_2000610 PE=3 SV=1
A0A2G3K4S2/27-133    -            107 seed_msa             -            157      0.11   12.4   0.0   1   1    0.0095      0.14   12.0   0.0    39   120     2    86     1   103 0.80 tr|A0A2G3K4S2|A0A2G3K4S2_9BURK NO-inducible flavohemoprotein OS=Chitinimonas sp. BJB300 OX=1559339 GN=CSQ89_11315 PE=3 SV=1
A0A063X4E4/30-128    -             99 seed_msa             -            157      0.11   12.4   0.0   1   1     0.015      0.22   11.4   0.0    39   114     2    79     1    99 0.72 tr|A0A063X4E4|A0A063X4E4_ACEAC Dihydropteridine reductase OS=Acetobacter aceti 1023 OX=1457393 GN=AZ09_10905 PE=3 SV=1
A0A0X2NMZ2/42-150    -            109 seed_msa             -            157      0.11   12.4   0.0   1   1    0.0082      0.12   12.3   0.0    73   122    42    91     2   107 0.72 tr|A0A0X2NMZ2|A0A0X2NMZ2_9CORY Hemoglobin-like flavoprotein OS=Corynebacterium variabile OX=1727 GN=CVAR292_02191 PE=3 SV=1
G0HBZ0/42-150        -            109 seed_msa             -            157      0.11   12.4   0.0   1   1    0.0082      0.12   12.3   0.0    73   122    42    91     2   107 0.72 tr|G0HBZ0|G0HBZ0_CORVD Nitric oxide dioxygenase OS=Corynebacterium variabile (strain DSM 44702 / JCM 12073 / NCIMB 30131) OX=858619 GN=hmp PE=3 SV=1
A0A059NYZ5/34-139    -            106 seed_msa             -            157      0.11   12.4   0.2   1   1     0.018      0.26   11.1   0.2    39   123     2    89     1   100 0.79 tr|A0A059NYZ5|A0A059NYZ5_9BACI Flavohemoprotein OS=Halobacillus karajensis OX=195088 GN=hmp PE=3 SV=1
A0A2J9SI28/27-130    -            104 seed_msa             -            157      0.11   12.4   0.0   1   1    0.0098      0.14   12.0   0.0    39   118     2    80     1    98 0.69 tr|A0A2J9SI28|A0A2J9SI28_YEREN Flavohemoprotein OS=Yersinia enterocolitica OX=630 GN=hmp PE=3 SV=1
A0A0J5PJK4/129-233   -            105 seed_msa             -            157      0.11   12.4   0.0   1   1    0.0099      0.15   12.0   0.0    39   113     1    78     1   104 0.68 tr|A0A0J5PJK4|A0A0J5PJK4_ASPFM Flavohemoprotein, putative OS=Aspergillus fumigatus Z5 OX=1437362 GN=Y699_05478 PE=3 SV=1
A0A229Y950/57-161    -            105 seed_msa             -            157      0.11   12.4   0.0   1   1    0.0099      0.15   12.0   0.0    39   113     1    78     1   104 0.68 tr|A0A229Y950|A0A229Y950_ASPFM Uncharacterized protein OS=Neosartorya fumigata OX=746128 GN=CDV57_01642 PE=3 SV=1
B0Y9K9/57-161        -            105 seed_msa             -            157      0.11   12.4   0.0   1   1    0.0099      0.15   12.0   0.0    39   113     1    78     1   104 0.68 tr|B0Y9K9|B0Y9K9_ASPFC Flavohemoprotein, putative OS=Neosartorya fumigata (strain CEA10 / CBS 144.89 / FGSC A1163) OX=451804 GN=AFUB_081400 PE=3 SV=1
Q4WC12/57-161        -            105 seed_msa             -            157      0.11   12.4   0.0   1   1    0.0099      0.15   12.0   0.0    39   113     1    78     1   104 0.68 tr|Q4WC12|Q4WC12_ASPFU Flavohemoprotein, putative OS=Neosartorya fumigata (strain ATCC MYA-4609 / Af293 / CBS 101355 / FGSC A1100) OX=330879 GN=AFUA_8G06080 PE=3 SV=1
A0A0T9QIJ4/27-130    -            104 seed_msa             -            157      0.11   12.4   0.0   1   1    0.0097      0.14   12.0   0.0    39   121     2    83     1    98 0.68 tr|A0A0T9QIJ4|A0A0T9QIJ4_YERKR Flavohemoprotein OS=Yersinia kristensenii OX=28152 GN=fsrB PE=3 SV=1
Q0SRM6/27-132        -            106 seed_msa             -            157      0.11   12.4   0.0   1   1    0.0091      0.13   12.1   0.0    39   137     2    97     1   102 0.63 tr|Q0SRM6|Q0SRM6_CLOPS Bacterial hemoglobin OS=Clostridium perfringens (strain SM101 / Type A) OX=289380 GN=CPR_1921 PE=3 SV=1
A0A1C7EER3/28-132    -            105 seed_msa             -            157      0.11   12.4   0.0   1   1     0.013      0.19   11.6   0.0    39   123     1    88     1   100 0.71 tr|A0A1C7EER3|A0A1C7EER3_9BACL Flavohemoprotein OS=Planococcus donghaensis OX=414778 GN=hmp PE=3 SV=1
A0A097QZI5/27-130    -            104 seed_msa             -            157      0.11   12.4   0.0   1   1    0.0093      0.14   12.1   0.0    39   122     2    84     1    98 0.76 tr|A0A097QZI5|A0A097QZI5_HAFAL Flavohemoprotein OS=Hafnia alvei FB1 OX=1453496 GN=hmp PE=3 SV=1
J2VWX7/27-130        -            104 seed_msa             -            157      0.11   12.4   0.0   1   1     0.014       0.2   11.5   0.0    39   116     2    82     1    98 0.68 tr|J2VWX7|J2VWX7_9GAMM Flavohemoprotein OS=Pantoea sp. YR343 OX=1144341 GN=hmp PE=3 SV=1
J3DHZ5/27-130        -            104 seed_msa             -            157      0.11   12.4   0.0   1   1     0.014       0.2   11.5   0.0    39   116     2    82     1    98 0.68 tr|J3DHZ5|J3DHZ5_9GAMM Flavohemoprotein OS=Pantoea sp. GM01 OX=1144320 GN=hmp PE=3 SV=1
A0A1Q9UM31/22-123    -            102 seed_msa             -            157      0.11   12.4   0.0   1   1    0.0075      0.11   12.4   0.0    58   125    20    88     2   101 0.70 tr|A0A1Q9UM31|A0A1Q9UM31_9PSEU Flavohemoprotein OS=Saccharomonospora sp. CUA-673 OX=1904969 GN=BJF85_08440 PE=3 SV=1
A0A2I6E2M6/27-130    -            104 seed_msa             -            157      0.11   12.4   0.0   1   1     0.009      0.13   12.1   0.0    39   117     2    83     1    97 0.83 tr|A0A2I6E2M6|A0A2I6E2M6_9ENTR Flavohemoprotein OS=Enterobacter cancerogenus OX=69218 GN=hmp PE=3 SV=1
A0A2J7P0N9/27-130    -            104 seed_msa             -            157      0.11   12.4   0.0   1   1     0.009      0.13   12.1   0.0    39   117     2    83     1    97 0.83 tr|A0A2J7P0N9|A0A2J7P0N9_9ENTR Flavohemoprotein OS=Enterobacter cancerogenus OX=69218 GN=hmp PE=3 SV=1
D2ZFH0/32-135        -            104 seed_msa             -            157      0.11   12.4   0.0   1   1     0.009      0.13   12.1   0.0    39   117     2    83     1    97 0.83 tr|D2ZFH0|D2ZFH0_9ENTR Flavohemoprotein OS=Enterobacter cancerogenus ATCC 35316 OX=500639 GN=hmp PE=3 SV=1
A0A1N7CU61/27-130    -            104 seed_msa             -            157      0.11   12.4   0.0   1   1    0.0088      0.13   12.1   0.0    39   117     2    83     1    98 0.80 tr|A0A1N7CU61|A0A1N7CU61_9ENTR Flavohemoprotein OS=Enterobacter kobei OX=208224 GN=hmp PE=3 SV=1
A0A1J0W020/29-133    -            105 seed_msa             -            157      0.11   12.4   0.0   1   1    0.0086      0.13   12.2   0.0    86   125    49    88     7   102 0.86 tr|A0A1J0W020|A0A1J0W020_9NOCA Flavoprotein OS=Nocardia sp. Y48 OX=2213200 GN=BOX37_30925 PE=3 SV=1
A0A0F5PFT7/31-132    -            102 seed_msa             -            157      0.11   12.4   0.0   1   1     0.011      0.16   11.8   0.0    81   122    45    86     1   100 0.75 tr|A0A0F5PFT7|A0A0F5PFT7_9SPHN GLOBIN domain-containing protein OS=Sphingomonas sp. SRS2 OX=133190 GN=WP12_08895 PE=3 SV=1
D3G0B8/27-132        -            106 seed_msa             -            157      0.11   12.4   0.2   1   1     0.013      0.19   11.6   0.2    44   125     8    91     1   103 0.71 tr|D3G0B8|D3G0B8_BACPE Flavohemoprotein OS=Bacillus pseudofirmus (strain OF4) OX=398511 GN=hmp PE=3 SV=1
A0A0P9FLZ5/27-132    -            106 seed_msa             -            157      0.11   12.4   0.1   1   1     0.014      0.21   11.5   0.1    44   124     8    90     1   102 0.73 tr|A0A0P9FLZ5|A0A0P9FLZ5_9BACL Flavohemoprotein OS=Paenibacillus sp. A3 OX=1337054 GN=hmp PE=3 SV=1
A0A161SMW5/27-132    -            106 seed_msa             -            157      0.11   12.4   0.1   1   1     0.014      0.21   11.5   0.1    44   124     8    90     1   102 0.73 tr|A0A161SMW5|A0A161SMW5_9BACL Flavohemoprotein OS=Paenibacillus elgii OX=189691 GN=hmp PE=3 SV=1
A0A1B7K4M6/27-130    -            104 seed_msa             -            157      0.11   12.3   0.0   1   1    0.0092      0.14   12.1   0.0    39   117     2    83     1    97 0.83 tr|A0A1B7K4M6|A0A1B7K4M6_9ENTR Flavohemoprotein OS=Kluyvera georgiana ATCC 51603 OX=1354264 GN=hmp PE=3 SV=1
A0A117REY7/27-135    -            109 seed_msa             -            157      0.11   12.3   0.1   1   1     0.012      0.17   11.7   0.1    85   124    54    93     1   105 0.71 tr|A0A117REY7|A0A117REY7_9ACTN Hemin transporter OS=Streptomyces griseoruber OX=1943 GN=AQJ64_07000 PE=3 SV=1
A0A1Z3LZD1/30-132    -            103 seed_msa             -            157      0.11   12.3   0.0   1   1      0.01      0.15   12.0   0.0    39   104     2    70     1   102 0.77 tr|A0A1Z3LZD1|A0A1Z3LZD1_BREDI Flavohemoprotein OS=Brevundimonas diminuta OX=293 GN=hmp PE=3 SV=1
A0A0P7CHQ3/27-130    -            104 seed_msa             -            157      0.11   12.3   0.0   1   1     0.012      0.18   11.7   0.0    39   112     2    80     1   101 0.83 tr|A0A0P7CHQ3|A0A0P7CHQ3_9ACTN Hemin transporter OS=Frankia sp. R43 OX=269536 GN=ACG83_20220 PE=3 SV=1
A0A1V2KVX7/27-130    -            104 seed_msa             -            157      0.11   12.3   0.0   1   1     0.012      0.18   11.7   0.0    39   112     2    80     1   101 0.83 tr|A0A1V2KVX7|A0A1V2KVX7_9ACTN Hemin transporter OS=Frankia sp. CcI49 OX=1745382 GN=CcI49_05970 PE=3 SV=1
A0A1B1KV07/27-130    -            104 seed_msa             -            157      0.11   12.3   0.0   1   1    0.0092      0.14   12.1   0.0    39   117     2    83     1    98 0.80 tr|A0A1B1KV07|A0A1B1KV07_SERPL Flavohemoprotein OS=Serratia plymuthica PRI-2C OX=1154756 GN=hmp PE=3 SV=1
Q7N215/27-129        -            103 seed_msa             -            157      0.11   12.3   0.3   1   1     0.016      0.23   11.3   0.3    47   117    11    83     1    97 0.65 sp|Q7N215|HMP_PHOLL Flavohemoprotein OS=Photorhabdus laumondii subsp. laumondii (strain DSM 15139 / CIP 105565 / TT01) OX=243265 GN=hmp PE=3 SV=1
C7NIJ4/31-138        -            108 seed_msa             -            157      0.11   12.3   0.0   1   1    0.0091      0.13   12.1   0.0    43   115     7    83     1   105 0.83 tr|C7NIJ4|C7NIJ4_KYTSD Flavodoxin reductase family protein OS=Kytococcus sedentarius (strain ATCC 14392 / DSM 20547 / CCM 314 / 541) OX=478801 GN=Ksed_00690 PE=3 SV=1
A0A0Q1CSX6/27-130    -            104 seed_msa             -            157      0.12   12.3   0.0   1   1    0.0078      0.12   12.3   0.0    85   123    48    86     1   100 0.87 tr|A0A0Q1CSX6|A0A0Q1CSX6_9BURK GLOBIN domain-containing protein OS=Acidovorax sp. SD340 OX=1690268 GN=AE621_16160 PE=3 SV=1
A0A1E3YPN5/27-130    -            104 seed_msa             -            157      0.12   12.3   0.0   1   1    0.0078      0.12   12.3   0.0    85   123    48    86     1   100 0.87 tr|A0A1E3YPN5|A0A1E3YPN5_9BURK GLOBIN domain-containing protein OS=Acidovorax sp. SCN 65-108 OX=1660085 GN=ABS37_19970 PE=3 SV=1
A0A1F4EM02/27-130    -            104 seed_msa             -            157      0.12   12.3   0.0   1   1    0.0078      0.12   12.3   0.0    85   123    48    86     1   100 0.87 tr|A0A1F4EM02|A0A1F4EM02_9BURK GLOBIN domain-containing protein OS=Burkholderiales bacterium RIFCSPHIGHO2_01_FULL_64_960 OX=1797553 GN=A2710_14405 PE=3 SV=1
A0A1F4J3Y3/27-130    -            104 seed_msa             -            157      0.12   12.3   0.0   1   1    0.0078      0.12   12.3   0.0    85   123    48    86     1   100 0.87 tr|A0A1F4J3Y3|A0A1F4J3Y3_9BURK GLOBIN domain-containing protein OS=Burkholderiales bacterium RIFCSPHIGHO2_12_FULL_65_48 OX=1797559 GN=A3E23_23490 PE=3 SV=1
A0A1Q3RV00/27-130    -            104 seed_msa             -            157      0.12   12.3   0.0   1   1    0.0078      0.12   12.3   0.0    85   123    48    86     1   100 0.87 tr|A0A1Q3RV00|A0A1Q3RV00_9BURK GLOBIN domain-containing protein OS=Burkholderiales bacterium 64-34 OX=1895726 GN=BGO35_15130 PE=3 SV=1
A0A158E1I8/28-134    -            107 seed_msa             -            157      0.12   12.3   0.2   1   1     0.019      0.29   11.0   0.2    39   126     2    92     1   107 0.64 tr|A0A158E1I8|A0A158E1I8_9BURK Flavohemoprotein OS=Caballeronia arationis OX=1777142 GN=hmp PE=3 SV=1
A0A2C8YLT2/28-134    -            107 seed_msa             -            157      0.12   12.3   0.2   1   1     0.019      0.29   11.0   0.2    39   126     2    92     1   107 0.64 tr|A0A2C8YLT2|A0A2C8YLT2_9BURK Flavohemoprotein OS=Burkholderia sp. OK806 OX=1882796 GN=hmp PE=3 SV=1
A0A177YGS3/44-152    -            109 seed_msa             -            157      0.12   12.3   0.1   1   1      0.01      0.15   12.0   0.1    81   123    50    92     1   109 0.78 tr|A0A177YGS3|A0A177YGS3_9NOCA Hemin transporter OS=Rhodococcus kyotonensis OX=398843 GN=A3K89_04665 PE=3 SV=1
H2FTH5/27-130        -            104 seed_msa             -            157      0.12   12.3   0.0   1   1    0.0097      0.14   12.0   0.0    39   135     2    95     1   103 0.73 tr|H2FTH5|H2FTH5_OCESG Flavohemoprotein OS=Oceanimonas sp. (strain GK1) OX=511062 GN=hmp PE=3 SV=1
A0A0J0L431/27-130    -            104 seed_msa             -            157      0.12   12.3   0.0   1   1      0.01      0.15   11.9   0.0    39   117     2    83     1    97 0.77 tr|A0A0J0L431|A0A0J0L431_ENTAS Flavohemoprotein OS=Enterobacter asburiae OX=61645 GN=hmp PE=3 SV=1
A0A143I4B2/27-130    -            104 seed_msa             -            157      0.12   12.3   0.0   1   1      0.01      0.15   11.9   0.0    39   117     2    83     1    97 0.77 tr|A0A143I4B2|A0A143I4B2_ENTAS Flavohemoprotein OS=Enterobacter asburiae OX=61645 GN=hmpA PE=3 SV=1
A0A156D010/27-130    -            104 seed_msa             -            157      0.12   12.3   0.0   1   1      0.01      0.15   11.9   0.0    39   117     2    83     1    97 0.77 tr|A0A156D010|A0A156D010_ENTCL Flavohemoprotein OS=Enterobacter cloacae OX=550 GN=hmp PE=3 SV=1
A0A1D3B185/27-130    -            104 seed_msa             -            157      0.12   12.3   0.0   1   1      0.01      0.15   11.9   0.0    39   117     2    83     1    97 0.77 tr|A0A1D3B185|A0A1D3B185_ENTAS Flavohemoprotein OS=Enterobacter asburiae OX=61645 GN=hmp PE=3 SV=1
A0A1M5XJB5/27-130    -            104 seed_msa             -            157      0.12   12.3   0.0   1   1      0.01      0.15   11.9   0.0    39   117     2    83     1    97 0.77 tr|A0A1M5XJB5|A0A1M5XJB5_9GAMM Flavohemoprotein OS=Pantoea sesami OX=1881110 GN=hmp PE=3 SV=1
A0A2J0NIP7/27-130    -            104 seed_msa             -            157      0.12   12.3   0.0   1   1      0.01      0.15   11.9   0.0    39   117     2    83     1    97 0.77 tr|A0A2J0NIP7|A0A2J0NIP7_9ENTR Flavohemoprotein OS=Enterobacter mori OX=539813 GN=hmp PE=3 SV=1
V3PD15/27-130        -            104 seed_msa             -            157      0.12   12.3   0.0   1   1      0.01      0.15   11.9   0.0    39   117     2    83     1    97 0.77 tr|V3PD15|V3PD15_9ENTR Flavohemoprotein OS=Enterobacter sp. MGH 24 OX=1329828 GN=hmp PE=3 SV=1
W7NWW7/27-130        -            104 seed_msa             -            157      0.12   12.3   0.0   1   1      0.01      0.15   11.9   0.0    39   117     2    83     1    97 0.77 tr|W7NWW7|W7NWW7_9ENTR Flavohemoprotein OS=Enterobacter sp. DC4 OX=1395580 GN=hmp PE=3 SV=1
A0A094FUT3/61-164    -            104 seed_msa             -            157      0.12   12.3   0.0   1   1    0.0092      0.13   12.1   0.0    45   133     9    96     1   104 0.61 tr|A0A094FUT3|A0A094FUT3_9PEZI Uncharacterized protein OS=Pseudogymnoascus sp. VKM F-4518 (FW-2643) OX=1420913 GN=V500_03128 PE=3 SV=1
A0A076MRI5/24-126    -            103 seed_msa             -            157      0.12   12.3   0.0   1   1    0.0085      0.12   12.2   0.0    80   120    42    82    10   102 0.79 tr|A0A076MRI5|A0A076MRI5_AMYME Globin OS=Amycolatopsis methanolica 239 OX=1068978 GN=AMETH_3401 PE=3 SV=1
I3CEH7/33-129        -             97 seed_msa             -            157      0.12   12.3   0.0   1   1     0.009      0.13   12.1   0.0    84   130    46    89    25    96 0.80 tr|I3CEH7|I3CEH7_9GAMM Hemoglobin-like flavoprotein OS=Beggiatoa alba B18LD OX=395493 GN=BegalDRAFT_1118 PE=3 SV=1
S4YLN9/27-130        -            104 seed_msa             -            157      0.12   12.3   0.0   1   1    0.0097      0.14   12.0   0.0    39   117     2    83     1    98 0.81 tr|S4YLN9|S4YLN9_SERPL Flavohemoprotein OS=Serratia plymuthica S13 OX=1348660 GN=hmp PE=3 SV=1
A0A085A8W6/27-130    -            104 seed_msa             -            157      0.12   12.3   0.0   1   1    0.0095      0.14   12.0   0.0    39   117     2    83     1    98 0.79 tr|A0A085A8W6|A0A085A8W6_9ENTR Flavohemoprotein OS=Trabulsiella guamensis ATCC 49490 OX=1005994 GN=hmp PE=3 SV=1
D5SWN2/27-131        -            105 seed_msa             -            157      0.12   12.3   0.0   1   1     0.011      0.17   11.8   0.0    42   114     6    80     1   100 0.78 tr|D5SWN2|D5SWN2_PLAL2 Oxidoreductase FAD/NAD(P)-binding domain protein OS=Planctopirus limnophila (strain ATCC 43296 / DSM 3776 / IFAM 1008 / 290) OX=521674 GN=Plim_3813 PE=3 SV=1
N6W8E4/27-131        -            105 seed_msa             -            157      0.12   12.2   0.0   1   1      0.01      0.15   12.0   0.0    44   124     8    90     1   102 0.69 tr|N6W8E4|N6W8E4_9ALTE NO-inducible flavohemoprotein OS=Marinobacter nanhaiticus D15-8W OX=626887 GN=J057_02500 PE=3 SV=1
B1V051/27-132        -            106 seed_msa             -            157      0.12   12.2   0.0   1   1    0.0099      0.15   12.0   0.0    39   112     2    78     1   100 0.61 tr|B1V051|B1V051_CLOPF Bacterial hemoglobin OS=Clostridium perfringens D str. JGS1721 OX=488537 GN=vhb PE=3 SV=1
I1SBA3/27-132        -            106 seed_msa             -            157      0.12   12.2   0.0   1   1    0.0099      0.15   12.0   0.0    39   112     2    78     1   100 0.61 tr|I1SBA3|I1SBA3_CLOPE Bacterial hemoglobin OS=Clostridium perfringens (strain 13 / Type A) OX=195102 GN=CPE1953 PE=3 SV=1
Q9XDU3/27-132        -            106 seed_msa             -            157      0.12   12.2   0.0   1   1    0.0099      0.15   12.0   0.0    39   112     2    78     1   100 0.61 tr|Q9XDU3|Q9XDU3_CLOPF Bacitracin resistance protein BacA OS=Clostridium perfringens OX=1502 GN=bacH PE=3 SV=1
A0A1I4WCP1/27-130    -            104 seed_msa             -            157      0.12   12.2   0.1   1   1     0.019      0.28   11.0   0.1    39   118     2    84     1    97 0.75 tr|A0A1I4WCP1|A0A1I4WCP1_9GAMM Flavohemoprotein OS=Pantoea sp. OV426 OX=1881036 GN=hmp PE=3 SV=1
A0A286BWH8/27-130    -            104 seed_msa             -            157      0.12   12.2   0.0   1   1     0.015      0.22   11.4   0.0    39   116     2    82     1    98 0.68 tr|A0A286BWH8|A0A286BWH8_9ENTR Flavohemoprotein OS=Enterobacteriaceae bacterium JKS000234 OX=1938870 GN=hmp PE=3 SV=1
A0A124G7S7/28-135    -            108 seed_msa             -            157      0.12   12.2   0.0   1   1     0.014      0.21   11.5   0.0    42   115     5    83     1   107 0.77 tr|A0A124G7S7|A0A124G7S7_9ACTN Hemin transporter OS=Actinoplanes awajinensis subsp. mycoplanecinus OX=135947 GN=ADL15_45090 PE=3 SV=1
A0A0Q8R6G1/31-133    -            103 seed_msa             -            157      0.12   12.2   0.0   1   1     0.019      0.28   11.1   0.0    81   122    45    86     2   100 0.79 tr|A0A0Q8R6G1|A0A0Q8R6G1_9SPHN GLOBIN domain-containing protein OS=Sphingomonas sp. Root720 OX=1736595 GN=ASE22_10965 PE=3 SV=1
A0A0T9LAJ8/27-130    -            104 seed_msa             -            157      0.12   12.2   0.0   1   1     0.011      0.16   11.8   0.0    39   121     2    83     1    98 0.67 tr|A0A0T9LAJ8|A0A0T9LAJ8_YERKR Flavohemoprotein OS=Yersinia kristensenii OX=28152 GN=fsrB PE=3 SV=1
A0A2A7T6R5/27-130    -            104 seed_msa             -            157      0.12   12.2   0.0   1   1     0.011      0.16   11.8   0.0    39   121     2    83     1    98 0.67 tr|A0A2A7T6R5|A0A2A7T6R5_YERKR Flavohemoprotein OS=Yersinia kristensenii OX=28152 GN=hmp PE=3 SV=1
A0A0U1HUC3/27-130    -            104 seed_msa             -            157      0.12   12.2   0.0   1   1      0.01      0.15   11.9   0.0    39   104     2    70     1    97 0.78 tr|A0A0U1HUC3|A0A0U1HUC3_YERRO Flavohemoprotein OS=Yersinia rohdei OX=29485 GN=fsrB PE=3 SV=1
A0A0B7K4T2/29-133    -            105 seed_msa             -            157      0.12   12.2   0.0   1   1    0.0094      0.14   12.1   0.0    41   118     4    83     1   101 0.78 tr|A0A0B7K4T2|A0A0B7K4T2_BIOOC Uncharacterized protein OS=Bionectria ochroleuca OX=29856 GN=BN869_000005713_1 PE=3 SV=1
Q0CEI5/53-155        -            103 seed_msa             -            157      0.12   12.2   0.0   1   1     0.011      0.16   11.8   0.0    39   114     1    79     1   101 0.69 tr|Q0CEI5|Q0CEI5_ASPTN Bacterial hemoglobin OS=Aspergillus terreus (strain NIH 2624 / FGSC A1156) OX=341663 GN=ATEG_07899 PE=3 SV=1
G5RIZ1/27-130        -            104 seed_msa             -            157      0.13   12.2   0.0   1   1      0.01      0.15   11.9   0.0    39   114     2    80     1    97 0.81 tr|G5RIZ1|G5RIZ1_SALET Flavohemoprotein OS=Salmonella enterica subsp. enterica serovar Uganda str. R8-3404 OX=913083 GN=hmp PE=3 SV=1
A0A0F0TTT8/27-130    -            104 seed_msa             -            157      0.13   12.2   0.0   1   1      0.01      0.15   11.9   0.0    39   117     2    83     1    97 0.84 tr|A0A0F0TTT8|A0A0F0TTT8_ENTCL Flavohemoprotein OS=Enterobacter cloacae subsp. cloacae OX=336306 GN=hmp PE=3 SV=1
A0A0H3CND4/27-130    -            104 seed_msa             -            157      0.13   12.2   0.0   1   1      0.01      0.15   11.9   0.0    39   117     2    83     1    97 0.84 tr|A0A0H3CND4|A0A0H3CND4_ENTCC Flavohemoprotein OS=Enterobacter cloacae subsp. cloacae (strain ATCC 13047 / DSM 30054 / NBRC 13535 / NCDC 279-56) OX=716541 GN=hmp PE=3 SV=1
A0A0M7GI60/27-130    -            104 seed_msa             -            157      0.13   12.2   0.0   1   1      0.01      0.15   11.9   0.0    39   117     2    83     1    97 0.84 tr|A0A0M7GI60|A0A0M7GI60_ENTCL Flavohemoprotein OS=Enterobacter cloacae OX=550 GN=hmp PE=3 SV=1
D8MVR9/27-130        -            104 seed_msa             -            157      0.13   12.2   0.0   1   1     0.011      0.16   11.9   0.0    39   119     2    85     1    98 0.74 tr|D8MVR9|D8MVR9_ERWBE Flavohemoprotein OS=Erwinia billingiae (strain Eb661) OX=634500 GN=hmp PE=3 SV=1
V6MJ42/27-130        -            104 seed_msa             -            157      0.13   12.2   0.0   1   1     0.011      0.16   11.9   0.0    39   114     2    80     1    99 0.77 tr|V6MJ42|V6MJ42_PROHU Flavohemoprotein OS=Proteus hauseri ZMd44 OX=1312367 GN=hmp PE=3 SV=1
A0A250B498/27-130    -            104 seed_msa             -            157      0.13   12.2   0.0   1   1     0.011      0.16   11.9   0.0    39   117     2    83     1    97 0.77 tr|A0A250B498|A0A250B498_9ENTR Flavohemoprotein OS=Gibbsiella quercinecans OX=929813 GN=hmp PE=3 SV=1
A0A1L7AKU0/30-129    -            100 seed_msa             -            157      0.13   12.2   0.1   1   1     0.019      0.28   11.0   0.1    39   121     2    87     1    97 0.79 tr|A0A1L7AKU0|A0A1L7AKU0_9PROT Nitric oxide dioxygenase OS=Roseomonas gilardii OX=257708 GN=RGI145_14810 PE=3 SV=1
A0A0M3AJW5/30-133    -            104 seed_msa             -            157      0.13   12.2   0.0   1   1     0.011      0.17   11.8   0.0    39   115     2    81     1   102 0.68 tr|A0A0M3AJW5|A0A0M3AJW5_9SPHN Dihydropteridine reductase OS=Sphingobium chungbukense OX=56193 GN=YP76_20535 PE=3 SV=1
A0A078LDB7/27-130    -            104 seed_msa             -            157      0.13   12.1   0.0   1   1     0.011      0.16   11.9   0.0    39   117     2    83     1    97 0.83 tr|A0A078LDB7|A0A078LDB7_CITKO Flavohemoprotein OS=Citrobacter koseri OX=545 GN=hmp PE=3 SV=1
A0A0J1KH71/27-130    -            104 seed_msa             -            157      0.13   12.1   0.0   1   1     0.011      0.16   11.9   0.0    39   117     2    83     1    97 0.83 tr|A0A0J1KH71|A0A0J1KH71_9ENTR Flavohemoprotein OS=Citrobacter sp. MGH100 OX=1686377 GN=hmp PE=3 SV=1
A0A1F2KAD8/27-130    -            104 seed_msa             -            157      0.13   12.1   0.0   1   1     0.011      0.16   11.9   0.0    39   117     2    83     1    97 0.83 tr|A0A1F2KAD8|A0A1F2KAD8_9ENTR Flavohemoprotein OS=Salmonella sp. HMSC13B08 OX=1581094 GN=hmp PE=3 SV=1
A0A243U3Z5/27-130    -            104 seed_msa             -            157      0.13   12.1   0.0   1   1     0.011      0.16   11.9   0.0    39   117     2    83     1    97 0.83 tr|A0A243U3Z5|A0A243U3Z5_CITFR Flavohemoprotein OS=Citrobacter freundii OX=546 GN=hmp PE=3 SV=1
A8AD36/27-130        -            104 seed_msa             -            157      0.13   12.1   0.0   1   1     0.011      0.16   11.9   0.0    39   117     2    83     1    97 0.83 tr|A8AD36|A8AD36_CITK8 Flavohemoprotein OS=Citrobacter koseri (strain ATCC BAA-895 / CDC 4225-83 / SGSC4696) OX=290338 GN=hmp PE=3 SV=1
C3WD76/28-131        -            104 seed_msa             -            157      0.13   12.1   0.0   1   1     0.011      0.16   11.9   0.0    85   122    50    87     1   100 0.84 tr|C3WD76|C3WD76_FUSMR Bacterial hemoglobin OS=Fusobacterium mortiferum ATCC 9817 OX=469616 GN=vhb PE=3 SV=1
A0A1B7KHM8/27-130    -            104 seed_msa             -            157      0.13   12.1   0.0   1   1     0.011      0.16   11.8   0.0    39   121     2    83     1    98 0.76 tr|A0A1B7KHM8|A0A1B7KHM8_9GAMM Flavohemoprotein OS=Obesumbacterium proteus ATCC 12841 OX=1354268 GN=hmp PE=3 SV=1
A0A1C6YWU6/27-130    -            104 seed_msa             -            157      0.13   12.1   0.0   1   1     0.011      0.16   11.8   0.0    39   121     2    83     1    98 0.76 tr|A0A1C6YWU6|A0A1C6YWU6_HAFAL Flavohemoprotein OS=Hafnia alvei OX=569 GN=hmp PE=3 SV=1
A0A2J9H038/27-130    -            104 seed_msa             -            157      0.13   12.1   0.0   1   1     0.011      0.16   11.8   0.0    39   121     2    83     1    98 0.76 tr|A0A2J9H038|A0A2J9H038_HAFAL Flavohemoprotein OS=Hafnia alvei OX=569 GN=hmp PE=3 SV=1
A0A1J7JFL7/28-132    -            105 seed_msa             -            157      0.13   12.1   0.0   1   1    0.0099      0.15   12.0   0.0    42   104     6    70     1   102 0.84 tr|A0A1J7JFL7|A0A1J7JFL7_9PEZI Globin-like protein OS=Coniochaeta ligniaria NRRL 30616 OX=1408157 GN=CONLIGDRAFT_655663 PE=3 SV=1
A0A2H6BKT1/30-134    -            105 seed_msa             -            157      0.13   12.1   0.0   1   1     0.014       0.2   11.5   0.0    82   120    48    86     1   102 0.64 tr|A0A2H6BKT1|A0A2H6BKT1_9RHIZ Nitric oxide dioxygenase OS=Methylopila sp. Yamaguchi OX=1437817 GN=METY_4001 PE=3 SV=1
A0A109Z4Z3/27-130    -            104 seed_msa             -            157      0.13   12.1   0.0   1   1     0.011      0.16   11.9   0.0    39   117     2    83     1    98 0.81 tr|A0A109Z4Z3|A0A109Z4Z3_SERLI Flavohemoprotein OS=Serratia liquefaciens OX=614 GN=hmp PE=3 SV=1
U3TZQ7/27-130        -            104 seed_msa             -            157      0.13   12.1   0.0   1   1     0.017      0.25   11.3   0.0    39   117     2    83     1    98 0.75 tr|U3TZQ7|U3TZQ7_9ENTR Globin OS=Plautia stali symbiont OX=891974 GN=E05_27000 PE=3 SV=1
A0A147FAG6/30-134    -            105 seed_msa             -            157      0.13   12.1   0.0   1   1     0.012      0.17   11.7   0.0    39   121     2    87     1   102 0.82 tr|A0A147FAG6|A0A147FAG6_9RHIZ Dihydropteridine reductase OS=Methylobacterium indicum OX=1775910 GN=NS229_28800 PE=3 SV=1
A0A084DL98/29-133    -            105 seed_msa             -            157      0.14   12.1   0.1   1   1     0.017      0.25   11.2   0.1    40   122     3    88     1   103 0.71 tr|A0A084DL98|A0A084DL98_9BURK Dihydropteridine reductase OS=Burkholderia sp. MSh2 OX=1506588 GN=GQ57_07330 PE=3 SV=1
A0A1Q6Z9S4/105-211   -            107 seed_msa             -            157      0.14   12.1   0.0   1   1      0.01      0.15   11.9   0.0    39   126     2    92     1   104 0.85 tr|A0A1Q6Z9S4|A0A1Q6Z9S4_9CHLR GLOBIN domain-containing protein OS=Ktedonobacter sp. 13_2_20CM_53_11 OX=1805233 GN=AUH05_01290 PE=3 SV=1
A0A1Q7ULH7/105-211   -            107 seed_msa             -            157      0.14   12.1   0.0   1   1      0.01      0.15   11.9   0.0    39   126     2    92     1   104 0.85 tr|A0A1Q7ULH7|A0A1Q7ULH7_9CHLR GLOBIN domain-containing protein OS=Ktedonobacter sp. 13_1_20CM_4_53_11 OX=1805225 GN=AUG82_10880 PE=3 SV=1
A0A0S4QMH4/347-450   -            104 seed_msa             -            157      0.14   12.1   0.0   1   1     0.015      0.22   11.4   0.0    44   111     8    79     1   100 0.83 tr|A0A0S4QMH4|A0A0S4QMH4_9ACTN Hemoglobin-like flavoprotein OS=Frankia irregularis OX=795642 GN=Ga0074812_10979 PE=4 SV=1
D3D7N7/347-450       -            104 seed_msa             -            157      0.14   12.1   0.0   1   1     0.015      0.22   11.4   0.0    44   111     8    79     1   100 0.83 tr|D3D7N7|D3D7N7_9ACTN Transcriptional regulator, ArsR family OS=Frankia sp. EUN1f OX=102897 GN=FrEUN1fDRAFT_5809 PE=4 SV=1
A0A2J9EBE8/27-130    -            104 seed_msa             -            157      0.14   12.1   0.0   1   1     0.013      0.19   11.6   0.0    39   116     2    82     1    97 0.75 tr|A0A2J9EBE8|A0A2J9EBE8_9GAMM Flavohemoprotein OS=Pantoea sp. FDAARGOS_194 OX=1975707 GN=hmp PE=3 SV=1
A0A1R4FKA9/30-130    -            101 seed_msa             -            157      0.14   12.1   0.0   1   1     0.015      0.23   11.4   0.0    39   105     2    71     1    99 0.70 tr|A0A1R4FKA9|A0A1R4FKA9_BREDI Flavohemoprotein OS=Brevundimonas diminuta 3F5N OX=1255603 GN=hmp PE=3 SV=1
A0A0K3S4I1/27-129    -            103 seed_msa             -            157      0.14   12.1   0.0   1   1     0.011      0.17   11.8   0.0    39   117     2    83     1    98 0.79 tr|A0A0K3S4I1|A0A0K3S4I1_ECOLX Flavohemoprotein OS=Escherichia coli OX=562 GN=hmpA PE=3 SV=1
A0A1I3CX68/30-132    -            103 seed_msa             -            157      0.14   12.0   0.0   1   1     0.014      0.21   11.5   0.0    40   118     3    84     1   102 0.63 tr|A0A1I3CX68|A0A1I3CX68_9RHOB Nitric oxide dioxygenase OS=Paracoccus aminovorans OX=34004 GN=SAMN04488021_13417 PE=3 SV=1
G6XK11/36-137        -            102 seed_msa             -            157      0.14   12.0   0.0   1   1      0.02      0.29   11.0   0.0    40   141     1    98     1    99 0.67 tr|G6XK11|G6XK11_9PROT Flavohemoprotein OS=Gluconobacter morbifer G707 OX=1088869 GN=GMO_17400 PE=3 SV=1
A0A1X3KKR2/34-137    -            104 seed_msa             -            157      0.14   12.0   0.0   1   1     0.012      0.17   11.8   0.0    39   117     2    83     1    98 0.79 tr|A0A1X3KKR2|A0A1X3KKR2_ECOLX Flavohemoprotein OS=Escherichia coli H605 OX=656410 GN=hmp PE=3 SV=1
A0A167ZIV3/27-130    -            104 seed_msa             -            157      0.14   12.0   0.0   1   1     0.011      0.17   11.8   0.0    39   117     2    83     1    98 0.80 tr|A0A167ZIV3|A0A167ZIV3_KLEOX Flavohemoprotein OS=Klebsiella oxytoca OX=571 GN=hmp_1 PE=3 SV=1
A0A2C5V4R9/27-130    -            104 seed_msa             -            157      0.14   12.0   0.0   1   1     0.011      0.17   11.8   0.0    39   117     2    83     1    98 0.80 tr|A0A2C5V4R9|A0A2C5V4R9_RAOPL Flavohemoprotein OS=Raoultella planticola OX=575 GN=hmp_1 PE=3 SV=1
A0A0G3XC58/29-130    -            102 seed_msa             -            157      0.14   12.0   0.0   1   1     0.015      0.22   11.4   0.0    38   122     2    88     1   102 0.76 tr|A0A0G3XC58|A0A0G3XC58_9SPHN Dihydropteridine reductase OS=Croceicoccus naphthovorans OX=1348774 GN=AB433_02685 PE=3 SV=1
A0A023Z188/27-130    -            104 seed_msa             -            157      0.14   12.0   0.0   1   1     0.012      0.17   11.8   0.0    39   117     2    83     1    98 0.79 tr|A0A023Z188|A0A023Z188_ECOLX Flavohemoprotein OS=Escherichia coli O145:H28 str. RM12581 OX=1248823 GN=hmpA PE=3 SV=1
A0A025CFM0/27-130    -            104 seed_msa             -            157      0.14   12.0   0.0   1   1     0.012      0.17   11.8   0.0    39   117     2    83     1    98 0.79 tr|A0A025CFM0|A0A025CFM0_ECOLX Flavohemoprotein OS=Escherichia coli O145:NM str. 2010C-3526 OX=1446596 GN=hmp PE=3 SV=1
A0A026UKD0/27-130    -            104 seed_msa             -            157      0.14   12.0   0.0   1   1     0.012      0.17   11.8   0.0    39   117     2    83     1    98 0.79 tr|A0A026UKD0|A0A026UKD0_ECOLX Flavohemoprotein OS=Escherichia coli O174:H8 str. 04-3038 OX=1446704 GN=hmp PE=3 SV=1
A0A028ATM2/27-130    -            104 seed_msa             -            157      0.14   12.0   0.0   1   1     0.012      0.17   11.8   0.0    39   117     2    83     1    98 0.79 tr|A0A028ATM2|A0A028ATM2_ECOLX Flavohemoprotein OS=Escherichia coli O69:H11 str. 08-4661 OX=1446753 GN=hmp PE=3 SV=1
A0A028E1S2/27-130    -            104 seed_msa             -            157      0.14   12.0   0.0   1   1     0.012      0.17   11.8   0.0    39   117     2    83     1    98 0.79 tr|A0A028E1S2|A0A028E1S2_ECOLX Flavohemoprotein OS=Escherichia coli O118:H16 str. 2009C-4446 OX=1446549 GN=hmp PE=3 SV=1
A0A029HQS8/27-130    -            104 seed_msa             -            157      0.14   12.0   0.0   1   1     0.012      0.17   11.8   0.0    39   117     2    83     1    98 0.79 tr|A0A029HQS8|A0A029HQS8_ECOLX Flavohemoprotein OS=Escherichia coli 2-005-03_S4_C3 OX=1444258 GN=hmp PE=3 SV=1
A0A029INC6/27-130    -            104 seed_msa             -            157      0.14   12.0   0.0   1   1     0.012      0.17   11.8   0.0    39   117     2    83     1    98 0.79 tr|A0A029INC6|A0A029INC6_ECOLX Flavohemoprotein OS=Escherichia coli 2-005-03_S4_C2 OX=1444228 GN=hmp PE=3 SV=1
A0A069XNM2/27-130    -            104 seed_msa             -            157      0.14   12.0   0.0   1   1     0.012      0.17   11.8   0.0    39   117     2    83     1    98 0.79 tr|A0A069XNM2|A0A069XNM2_ECOLX Flavohemoprotein OS=Escherichia coli 3-373-03_S4_C2 OX=1444252 GN=hmp PE=3 SV=1
A0A070FGG3/27-130    -            104 seed_msa             -            157      0.14   12.0   0.0   1   1     0.012      0.17   11.8   0.0    39   117     2    83     1    98 0.79 tr|A0A070FGG3|A0A070FGG3_ECOLX Flavohemoprotein OS=Escherichia coli O128:H2 str. 2011C-3317 OX=1446581 GN=hmp PE=3 SV=1
A0A070SZH7/27-130    -            104 seed_msa             -            157      0.14   12.0   0.0   1   1     0.012      0.17   11.8   0.0    39   117     2    83     1    98 0.79 tr|A0A070SZH7|A0A070SZH7_ECOLX Flavohemoprotein OS=Escherichia coli 2-210-07_S3_C3 OX=1444180 GN=hmp PE=3 SV=1
A0A070V129/27-130    -            104 seed_msa             -            157      0.14   12.0   0.0   1   1     0.012      0.17   11.8   0.0    39   117     2    83     1    98 0.79 tr|A0A070V129|A0A070V129_ECOLX Flavohemoprotein OS=Escherichia coli 2-177-06_S3_C2 OX=1444151 GN=hmp PE=3 SV=1
A0A073FSJ3/27-130    -            104 seed_msa             -            157      0.14   12.0   0.0   1   1     0.012      0.17   11.8   0.0    39   117     2    83     1    98 0.79 tr|A0A073FSJ3|A0A073FSJ3_ECOLX Flavohemoprotein OS=Escherichia coli 2-427-07_S4_C3 OX=1444266 GN=hmp PE=3 SV=1
A0A073H9Y7/27-130    -            104 seed_msa             -            157      0.14   12.0   0.0   1   1     0.012      0.17   11.8   0.0    39   117     2    83     1    98 0.79 tr|A0A073H9Y7|A0A073H9Y7_ECOLX Flavohemoprotein OS=Escherichia coli 5-366-08_S1_C3 OX=1444102 GN=hmp PE=3 SV=1
A0A073UIK6/27-130    -            104 seed_msa             -            157      0.14   12.0   0.0   1   1     0.012      0.17   11.8   0.0    39   117     2    83     1    98 0.79 tr|A0A073UIK6|A0A073UIK6_ECOLX Flavohemoprotein OS=Escherichia coli 5-366-08_S1_C1 OX=1444047 GN=hmp PE=3 SV=1
A0A074HX57/27-130    -            104 seed_msa             -            157      0.14   12.0   0.0   1   1     0.012      0.17   11.8   0.0    39   117     2    83     1    98 0.79 tr|A0A074HX57|A0A074HX57_ECOLX Flavohemoprotein OS=Escherichia coli 1-392-07_S4_C1 OX=1444219 GN=hmp PE=3 SV=1
A0A080FW51/27-130    -            104 seed_msa             -            157      0.14   12.0   0.0   1   1     0.012      0.17   11.8   0.0    39   117     2    83     1    98 0.79 tr|A0A080FW51|A0A080FW51_ECOLX Flavohemoprotein OS=Escherichia coli 1-392-07_S4_C3 OX=1444275 GN=hmp PE=3 SV=1
A0A080IMV1/27-130    -            104 seed_msa             -            157      0.14   12.0   0.0   1   1     0.012      0.17   11.8   0.0    39   117     2    83     1    98 0.79 tr|A0A080IMV1|A0A080IMV1_ECOLX Flavohemoprotein OS=Escherichia coli 1-250-04_S3_C2 OX=1444163 GN=hmp PE=3 SV=1
A0A090NIZ8/34-137    -            104 seed_msa             -            157      0.14   12.0   0.0   1   1     0.012      0.17   11.8   0.0    39   117     2    83     1    98 0.79 tr|A0A090NIZ8|A0A090NIZ8_SHIDY Flavohemoprotein OS=Shigella dysenteriae WRSd3 OX=1401327 GN=hmp PE=3 SV=1
A0A0A0FBQ1/27-130    -            104 seed_msa             -            157      0.14   12.0   0.0   1   1     0.012      0.17   11.8   0.0    39   117     2    83     1    98 0.79 tr|A0A0A0FBQ1|A0A0A0FBQ1_ECOLX Flavohemoprotein OS=Escherichia coli G3/10 OX=1455601 GN=hmp PE=3 SV=1
A0A0A0HCP4/27-130    -            104 seed_msa             -            157      0.14   12.0   0.0   1   1     0.012      0.17   11.8   0.0    39   117     2    83     1    98 0.79 tr|A0A0A0HCP4|A0A0A0HCP4_ECOLX Flavohemoprotein OS=Escherichia coli OX=562 GN=hmpA PE=3 SV=1
A0A0A1A797/27-130    -            104 seed_msa             -            157      0.14   12.0   0.0   1   1     0.012      0.17   11.8   0.0    39   117     2    83     1    98 0.79 tr|A0A0A1A797|A0A0A1A797_ECOLX Flavohemoprotein OS=Escherichia coli OX=562 GN=hmpA PE=3 SV=1
A0A0A6ZX51/34-137    -            104 seed_msa             -            157      0.14   12.0   0.0   1   1     0.012      0.17   11.8   0.0    39   117     2    83     1    98 0.79 tr|A0A0A6ZX51|A0A0A6ZX51_SHIDY Flavohemoprotein OS=Shigella dysenteriae 1617 OX=754093 GN=hmp PE=3 SV=1
A0A0A8UGW4/27-130    -            104 seed_msa             -            157      0.14   12.0   0.0   1   1     0.012      0.17   11.8   0.0    39   117     2    83     1    98 0.79 tr|A0A0A8UGW4|A0A0A8UGW4_ECOLX Flavohemoprotein OS=Escherichia coli O26:H11 OX=244319 GN=hmp PE=3 SV=1
A0A0B0VQC0/27-130    -            104 seed_msa             -            157      0.14   12.0   0.0   1   1     0.012      0.17   11.8   0.0    39   117     2    83     1    98 0.79 tr|A0A0B0VQC0|A0A0B0VQC0_ECOLX Flavohemoprotein OS=Escherichia coli OX=562 GN=hmp PE=3 SV=1
A0A0D0NEW7/27-130    -            104 seed_msa             -            157      0.14   12.0   0.0   1   1     0.012      0.17   11.8   0.0    39   117     2    83     1    98 0.79 tr|A0A0D0NEW7|A0A0D0NEW7_ECOLX Flavohemoprotein OS=Escherichia coli OX=562 GN=hmpA PE=3 SV=1
A0A0D8VXJ1/27-130    -            104 seed_msa             -            157      0.14   12.0   0.0   1   1     0.012      0.17   11.8   0.0    39   117     2    83     1    98 0.79 tr|A0A0D8VXJ1|A0A0D8VXJ1_ECOLX Flavohemoprotein OS=Escherichia coli OX=562 GN=hmpA PE=3 SV=1
A0A0D8WB16/27-130    -            104 seed_msa             -            157      0.14   12.0   0.0   1   1     0.012      0.17   11.8   0.0    39   117     2    83     1    98 0.79 tr|A0A0D8WB16|A0A0D8WB16_ECOLX Flavohemoprotein OS=Escherichia coli OX=562 GN=hmpA PE=3 SV=1
A0A0E0U1W7/27-130    -            104 seed_msa             -            157      0.14   12.0   0.0   1   1     0.012      0.17   11.8   0.0    39   117     2    83     1    98 0.79 tr|A0A0E0U1W7|A0A0E0U1W7_ECOLX Flavohemoprotein OS=Escherichia coli UMNK88 OX=696406 GN=hmp PE=3 SV=1
A0A0E0V9F3/27-130    -            104 seed_msa             -            157      0.14   12.0   0.0   1   1     0.012      0.17   11.8   0.0    39   117     2    83     1    98 0.79 tr|A0A0E0V9F3|A0A0E0V9F3_ECOLX Flavohemoprotein OS=Escherichia coli O7:K1 str. CE10 OX=1072459 GN=hmp PE=3 SV=1
A0A0E0XVK9/27-130    -            104 seed_msa             -            157      0.14   12.0   0.0   1   1     0.012      0.17   11.8   0.0    39   117     2    83     1    98 0.79 tr|A0A0E0XVK9|A0A0E0XVK9_ECO1C Flavohemoprotein OS=Escherichia coli O104:H4 (strain 2011C-3493) OX=1133852 GN=hmp PE=3 SV=1
A0A0E1M4T2/27-130    -            104 seed_msa             -            157      0.14   12.0   0.0   1   1     0.012      0.17   11.8   0.0    39   117     2    83     1    98 0.79 tr|A0A0E1M4T2|A0A0E1M4T2_ECOLX Flavohemoprotein OS=Escherichia coli 1303 OX=745156 GN=hmp PE=3 SV=1
A0A0E1SWE6/27-130    -            104 seed_msa             -            157      0.14   12.0   0.0   1   1     0.012      0.17   11.8   0.0    39   117     2    83     1    98 0.79 tr|A0A0E1SWE6|A0A0E1SWE6_ECOLX Flavohemoprotein OS=Escherichia coli 53638 OX=344610 GN=hmp PE=3 SV=1
A0A0E2L353/27-130    -            104 seed_msa             -            157      0.14   12.0   0.0   1   1     0.012      0.17   11.8   0.0    39   117     2    83     1    98 0.79 tr|A0A0E2L353|A0A0E2L353_ECOU3 Flavohemoprotein OS=Escherichia coli (strain UMEA 3162-1) OX=1281200 GN=hmp PE=3 SV=1
A0A0E2TTN8/27-130    -            104 seed_msa             -            157      0.14   12.0   0.0   1   1     0.012      0.17   11.8   0.0    39   117     2    83     1    98 0.79 tr|A0A0E2TTN8|A0A0E2TTN8_ECOLX Flavohemoprotein OS=Escherichia coli O121:H19 str. 2010C-3609 OX=1446560 GN=hmp PE=3 SV=1
A0A0F6C7N5/27-130    -            104 seed_msa             -            157      0.14   12.0   0.0   1   1     0.012      0.17   11.8   0.0    39   117     2    83     1    98 0.79 tr|A0A0F6C7N5|A0A0F6C7N5_ECOLX Flavohemoprotein OS=Escherichia coli Xuzhou21 OX=741093 GN=hmp PE=3 SV=1
A0A0G3K893/27-130    -            104 seed_msa             -            157      0.14   12.0   0.0   1   1     0.012      0.17   11.8   0.0    39   117     2    83     1    98 0.79 tr|A0A0G3K893|A0A0G3K893_ECOLX Flavohemoprotein OS=Escherichia coli PCN033 OX=1001989 GN=hmp PE=3 SV=1
A0A0H2Z1G7/27-130    -            104 seed_msa             -            157      0.14   12.0   0.0   1   1     0.012      0.17   11.8   0.0    39   117     2    83     1    98 0.79 tr|A0A0H2Z1G7|A0A0H2Z1G7_ECOK1 Flavohemoprotein OS=Escherichia coli O1:K1 / APEC OX=405955 GN=hmpA PE=3 SV=1
A0A0H3EJV9/27-130    -            104 seed_msa             -            157      0.14   12.0   0.0   1   1     0.012      0.17   11.8   0.0    39   117     2    83     1    98 0.79 tr|A0A0H3EJV9|A0A0H3EJV9_ECO8N Flavohemoprotein OS=Escherichia coli O83:H1 (strain NRG 857C / AIEC) OX=685038 GN=hmp PE=3 SV=1
A0A0H3MT01/27-130    -            104 seed_msa             -            157      0.14   12.0   0.0   1   1     0.012      0.17   11.8   0.0    39   117     2    83     1    98 0.79 tr|A0A0H3MT01|A0A0H3MT01_ECO7I Flavohemoprotein OS=Escherichia coli O7:K1 (strain IAI39 / ExPEC) OX=585057 GN=hmp PE=3 SV=1
A0A0H3PW65/27-130    -            104 seed_msa             -            157      0.14   12.0   0.0   1   1     0.012      0.17   11.8   0.0    39   117     2    83     1    98 0.79 tr|A0A0H3PW65|A0A0H3PW65_ECO5C Flavohemoprotein OS=Escherichia coli O157:H7 (strain EC869) OX=478008 GN=hmp PE=3 SV=1
A0A0I4UR92/27-130    -            104 seed_msa             -            157      0.14   12.0   0.0   1   1     0.012      0.17   11.8   0.0    39   117     2    83     1    98 0.79 tr|A0A0I4UR92|A0A0I4UR92_SHISO Flavohemoprotein OS=Shigella sonnei OX=624 GN=hmp PE=3 SV=1
A0A0J2DD84/27-130    -            104 seed_msa             -            157      0.14   12.0   0.0   1   1     0.012      0.17   11.8   0.0    39   117     2    83     1    98 0.79 tr|A0A0J2DD84|A0A0J2DD84_ECOLX Flavohemoprotein OS=Escherichia coli OX=562 GN=hmp PE=3 SV=1
A0A0J2EFA4/27-130    -            104 seed_msa             -            157      0.14   12.0   0.0   1   1     0.012      0.17   11.8   0.0    39   117     2    83     1    98 0.79 tr|A0A0J2EFA4|A0A0J2EFA4_ECOLX Flavohemoprotein OS=Escherichia coli OX=562 GN=hmpA PE=3 SV=1
A0A0K4M701/27-130    -            104 seed_msa             -            157      0.14   12.0   0.0   1   1     0.012      0.17   11.8   0.0    39   117     2    83     1    98 0.79 tr|A0A0K4M701|A0A0K4M701_ECOLX Flavohemoprotein OS=Escherichia coli OX=562 GN=hmpA PE=3 SV=1
A0A0K9TE87/27-130    -            104 seed_msa             -            157      0.14   12.0   0.0   1   1     0.012      0.17   11.8   0.0    39   117     2    83     1    98 0.79 tr|A0A0K9TE87|A0A0K9TE87_ECOLX Flavohemoprotein OS=Escherichia coli M114 OX=656416 GN=hmp PE=3 SV=1
A0A0L7ANV2/27-130    -            104 seed_msa             -            157      0.14   12.0   0.0   1   1     0.012      0.17   11.8   0.0    39   117     2    83     1    98 0.79 tr|A0A0L7ANV2|A0A0L7ANV2_ECOLX Flavohemoprotein OS=Escherichia coli OX=562 GN=hmp PE=3 SV=1
A0A0M7NK75/27-130    -            104 seed_msa             -            157      0.14   12.0   0.0   1   1     0.012      0.17   11.8   0.0    39   117     2    83     1    98 0.79 tr|A0A0M7NK75|A0A0M7NK75_9BURK Flavohemoprotein OS=Achromobacter sp. OX=134375 GN=hmp PE=3 SV=1
A0A0V9S130/27-130    -            104 seed_msa             -            157      0.14   12.0   0.0   1   1     0.012      0.17   11.8   0.0    39   117     2    83     1    98 0.79 tr|A0A0V9S130|A0A0V9S130_ECOLX Flavohemoprotein OS=Escherichia coli OX=562 GN=hmp PE=3 SV=1
A0A127GN95/27-130    -            104 seed_msa             -            157      0.14   12.0   0.0   1   1     0.012      0.17   11.8   0.0    39   117     2    83     1    98 0.79 tr|A0A127GN95|A0A127GN95_SHIFL Flavohemoprotein OS=Shigella flexneri 4c OX=1617964 GN=hmp PE=3 SV=1
A0A140N6F4/27-130    -            104 seed_msa             -            157      0.14   12.0   0.0   1   1     0.012      0.17   11.8   0.0    39   117     2    83     1    98 0.79 tr|A0A140N6F4|A0A140N6F4_ECOBD Flavohemoprotein OS=Escherichia coli (strain B / BL21-DE3) OX=469008 GN=hmp PE=3 SV=1
A0A148HUX9/27-130    -            104 seed_msa             -            157      0.14   12.0   0.0   1   1     0.012      0.17   11.8   0.0    39   117     2    83     1    98 0.79 tr|A0A148HUX9|A0A148HUX9_ECOLX Flavohemoprotein OS=Escherichia coli OX=562 GN=hmp PE=3 SV=1
A0A181WNE2/27-130    -            104 seed_msa             -            157      0.14   12.0   0.0   1   1     0.012      0.17   11.8   0.0    39   117     2    83     1    98 0.79 tr|A0A181WNE2|A0A181WNE2_KLEOX Flavohemoprotein OS=Klebsiella oxytoca OX=571 GN=hmp PE=3 SV=1
A0A193LVT6/27-130    -            104 seed_msa             -            157      0.14   12.0   0.0   1   1     0.012      0.17   11.8   0.0    39   117     2    83     1    98 0.79 tr|A0A193LVT6|A0A193LVT6_ECOLX Flavohemoprotein OS=Escherichia coli OX=562 GN=hmp PE=3 SV=1
A0A1E2VJT8/27-130    -            104 seed_msa             -            157      0.14   12.0   0.0   1   1     0.012      0.17   11.8   0.0    39   117     2    83     1    98 0.79 tr|A0A1E2VJT8|A0A1E2VJT8_9ENTR Flavohemoprotein OS=Shigella sp. FC2928 OX=1886517 GN=hmp PE=3 SV=1
A0A1E3N2G3/27-130    -            104 seed_msa             -            157      0.14   12.0   0.0   1   1     0.012      0.17   11.8   0.0    39   117     2    83     1    98 0.79 tr|A0A1E3N2G3|A0A1E3N2G3_9ENTR Flavohemoprotein OS=Shigella sp. FC569 OX=1892897 GN=hmp PE=3 SV=1
A0A1H0L8K0/27-130    -            104 seed_msa             -            157      0.14   12.0   0.0   1   1     0.012      0.17   11.8   0.0    39   117     2    83     1    98 0.79 tr|A0A1H0L8K0|A0A1H0L8K0_SHISO Flavohemoprotein OS=Shigella sonnei OX=624 GN=hmp PE=3 SV=1
A0A1M0CWP5/27-130    -            104 seed_msa             -            157      0.14   12.0   0.0   1   1     0.012      0.17   11.8   0.0    39   117     2    83     1    98 0.79 tr|A0A1M0CWP5|A0A1M0CWP5_ECOLX Flavohemoprotein OS=Escherichia coli OX=562 GN=hmpA PE=3 SV=1
A0A1M2U4T7/27-130    -            104 seed_msa             -            157      0.14   12.0   0.0   1   1     0.012      0.17   11.8   0.0    39   117     2    83     1    98 0.79 tr|A0A1M2U4T7|A0A1M2U4T7_ECOLX Flavohemoprotein OS=Escherichia coli OX=562 GN=hmpA PE=3 SV=1
A0A1Q6BEG7/27-130    -            104 seed_msa             -            157      0.14   12.0   0.0   1   1     0.012      0.17   11.8   0.0    39   117     2    83     1    98 0.79 tr|A0A1Q6BEG7|A0A1Q6BEG7_ECOLX Flavohemoprotein OS=Escherichia coli OX=562 GN=hmp PE=3 SV=1
A0A1S9JJT1/27-130    -            104 seed_msa             -            157      0.14   12.0   0.0   1   1     0.012      0.17   11.8   0.0    39   117     2    83     1    98 0.79 tr|A0A1S9JJT1|A0A1S9JJT1_SHIBO Flavohemoprotein OS=Shigella boydii OX=621 GN=hmp PE=3 SV=1
A0A1V2GHZ8/27-130    -            104 seed_msa             -            157      0.14   12.0   0.0   1   1     0.012      0.17   11.8   0.0    39   117     2    83     1    98 0.79 tr|A0A1V2GHZ8|A0A1V2GHZ8_ECOLX Flavohemoprotein OS=Escherichia coli OX=562 GN=hmp PE=3 SV=1
A0A1X3I3Z8/34-137    -            104 seed_msa             -            157      0.14   12.0   0.0   1   1     0.012      0.17   11.8   0.0    39   117     2    83     1    98 0.79 tr|A0A1X3I3Z8|A0A1X3I3Z8_ECOLX Flavohemoprotein OS=Escherichia coli M056 OX=656415 GN=hmp PE=3 SV=1
A0A1X3IKS1/27-130    -            104 seed_msa             -            157      0.14   12.0   0.0   1   1     0.012      0.17   11.8   0.0    39   117     2    83     1    98 0.79 tr|A0A1X3IKS1|A0A1X3IKS1_ECOLX Flavohemoprotein OS=Escherichia coli E1114 OX=550691 GN=hmp PE=3 SV=1
A0A1X3J334/34-137    -            104 seed_msa             -            157      0.14   12.0   0.0   1   1     0.012      0.17   11.8   0.0    39   117     2    83     1    98 0.79 tr|A0A1X3J334|A0A1X3J334_ECOLX Flavohemoprotein OS=Escherichia coli TA447 OX=656447 GN=hmp PE=3 SV=1
A0A1X3JF97/34-137    -            104 seed_msa             -            157      0.14   12.0   0.0   1   1     0.012      0.17   11.8   0.0    39   117     2    83     1    98 0.79 tr|A0A1X3JF97|A0A1X3JF97_ECOLX Flavohemoprotein OS=Escherichia coli H386 OX=656397 GN=hmp PE=3 SV=1
A0A1X3JZV5/27-130    -            104 seed_msa             -            157      0.14   12.0   0.0   1   1     0.012      0.17   11.8   0.0    39   117     2    83     1    98 0.79 tr|A0A1X3JZV5|A0A1X3JZV5_9ESCH Flavohemoprotein OS=Escherichia albertii B156 OX=550693 GN=hmp PE=3 SV=1
A0A1X3KA27/27-130    -            104 seed_msa             -            157      0.14   12.0   0.0   1   1     0.012      0.17   11.8   0.0    39   117     2    83     1    98 0.79 tr|A0A1X3KA27|A0A1X3KA27_ECOLX Flavohemoprotein OS=Escherichia coli H461 OX=656403 GN=hmp PE=3 SV=1
A0A1X3L0D6/34-137    -            104 seed_msa             -            157      0.14   12.0   0.0   1   1     0.012      0.17   11.8   0.0    39   117     2    83     1    98 0.79 tr|A0A1X3L0D6|A0A1X3L0D6_ECOLX Flavohemoprotein OS=Escherichia coli H420 OX=656400 GN=hmp PE=3 SV=1
A0A1X3LGL1/27-130    -            104 seed_msa             -            157      0.14   12.0   0.0   1   1     0.012      0.17   11.8   0.0    39   117     2    83     1    98 0.79 tr|A0A1X3LGL1|A0A1X3LGL1_ECOLX Flavohemoprotein OS=Escherichia coli TA054 OX=656433 GN=hmp PE=3 SV=1
A0A1X3M0S5/27-130    -            104 seed_msa             -            157      0.14   12.0   0.0   1   1     0.012      0.17   11.8   0.0    39   117     2    83     1    98 0.79 tr|A0A1X3M0S5|A0A1X3M0S5_ECOLX Flavohemoprotein OS=Escherichia coli TA249 OX=656441 GN=hmp PE=3 SV=1
A0A1Z3V0X8/27-130    -            104 seed_msa             -            157      0.14   12.0   0.0   1   1     0.012      0.17   11.8   0.0    39   117     2    83     1    98 0.79 tr|A0A1Z3V0X8|A0A1Z3V0X8_ECOLX Flavohemoprotein OS=Escherichia coli O157 OX=1045010 GN=hmp PE=3 SV=1
A0A200LI74/27-130    -            104 seed_msa             -            157      0.14   12.0   0.0   1   1     0.012      0.17   11.8   0.0    39   117     2    83     1    98 0.79 tr|A0A200LI74|A0A200LI74_SHISO Flavohemoprotein OS=Shigella sonnei OX=624 GN=hmp PE=3 SV=1
A0A210G3R8/27-130    -            104 seed_msa             -            157      0.14   12.0   0.0   1   1     0.012      0.17   11.8   0.0    39   117     2    83     1    98 0.79 tr|A0A210G3R8|A0A210G3R8_ECOLX Flavohemoprotein OS=Escherichia coli OX=562 GN=hmpA PE=3 SV=1
A0A222QPX4/27-130    -            104 seed_msa             -            157      0.14   12.0   0.0   1   1     0.012      0.17   11.8   0.0    39   117     2    83     1    98 0.79 tr|A0A222QPX4|A0A222QPX4_ECOLX Flavohemoprotein OS=Escherichia coli NCCP15648 OX=1200752 GN=hmp PE=3 SV=1
A0A229ABY0/27-130    -            104 seed_msa             -            157      0.14   12.0   0.0   1   1     0.012      0.17   11.8   0.0    39   117     2    83     1    98 0.79 tr|A0A229ABY0|A0A229ABY0_ECOLX Flavohemoprotein OS=Escherichia coli OX=562 GN=hmpA PE=3 SV=1
A0A236IKB9/27-130    -            104 seed_msa             -            157      0.14   12.0   0.0   1   1     0.012      0.17   11.8   0.0    39   117     2    83     1    98 0.79 tr|A0A236IKB9|A0A236IKB9_SHISO Flavohemoprotein OS=Shigella sonnei OX=624 GN=hmp PE=3 SV=1
A0A237FYQ0/27-130    -            104 seed_msa             -            157      0.14   12.0   0.0   1   1     0.012      0.17   11.8   0.0    39   117     2    83     1    98 0.79 tr|A0A237FYQ0|A0A237FYQ0_SHIBO Flavohemoprotein OS=Shigella boydii OX=621 GN=hmp PE=3 SV=1
A0A244BN40/27-130    -            104 seed_msa             -            157      0.14   12.0   0.0   1   1     0.012      0.17   11.8   0.0    39   117     2    83     1    98 0.79 tr|A0A244BN40|A0A244BN40_ECOLX Flavohemoprotein OS=Escherichia coli OX=562 GN=hmp PE=3 SV=1
A0A246NUX0/27-130    -            104 seed_msa             -            157      0.14   12.0   0.0   1   1     0.012      0.17   11.8   0.0    39   117     2    83     1    98 0.79 tr|A0A246NUX0|A0A246NUX0_ECOLX Flavohemoprotein OS=Escherichia coli OX=562 GN=hmp PE=3 SV=1
A0A2D0P3S7/27-130    -            104 seed_msa             -            157      0.14   12.0   0.0   1   1     0.012      0.17   11.8   0.0    39   117     2    83     1    98 0.79 tr|A0A2D0P3S7|A0A2D0P3S7_ECOLX Flavohemoprotein OS=Escherichia coli O127:H6 OX=168807 GN=hmp PE=3 SV=1
A0A2H4TWH1/27-130    -            104 seed_msa             -            157      0.14   12.0   0.0   1   1     0.012      0.17   11.8   0.0    39   117     2    83     1    98 0.79 tr|A0A2H4TWH1|A0A2H4TWH1_ECOLX Flavohemoprotein OS=Escherichia coli OX=562 GN=hmp PE=3 SV=1
A0A2H9EU22/27-130    -            104 seed_msa             -            157      0.14   12.0   0.0   1   1     0.012      0.17   11.8   0.0    39   117     2    83     1    98 0.79 tr|A0A2H9EU22|A0A2H9EU22_ECOLX Flavohemoprotein OS=Escherichia coli OX=562 GN=hmp PE=3 SV=1
A7ZPZ5/27-130        -            104 seed_msa             -            157      0.14   12.0   0.0   1   1     0.012      0.17   11.8   0.0    39   117     2    83     1    98 0.79 tr|A7ZPZ5|A7ZPZ5_ECO24 Flavohemoprotein OS=Escherichia coli O139:H28 (strain E24377A / ETEC) OX=331111 GN=hmp PE=3 SV=1
B1EIV8/27-130        -            104 seed_msa             -            157      0.14   12.0   0.0   1   1     0.012      0.17   11.8   0.0    39   117     2    83     1    98 0.79 tr|B1EIV8|B1EIV8_ESCAT Flavohemoprotein OS=Escherichia albertii (strain TW07627) OX=502347 GN=hmp PE=3 SV=1
B1LNK8/27-130        -            104 seed_msa             -            157      0.14   12.0   0.0   1   1     0.012      0.17   11.8   0.0    39   117     2    83     1    98 0.79 tr|B1LNK8|B1LNK8_ECOSM Flavohemoprotein OS=Escherichia coli (strain SMS-3-5 / SECEC) OX=439855 GN=hmp PE=3 SV=1
B2TXW5/27-130        -            104 seed_msa             -            157      0.14   12.0   0.0   1   1     0.012      0.17   11.8   0.0    39   117     2    83     1    98 0.79 tr|B2TXW5|B2TXW5_SHIB3 Flavohemoprotein OS=Shigella boydii serotype 18 (strain CDC 3083-94 / BS512) OX=344609 GN=hmp PE=3 SV=1
B3WYH9/27-130        -            104 seed_msa             -            157      0.14   12.0   0.0   1   1     0.012      0.17   11.8   0.0    39   117     2    83     1    98 0.79 tr|B3WYH9|B3WYH9_9ENTR Flavohemoprotein OS=Shigella dysenteriae 1012 OX=358708 GN=hmp PE=3 SV=1
B6I5C6/27-130        -            104 seed_msa             -            157      0.14   12.0   0.0   1   1     0.012      0.17   11.8   0.0    39   117     2    83     1    98 0.79 tr|B6I5C6|B6I5C6_ECOSE Flavohemoprotein OS=Escherichia coli (strain SE11) OX=409438 GN=hmp PE=3 SV=1
B7LDE4/27-130        -            104 seed_msa             -            157      0.14   12.0   0.0   1   1     0.012      0.17   11.8   0.0    39   117     2    83     1    98 0.79 tr|B7LDE4|B7LDE4_ECO55 Flavohemoprotein OS=Escherichia coli (strain 55989 / EAEC) OX=585055 GN=hmp PE=3 SV=1
B7LJP5/27-130        -            104 seed_msa             -            157      0.14   12.0   0.0   1   1     0.012      0.17   11.8   0.0    39   117     2    83     1    98 0.79 tr|B7LJP5|B7LJP5_ESCF3 Flavohemoprotein OS=Escherichia fergusonii (strain ATCC 35469 / DSM 13698 / CDC 0568-73) OX=585054 GN=hmp PE=3 SV=1
B7MIN6/27-130        -            104 seed_msa             -            157      0.14   12.0   0.0   1   1     0.012      0.17   11.8   0.0    39   117     2    83     1    98 0.79 tr|B7MIN6|B7MIN6_ECO45 Flavohemoprotein OS=Escherichia coli O45:K1 (strain S88 / ExPEC) OX=585035 GN=hmp PE=3 SV=1
B7MYI1/27-130        -            104 seed_msa             -            157      0.14   12.0   0.0   1   1     0.012      0.17   11.8   0.0    39   117     2    83     1    98 0.79 tr|B7MYI1|B7MYI1_ECO81 Flavohemoprotein OS=Escherichia coli O81 (strain ED1a) OX=585397 GN=hmp PE=3 SV=1
B7N6D9/27-130        -            104 seed_msa             -            157      0.14   12.0   0.0   1   1     0.012      0.17   11.8   0.0    39   117     2    83     1    98 0.79 tr|B7N6D9|B7N6D9_ECOLU Flavohemoprotein OS=Escherichia coli O17:K52:H18 (strain UMN026 / ExPEC) OX=585056 GN=hmp PE=3 SV=1
B7UGZ2/27-130        -            104 seed_msa             -            157      0.14   12.0   0.0   1   1     0.012      0.17   11.8   0.0    39   117     2    83     1    98 0.79 tr|B7UGZ2|B7UGZ2_ECO27 Flavohemoprotein OS=Escherichia coli O127:H6 (strain E2348/69 / EPEC) OX=574521 GN=hmp PE=3 SV=1
C3SZD7/27-130        -            104 seed_msa             -            157      0.14   12.0   0.0   1   1     0.012      0.17   11.8   0.0    39   117     2    83     1    98 0.79 tr|C3SZD7|C3SZD7_ECOLX Flavohemoprotein OS=Escherichia coli OX=562 GN=hmp PE=3 SV=1
C8U8W7/27-130        -            104 seed_msa             -            157      0.14   12.0   0.0   1   1     0.012      0.17   11.8   0.0    39   117     2    83     1    98 0.79 tr|C8U8W7|C8U8W7_ECO10 Flavohemoprotein OS=Escherichia coli O103:H2 (strain 12009 / EHEC) OX=585395 GN=hmp PE=3 SV=1
C8UEB8/27-130        -            104 seed_msa             -            157      0.14   12.0   0.0   1   1     0.012      0.17   11.8   0.0    39   117     2    83     1    98 0.79 tr|C8UEB8|C8UEB8_ECO1A Flavohemoprotein OS=Escherichia coli O111:H- (strain 11128 / EHEC) OX=585396 GN=hmp PE=3 SV=1
D2AHC3/27-130        -            104 seed_msa             -            157      0.14   12.0   0.0   1   1     0.012      0.17   11.8   0.0    39   117     2    83     1    98 0.79 tr|D2AHC3|D2AHC3_SHIF2 Flavohemoprotein OS=Shigella flexneri serotype X (strain 2002017) OX=591020 GN=hmp PE=3 SV=1
D3H3R2/27-130        -            104 seed_msa             -            157      0.14   12.0   0.0   1   1     0.012      0.17   11.8   0.0    39   117     2    83     1    98 0.79 tr|D3H3R2|D3H3R2_ECO44 Flavohemoprotein OS=Escherichia coli O44:H18 (strain 042 / EAEC) OX=216592 GN=hmpA PE=3 SV=1
D3QN43/27-130        -            104 seed_msa             -            157      0.14   12.0   0.0   1   1     0.012      0.17   11.8   0.0    39   117     2    83     1    98 0.79 tr|D3QN43|D3QN43_ECOCB Flavohemoprotein OS=Escherichia coli O55:H7 (strain CB9615 / EPEC) OX=701177 GN=hmp PE=3 SV=1
D6HWS8/27-130        -            104 seed_msa             -            157      0.14   12.0   0.0   1   1     0.012      0.17   11.8   0.0    39   117     2    83     1    98 0.79 tr|D6HWS8|D6HWS8_ECOLX Flavohemoprotein OS=Escherichia coli B088 OX=550672 GN=hmp PE=3 SV=1
D6I9Y9/27-130        -            104 seed_msa             -            157      0.14   12.0   0.0   1   1     0.012      0.17   11.8   0.0    39   117     2    83     1    98 0.79 tr|D6I9Y9|D6I9Y9_ECOLX Flavohemoprotein OS=Escherichia coli B185 OX=550676 GN=hmp PE=3 SV=1
D6JD26/27-130        -            104 seed_msa             -            157      0.14   12.0   0.0   1   1     0.012      0.17   11.8   0.0    39   117     2    83     1    98 0.79 tr|D6JD26|D6JD26_ECOLX Flavohemoprotein OS=Escherichia coli B354 OX=550677 GN=hmp PE=3 SV=1
D7X7A1/27-130        -            104 seed_msa             -            157      0.14   12.0   0.0   1   1     0.012      0.17   11.8   0.0    39   117     2    83     1    98 0.79 tr|D7X7A1|D7X7A1_ECOLX Flavohemoprotein OS=Escherichia coli MS 198-1 OX=749549 GN=hmp PE=3 SV=1
D7XMR4/34-137        -            104 seed_msa             -            157      0.14   12.0   0.0   1   1     0.012      0.17   11.8   0.0    39   117     2    83     1    98 0.79 tr|D7XMR4|D7XMR4_ECOLX Flavohemoprotein OS=Escherichia coli MS 84-1 OX=749533 GN=hmp PE=3 SV=1
D7Y9R5/34-137        -            104 seed_msa             -            157      0.14   12.0   0.0   1   1     0.012      0.17   11.8   0.0    39   117     2    83     1    98 0.79 tr|D7Y9R5|D7Y9R5_ECOLX Flavohemoprotein OS=Escherichia coli MS 115-1 OX=749537 GN=hmp PE=3 SV=1
D7ZIH9/27-130        -            104 seed_msa             -            157      0.14   12.0   0.0   1   1     0.012      0.17   11.8   0.0    39   117     2    83     1    98 0.79 tr|D7ZIH9|D7ZIH9_ECOLX Flavohemoprotein OS=Escherichia coli MS 69-1 OX=749531 GN=hmp PE=3 SV=1
D8A2K4/27-130        -            104 seed_msa             -            157      0.14   12.0   0.0   1   1     0.012      0.17   11.8   0.0    39   117     2    83     1    98 0.79 tr|D8A2K4|D8A2K4_ECOMS Flavohemoprotein OS=Escherichia coli (strain MS 21-1) OX=749527 GN=hmp PE=3 SV=1
D8E2C0/34-137        -            104 seed_msa             -            157      0.14   12.0   0.0   1   1     0.012      0.17   11.8   0.0    39   117     2    83     1    98 0.79 tr|D8E2C0|D8E2C0_ECOLX Flavohemoprotein OS=Escherichia coli MS 119-7 OX=679206 GN=hmp PE=3 SV=1
E0J4K8/27-130        -            104 seed_msa             -            157      0.14   12.0   0.0   1   1     0.012      0.17   11.8   0.0    39   117     2    83     1    98 0.79 tr|E0J4K8|E0J4K8_ECOLW Flavohemoprotein OS=Escherichia coli (strain ATCC 9637 / CCM 2024 / DSM 1116 / NCIMB 8666 / NRRL B-766 / W) OX=566546 GN=hmp PE=3 SV=1
E1IN87/34-137        -            104 seed_msa             -            157      0.14   12.0   0.0   1   1     0.012      0.17   11.8   0.0    39   117     2    83     1    98 0.79 tr|E1IN87|E1IN87_ECOLX Flavohemoprotein OS=Escherichia coli MS 145-7 OX=679204 GN=hmp PE=3 SV=1
E1J3N7/34-137        -            104 seed_msa             -            157      0.14   12.0   0.0   1   1     0.012      0.17   11.8   0.0    39   117     2    83     1    98 0.79 tr|E1J3N7|E1J3N7_ECOLX Flavohemoprotein OS=Escherichia coli MS 124-1 OX=679205 GN=hmp PE=3 SV=1
E2X5R0/27-130        -            104 seed_msa             -            157      0.14   12.0   0.0   1   1     0.012      0.17   11.8   0.0    39   117     2    83     1    98 0.79 tr|E2X5R0|E2X5R0_SHIDY Flavohemoprotein OS=Shigella dysenteriae 1617 OX=754093 GN=hmp PE=3 SV=1
E3PG96/27-130        -            104 seed_msa             -            157      0.14   12.0   0.0   1   1     0.012      0.17   11.8   0.0    39   117     2    83     1    98 0.79 tr|E3PG96|E3PG96_ECOH1 Flavohemoprotein OS=Escherichia coli O78:H11 (strain H10407 / ETEC) OX=316401 GN=hmp PE=3 SV=1
E3XJW6/27-130        -            104 seed_msa             -            157      0.14   12.0   0.0   1   1     0.012      0.17   11.8   0.0    39   117     2    83     1    98 0.79 tr|E3XJW6|E3XJW6_ECOLX Flavohemoprotein OS=Escherichia coli 2362-75 OX=670897 GN=hmp PE=3 SV=1
E6BGY0/34-137        -            104 seed_msa             -            157      0.14   12.0   0.0   1   1     0.012      0.17   11.8   0.0    39   117     2    83     1    98 0.79 tr|E6BGY0|E6BGY0_ECOLX Flavohemoprotein OS=Escherichia coli MS 85-1 OX=679202 GN=hmp PE=3 SV=1
E7SY48/27-130        -            104 seed_msa             -            157      0.14   12.0   0.0   1   1     0.012      0.17   11.8   0.0    39   117     2    83     1    98 0.79 tr|E7SY48|E7SY48_9ENTR Flavohemoprotein OS=Shigella boydii ATCC 9905 OX=932676 GN=hmp PE=3 SV=1
E7TA69/27-130        -            104 seed_msa             -            157      0.14   12.0   0.0   1   1     0.012      0.17   11.8   0.0    39   117     2    83     1    98 0.79 tr|E7TA69|E7TA69_SHIFL Flavohemoprotein OS=Shigella flexneri CDC 796-83 OX=945360 GN=hmp PE=3 SV=1
E9TBY9/34-137        -            104 seed_msa             -            157      0.14   12.0   0.0   1   1     0.012      0.17   11.8   0.0    39   117     2    83     1    98 0.79 tr|E9TBY9|E9TBY9_ECOLX Flavohemoprotein OS=Escherichia coli MS 117-3 OX=749539 GN=hmp PE=3 SV=1
E9XI87/27-130        -            104 seed_msa             -            157      0.14   12.0   0.0   1   1     0.012      0.17   11.8   0.0    39   117     2    83     1    98 0.79 tr|E9XI87|E9XI87_ECOLX Flavohemoprotein OS=Escherichia coli TW10509 OX=656449 GN=hmp PE=3 SV=1
E9YR72/27-130        -            104 seed_msa             -            157      0.14   12.0   0.0   1   1     0.012      0.17   11.8   0.0    39   117     2    83     1    98 0.79 tr|E9YR72|E9YR72_ECOLX Flavohemoprotein OS=Escherichia coli M863 OX=656420 GN=hmp PE=3 SV=1
F0JTR9/27-130        -            104 seed_msa             -            157      0.14   12.0   0.0   1   1     0.012      0.17   11.8   0.0    39   117     2    83     1    98 0.79 tr|F0JTR9|F0JTR9_ESCFE Flavohemoprotein OS=Escherichia fergusonii ECD227 OX=981367 GN=hmp PE=3 SV=1
F3WKU4/27-130        -            104 seed_msa             -            157      0.14   12.0   0.0   1   1     0.012      0.17   11.8   0.0    39   117     2    83     1    98 0.79 tr|F3WKU4|F3WKU4_9ENTR Flavohemoprotein OS=Shigella boydii 5216-82 OX=766141 GN=hmp PE=3 SV=1
F4NGM5/27-130        -            104 seed_msa             -            157      0.14   12.0   0.0   1   1     0.012      0.17   11.8   0.0    39   117     2    83     1    98 0.79 tr|F4NGM5|F4NGM5_ECOLX Flavohemoprotein OS=Escherichia coli D9 OX=556266 GN=hmp PE=3 SV=1
F4SI00/34-137        -            104 seed_msa             -            157      0.14   12.0   0.0   1   1     0.012      0.17   11.8   0.0    39   117     2    83     1    98 0.79 tr|F4SI00|F4SI00_ECOLX Flavohemoprotein OS=Escherichia coli H736 OX=656414 GN=hmp PE=3 SV=1
F4T228/34-137        -            104 seed_msa             -            157      0.14   12.0   0.0   1   1     0.012      0.17   11.8   0.0    39   117     2    83     1    98 0.79 tr|F4T228|F4T228_ECOLX Flavohemoprotein OS=Escherichia coli M605 OX=656417 GN=hmp PE=3 SV=1
F4THN2/27-130        -            104 seed_msa             -            157      0.14   12.0   0.0   1   1     0.012      0.17   11.8   0.0    39   117     2    83     1    98 0.79 tr|F4THN2|F4THN2_ECOLX Flavohemoprotein OS=Escherichia coli M718 OX=656419 GN=hmp PE=3 SV=1
F4V4R7/34-137        -            104 seed_msa             -            157      0.14   12.0   0.0   1   1     0.012      0.17   11.8   0.0    39   117     2    83     1    98 0.79 tr|F4V4R7|F4V4R7_ECOLX Flavohemoprotein OS=Escherichia coli TA280 OX=656444 GN=hmp PE=3 SV=1
F4VF24/34-137        -            104 seed_msa             -            157      0.14   12.0   0.0   1   1     0.012      0.17   11.8   0.0    39   117     2    83     1    98 0.79 tr|F4VF24|F4VF24_ECOLX Flavohemoprotein OS=Escherichia coli H591 OX=656408 GN=hmp PE=3 SV=1
F5N5Q5/27-130        -            104 seed_msa             -            157      0.14   12.0   0.0   1   1     0.012      0.17   11.8   0.0    39   117     2    83     1    98 0.79 tr|F5N5Q5|F5N5Q5_SHIFL Flavohemoprotein OS=Shigella flexneri VA-6 OX=766145 GN=hmp PE=3 SV=1
F5NY50/27-130        -            104 seed_msa             -            157      0.14   12.0   0.0   1   1     0.012      0.17   11.8   0.0    39   117     2    83     1    98 0.79 tr|F5NY50|F5NY50_SHIFL Flavohemoprotein OS=Shigella flexneri K-227 OX=766147 GN=hmp PE=3 SV=1
G0FG69/27-130        -            104 seed_msa             -            157      0.14   12.0   0.0   1   1     0.012      0.17   11.8   0.0    39   117     2    83     1    98 0.79 tr|G0FG69|G0FG69_ECOLX Flavohemoprotein OS=Escherichia coli UMNF18 OX=1050617 GN=hmp PE=3 SV=1
H4IEC7/27-130        -            104 seed_msa             -            157      0.14   12.0   0.0   1   1     0.012      0.17   11.8   0.0    39   117     2    83     1    98 0.79 tr|H4IEC7|H4IEC7_ECOLX Flavohemoprotein OS=Escherichia coli DEC1B OX=868134 GN=hmp PE=3 SV=1
H4IVD0/27-130        -            104 seed_msa             -            157      0.14   12.0   0.0   1   1     0.012      0.17   11.8   0.0    39   117     2    83     1    98 0.79 tr|H4IVD0|H4IVD0_ECOLX Flavohemoprotein OS=Escherichia coli DEC1C OX=868135 GN=hmp PE=3 SV=1
H4JBA7/27-130        -            104 seed_msa             -            157      0.14   12.0   0.0   1   1     0.012      0.17   11.8   0.0    39   117     2    83     1    98 0.79 tr|H4JBA7|H4JBA7_ECOLX Flavohemoprotein OS=Escherichia coli DEC1D OX=868136 GN=hmp PE=3 SV=1
H4KK75/27-130        -            104 seed_msa             -            157      0.14   12.0   0.0   1   1     0.012      0.17   11.8   0.0    39   117     2    83     1    98 0.79 tr|H4KK75|H4KK75_ECOLX Flavohemoprotein OS=Escherichia coli DEC2C OX=868140 GN=hmp PE=3 SV=1
H4LFC9/27-130        -            104 seed_msa             -            157      0.14   12.0   0.0   1   1     0.012      0.17   11.8   0.0    39   117     2    83     1    98 0.79 tr|H4LFC9|H4LFC9_ECOLX Flavohemoprotein OS=Escherichia coli DEC2E OX=868142 GN=hmp PE=3 SV=1
H4UMJ2/27-130        -            104 seed_msa             -            157      0.14   12.0   0.0   1   1     0.012      0.17   11.8   0.0    39   117     2    83     1    98 0.79 tr|H4UMJ2|H4UMJ2_ECOLX Flavohemoprotein OS=Escherichia coli DEC6A OX=868160 GN=hmp PE=3 SV=1
I2RJP9/27-130        -            104 seed_msa             -            157      0.14   12.0   0.0   1   1     0.012      0.17   11.8   0.0    39   117     2    83     1    98 0.79 tr|I2RJP9|I2RJP9_ECOLX Flavohemoprotein OS=Escherichia coli 1.2741 OX=869669 GN=hmp PE=3 SV=1
I2S1F5/27-130        -            104 seed_msa             -            157      0.14   12.0   0.0   1   1     0.012      0.17   11.8   0.0    39   117     2    83     1    98 0.79 tr|I2S1F5|I2S1F5_ECOLX Flavohemoprotein OS=Escherichia coli 97.0246 OX=869670 GN=hmp PE=3 SV=1
I2SX60/27-130        -            104 seed_msa             -            157      0.14   12.0   0.0   1   1     0.012      0.17   11.8   0.0    39   117     2    83     1    98 0.79 tr|I2SX60|I2SX60_ECOLX Flavohemoprotein OS=Escherichia coli 1.2264 OX=869675 GN=hmp PE=3 SV=1
I2USR0/27-130        -            104 seed_msa             -            157      0.14   12.0   0.0   1   1     0.012      0.17   11.8   0.0    39   117     2    83     1    98 0.79 tr|I2USR0|I2USR0_ECOLX Flavohemoprotein OS=Escherichia coli 4.0522 OX=869681 GN=hmp PE=3 SV=1
I2WH02/27-130        -            104 seed_msa             -            157      0.14   12.0   0.0   1   1     0.012      0.17   11.8   0.0    39   117     2    83     1    98 0.79 tr|I2WH02|I2WH02_ECOLX Flavohemoprotein OS=Escherichia coli 9.0111 OX=869686 GN=hmp PE=3 SV=1
I2WV63/27-130        -            104 seed_msa             -            157      0.14   12.0   0.0   1   1     0.012      0.17   11.8   0.0    39   117     2    83     1    98 0.79 tr|I2WV63|I2WV63_ECOLX Flavohemoprotein OS=Escherichia coli 4.0967 OX=869687 GN=hmp PE=3 SV=1
I2XC22/27-130        -            104 seed_msa             -            157      0.14   12.0   0.0   1   1     0.012      0.17   11.8   0.0    39   117     2    83     1    98 0.79 tr|I2XC22|I2XC22_ECOLX Flavohemoprotein OS=Escherichia coli 2.3916 OX=869688 GN=hmp PE=3 SV=1
I4T754/27-130        -            104 seed_msa             -            157      0.14   12.0   0.0   1   1     0.012      0.17   11.8   0.0    39   117     2    83     1    98 0.79 tr|I4T754|I4T754_ECOLX Flavohemoprotein OS=Escherichia coli 541-15 OX=752785 GN=hmp PE=3 SV=1
I6CI92/27-130        -            104 seed_msa             -            157      0.14   12.0   0.0   1   1     0.012      0.17   11.8   0.0    39   117     2    83     1    98 0.79 tr|I6CI92|I6CI92_SHIFL Flavohemoprotein OS=Shigella flexneri K-315 OX=766150 GN=hmp PE=3 SV=1
I6D7X7/27-130        -            104 seed_msa             -            157      0.14   12.0   0.0   1   1     0.012      0.17   11.8   0.0    39   117     2    83     1    98 0.79 tr|I6D7X7|I6D7X7_SHIBO Flavohemoprotein OS=Shigella boydii 965-58 OX=766138 GN=hmp PE=3 SV=1
I6DWB6/27-130        -            104 seed_msa             -            157      0.14   12.0   0.0   1   1     0.012      0.17   11.8   0.0    39   117     2    83     1    98 0.79 tr|I6DWB6|I6DWB6_SHIBO Flavohemoprotein OS=Shigella boydii 4444-74 OX=766140 GN=hmp PE=3 SV=1
I6GYV8/27-130        -            104 seed_msa             -            157      0.14   12.0   0.0   1   1     0.012      0.17   11.8   0.0    39   117     2    83     1    98 0.79 tr|I6GYV8|I6GYV8_SHIFL Flavohemoprotein OS=Shigella flexneri 1235-66 OX=766154 GN=hmp PE=3 SV=1
J7R400/27-130        -            104 seed_msa             -            157      0.14   12.0   0.0   1   1     0.012      0.17   11.8   0.0    39   117     2    83     1    98 0.79 tr|J7R400|J7R400_ECOLX Flavohemoprotein OS=Escherichia coli OX=562 GN=hmpA PE=3 SV=1
J7RJN5/27-130        -            104 seed_msa             -            157      0.14   12.0   0.0   1   1     0.012      0.17   11.8   0.0    39   117     2    83     1    98 0.79 tr|J7RJN5|J7RJN5_ECOLX Flavohemoprotein OS=Escherichia coli chi7122 OX=475609 GN=hmpA PE=3 SV=1
K0X9L0/27-130        -            104 seed_msa             -            157      0.14   12.0   0.0   1   1     0.012      0.17   11.8   0.0    39   117     2    83     1    98 0.79 tr|K0X9L0|K0X9L0_SHIFL Flavohemoprotein OS=Shigella flexneri 1485-80 OX=766155 GN=hmp PE=3 SV=1
K4UX09/27-130        -            104 seed_msa             -            157      0.14   12.0   0.0   1   1     0.012      0.17   11.8   0.0    39   117     2    83     1    98 0.79 tr|K4UX09|K4UX09_ECOLX Flavohemoprotein OS=Escherichia coli O111:H8 str. CVM9634 OX=1165944 GN=hmp PE=3 SV=1
K4VA54/27-130        -            104 seed_msa             -            157      0.14   12.0   0.0   1   1     0.012      0.17   11.8   0.0    39   117     2    83     1    98 0.79 tr|K4VA54|K4VA54_ECOLX Flavohemoprotein OS=Escherichia coli O111:H11 str. CVM9455 OX=1165939 GN=hmp PE=3 SV=1
L2UWX3/27-130        -            104 seed_msa             -            157      0.14   12.0   0.0   1   1     0.012      0.17   11.8   0.0    39   117     2    83     1    98 0.79 tr|L2UWX3|L2UWX3_ECOLX Flavohemoprotein OS=Escherichia coli KTE10 OX=1169330 GN=hmp PE=3 SV=1
L3C4N0/27-130        -            104 seed_msa             -            157      0.14   12.0   0.0   1   1     0.012      0.17   11.8   0.0    39   117     2    83     1    98 0.79 tr|L3C4N0|L3C4N0_ECOLX Flavohemoprotein OS=Escherichia coli KTE193 OX=1181739 GN=hmp PE=3 SV=1
L3P8A6/27-130        -            104 seed_msa             -            157      0.14   12.0   0.0   1   1     0.012      0.17   11.8   0.0    39   117     2    83     1    98 0.79 tr|L3P8A6|L3P8A6_ECOLX Flavohemoprotein OS=Escherichia coli KTE66 OX=1182673 GN=hmp PE=3 SV=1
L3Q2I4/27-130        -            104 seed_msa             -            157      0.14   12.0   0.0   1   1     0.012      0.17   11.8   0.0    39   117     2    83     1    98 0.79 tr|L3Q2I4|L3Q2I4_ECOLX Flavohemoprotein OS=Escherichia coli KTE75 OX=1182682 GN=hmp PE=3 SV=1
L4J453/27-130        -            104 seed_msa             -            157      0.14   12.0   0.0   1   1     0.012      0.17   11.8   0.0    39   117     2    83     1    98 0.79 tr|L4J453|L4J453_ECOLX Flavohemoprotein OS=Escherichia coli KTE146 OX=1182725 GN=hmp PE=3 SV=1
L4V7W8/27-130        -            104 seed_msa             -            157      0.14   12.0   0.0   1   1     0.012      0.17   11.8   0.0    39   117     2    83     1    98 0.79 tr|L4V7W8|L4V7W8_ECOLX Flavohemoprotein OS=Escherichia coli KTE112 OX=1169376 GN=hmp PE=3 SV=1
M9GFM4/27-130        -            104 seed_msa             -            157      0.14   12.0   0.0   1   1     0.012      0.17   11.8   0.0    39   117     2    83     1    98 0.79 tr|M9GFM4|M9GFM4_ECOLX Flavohemoprotein OS=Escherichia coli MP021561.2 OX=1116136 GN=hmp PE=3 SV=1
P24232/27-130        -            104 seed_msa             -            157      0.14   12.0   0.0   1   1     0.012      0.17   11.8   0.0    39   117     2    83     1    98 0.79 sp|P24232|HMP_ECOLI Flavohemoprotein OS=Escherichia coli (strain K12) OX=83333 GN=hmp PE=1 SV=1
Q0T1W8/27-130        -            104 seed_msa             -            157      0.14   12.0   0.0   1   1     0.012      0.17   11.8   0.0    39   117     2    83     1    98 0.79 tr|Q0T1W8|Q0T1W8_SHIF8 Flavohemoprotein OS=Shigella flexneri serotype 5b (strain 8401) OX=373384 GN=hmpA PE=3 SV=1
Q1R8I3/27-130        -            104 seed_msa             -            157      0.14   12.0   0.0   1   1     0.012      0.17   11.8   0.0    39   117     2    83     1    98 0.79 tr|Q1R8I3|Q1R8I3_ECOUT Flavohemoprotein OS=Escherichia coli (strain UTI89 / UPEC) OX=364106 GN=hmpA PE=3 SV=1
Q31XT5/27-130        -            104 seed_msa             -            157      0.14   12.0   0.0   1   1     0.012      0.17   11.8   0.0    39   117     2    83     1    98 0.79 tr|Q31XT5|Q31XT5_SHIBS Flavohemoprotein OS=Shigella boydii serotype 4 (strain Sb227) OX=300268 GN=hmpA PE=3 SV=1
Q32D20/27-130        -            104 seed_msa             -            157      0.14   12.0   0.0   1   1     0.012      0.17   11.8   0.0    39   117     2    83     1    98 0.79 tr|Q32D20|Q32D20_SHIDS Flavohemoprotein OS=Shigella dysenteriae serotype 1 (strain Sd197) OX=300267 GN=hmpA PE=3 SV=1
Q3YZ03/27-130        -            104 seed_msa             -            157      0.14   12.0   0.0   1   1     0.012      0.17   11.8   0.0    39   117     2    83     1    98 0.79 tr|Q3YZ03|Q3YZ03_SHISS Flavohemoprotein OS=Shigella sonnei (strain Ss046) OX=300269 GN=hmpA PE=3 SV=1
Q7ABK6/27-130        -            104 seed_msa             -            157      0.14   12.0   0.0   1   1     0.012      0.17   11.8   0.0    39   117     2    83     1    98 0.79 sp|Q7ABK6|HMP_ECO57 Flavohemoprotein OS=Escherichia coli O157:H7 OX=83334 GN=hmp PE=3 SV=1
Q7C0F9/27-130        -            104 seed_msa             -            157      0.14   12.0   0.0   1   1     0.012      0.17   11.8   0.0    39   117     2    83     1    98 0.79 sp|Q7C0F9|HMP_SHIFL Flavohemoprotein OS=Shigella flexneri OX=623 GN=hmp PE=3 SV=1
Q8FF30/27-130        -            104 seed_msa             -            157      0.14   12.0   0.0   1   1     0.012      0.17   11.8   0.0    39   117     2    83     1    98 0.79 sp|Q8FF30|HMP_ECOL6 Flavohemoprotein OS=Escherichia coli O6:H1 (strain CFT073 / ATCC 700928 / UPEC) OX=199310 GN=hmp PE=3 SV=1
S0TIT3/27-130        -            104 seed_msa             -            157      0.14   12.0   0.0   1   1     0.012      0.17   11.8   0.0    39   117     2    83     1    98 0.79 tr|S0TIT3|S0TIT3_9ESCH Flavohemoprotein OS=Escherichia sp. KTE114 OX=1169321 GN=hmp PE=3 SV=1
S0WY31/27-130        -            104 seed_msa             -            157      0.14   12.0   0.0   1   1     0.012      0.17   11.8   0.0    39   117     2    83     1    98 0.79 tr|S0WY31|S0WY31_9ESCH Flavohemoprotein OS=Escherichia sp. KTE31 OX=1169349 GN=hmp PE=3 SV=1
S0XYW2/27-130        -            104 seed_msa             -            157      0.14   12.0   0.0   1   1     0.012      0.17   11.8   0.0    39   117     2    83     1    98 0.79 tr|S0XYW2|S0XYW2_ECOLX Flavohemoprotein OS=Escherichia coli KTE37 OX=1169354 GN=hmp PE=3 SV=1
S0Z580/27-130        -            104 seed_msa             -            157      0.14   12.0   0.0   1   1     0.012      0.17   11.8   0.0    39   117     2    83     1    98 0.79 tr|S0Z580|S0Z580_ECOLX Flavohemoprotein OS=Escherichia coli KTE38 OX=1169355 GN=hmp PE=3 SV=1
S1D3Z1/27-130        -            104 seed_msa             -            157      0.14   12.0   0.0   1   1     0.012      0.17   11.8   0.0    39   117     2    83     1    98 0.79 tr|S1D3Z1|S1D3Z1_ECOLX Flavohemoprotein OS=Escherichia coli KTE64 OX=1182671 GN=hmp PE=3 SV=1
S1ESS6/27-130        -            104 seed_msa             -            157      0.14   12.0   0.0   1   1     0.012      0.17   11.8   0.0    39   117     2    83     1    98 0.79 tr|S1ESS6|S1ESS6_ECOLX Flavohemoprotein OS=Escherichia coli KTE73 OX=1182680 GN=hmp PE=3 SV=1
S1HEY7/27-130        -            104 seed_msa             -            157      0.14   12.0   0.0   1   1     0.012      0.17   11.8   0.0    39   117     2    83     1    98 0.79 tr|S1HEY7|S1HEY7_ECOLX Flavohemoprotein OS=Escherichia coli KTE100 OX=1182699 GN=hmp PE=3 SV=1
S1ICL6/27-130        -            104 seed_msa             -            157      0.14   12.0   0.0   1   1     0.012      0.17   11.8   0.0    39   117     2    83     1    98 0.79 tr|S1ICL6|S1ICL6_ECOLX Flavohemoprotein OS=Escherichia coli KTE108 OX=1182704 GN=hmp PE=3 SV=1
S1IP02/27-130        -            104 seed_msa             -            157      0.14   12.0   0.0   1   1     0.012      0.17   11.8   0.0    39   117     2    83     1    98 0.79 tr|S1IP02|S1IP02_ECOLX Flavohemoprotein OS=Escherichia coli KTE107 OX=1182703 GN=hmp PE=3 SV=1
S1PX36/27-130        -            104 seed_msa             -            157      0.14   12.0   0.0   1   1     0.012      0.17   11.8   0.0    39   117     2    83     1    98 0.79 tr|S1PX36|S1PX36_ECOLX Flavohemoprotein OS=Escherichia coli KTE182 OX=1181728 GN=hmp PE=3 SV=1
T6LWE4/27-130        -            104 seed_msa             -            157      0.14   12.0   0.0   1   1     0.012      0.17   11.8   0.0    39   117     2    83     1    98 0.79 tr|T6LWE4|T6LWE4_ECOLX Flavohemoprotein OS=Escherichia coli HVH 87 (4-5977630) OX=1281024 GN=hmp PE=3 SV=1
T9B4J2/27-130        -            104 seed_msa             -            157      0.14   12.0   0.0   1   1     0.012      0.17   11.8   0.0    39   117     2    83     1    98 0.79 tr|T9B4J2|T9B4J2_ECOLX Flavohemoprotein OS=Escherichia coli UMEA 3200-1 OX=1281213 GN=hmp PE=3 SV=1
T9CUV7/27-130        -            104 seed_msa             -            157      0.14   12.0   0.0   1   1     0.012      0.17   11.8   0.0    39   117     2    83     1    98 0.79 tr|T9CUV7|T9CUV7_ECOLX Flavohemoprotein OS=Escherichia coli UMEA 3212-1 OX=1281218 GN=hmp PE=3 SV=1
T9TGT6/27-130        -            104 seed_msa             -            157      0.14   12.0   0.0   1   1     0.012      0.17   11.8   0.0    39   117     2    83     1    98 0.79 tr|T9TGT6|T9TGT6_ECOLX Flavohemoprotein OS=Escherichia coli UMEA 3718-1 OX=1281269 GN=hmp PE=3 SV=1
U9XKD8/34-137        -            104 seed_msa             -            157      0.14   12.0   0.0   1   1     0.012      0.17   11.8   0.0    39   117     2    83     1    98 0.79 tr|U9XKD8|U9XKD8_ECOLX Flavohemoprotein OS=Escherichia coli 113303 OX=1268978 GN=hmp PE=3 SV=1
U9YD57/27-130        -            104 seed_msa             -            157      0.14   12.0   0.0   1   1     0.012      0.17   11.8   0.0    39   117     2    83     1    98 0.79 tr|U9YD57|U9YD57_ECOLX Flavohemoprotein OS=Escherichia coli 110957 OX=1268975 GN=hmp PE=3 SV=1
U9YRL0/27-130        -            104 seed_msa             -            157      0.14   12.0   0.0   1   1     0.012      0.17   11.8   0.0    39   117     2    83     1    98 0.79 tr|U9YRL0|U9YRL0_ECOLX Flavohemoprotein OS=Escherichia coli 113290 OX=1268976 GN=hmp PE=3 SV=1
U9ZLU9/27-130        -            104 seed_msa             -            157      0.14   12.0   0.0   1   1     0.012      0.17   11.8   0.0    39   117     2    83     1    98 0.79 tr|U9ZLU9|U9ZLU9_ECOLX Flavohemoprotein OS=Escherichia coli 907713 OX=1268986 GN=hmp PE=3 SV=1
U9ZYX8/34-137        -            104 seed_msa             -            157      0.14   12.0   0.0   1   1     0.012      0.17   11.8   0.0    39   117     2    83     1    98 0.79 tr|U9ZYX8|U9ZYX8_ECOLX Flavohemoprotein OS=Escherichia coli 909945-2 OX=1269007 GN=hmp PE=3 SV=1
V0SQD2/34-137        -            104 seed_msa             -            157      0.14   12.0   0.0   1   1     0.012      0.17   11.8   0.0    39   117     2    83     1    98 0.79 tr|V0SQD2|V0SQD2_ECOLX Flavohemoprotein OS=Escherichia coli 907672 OX=1268982 GN=hmp PE=3 SV=1
V0W9W3/34-137        -            104 seed_msa             -            157      0.14   12.0   0.0   1   1     0.012      0.17   11.8   0.0    39   117     2    83     1    98 0.79 tr|V0W9W3|V0W9W3_ECOLX Flavohemoprotein OS=Escherichia coli 908519 OX=1268991 GN=hmp PE=3 SV=1
V0XCG3/34-137        -            104 seed_msa             -            157      0.14   12.0   0.0   1   1     0.012      0.17   11.8   0.0    39   117     2    83     1    98 0.79 tr|V0XCG3|V0XCG3_ECOLX Flavohemoprotein OS=Escherichia coli 908525 OX=1268995 GN=hmp PE=3 SV=1
V0YC55/27-130        -            104 seed_msa             -            157      0.14   12.0   0.0   1   1     0.012      0.17   11.8   0.0    39   117     2    83     1    98 0.79 tr|V0YC55|V0YC55_ECOLX Flavohemoprotein OS=Escherichia coli 908573 OX=1268998 GN=hmp PE=3 SV=1
V2R3Z9/27-130        -            104 seed_msa             -            157      0.14   12.0   0.0   1   1     0.012      0.17   11.8   0.0    39   117     2    83     1    98 0.79 tr|V2R3Z9|V2R3Z9_ECOLX Flavohemoprotein OS=Escherichia coli HVH 50 (4-2593475) OX=1280998 GN=hmp PE=3 SV=1
V6FXJ9/27-130        -            104 seed_msa             -            157      0.14   12.0   0.0   1   1     0.012      0.17   11.8   0.0    39   117     2    83     1    98 0.79 tr|V6FXJ9|V6FXJ9_ECOLX Flavohemoprotein OS=Escherichia coli 99.0741 OX=869678 GN=hmp PE=3 SV=1
V8FIW2/27-130        -            104 seed_msa             -            157      0.14   12.0   0.0   1   1     0.012      0.17   11.8   0.0    39   117     2    83     1    98 0.79 tr|V8FIW2|V8FIW2_ECOLX Flavohemoprotein OS=Escherichia coli ATCC BAA-2209 OX=1405293 GN=hmp PE=3 SV=1
V8KFA6/27-130        -            104 seed_msa             -            157      0.14   12.0   0.0   1   1     0.012      0.17   11.8   0.0    39   117     2    83     1    98 0.79 tr|V8KFA6|V8KFA6_ECOLX Flavohemoprotein OS=Escherichia coli LAU-EC10 OX=1417796 GN=hmp PE=3 SV=1
W0ASP9/34-137        -            104 seed_msa             -            157      0.14   12.0   0.0   1   1     0.012      0.17   11.8   0.0    39   117     2    83     1    98 0.79 tr|W0ASP9|W0ASP9_9ESCH Flavohemoprotein OS=Escherichia albertii KF1 OX=1440052 GN=hmp PE=3 SV=1
W1ATH2/27-130        -            104 seed_msa             -            157      0.14   12.0   0.0   1   1     0.012      0.17   11.8   0.0    39   117     2    83     1    98 0.79 tr|W1ATH2|W1ATH2_KLEPN Flavohemoprotein OS=Klebsiella pneumoniae IS22 OX=1432547 GN=hmp PE=3 SV=1
E0M2X0/27-130        -            104 seed_msa             -            157      0.14   12.0   0.0   1   1     0.023      0.34   10.8   0.0    39   118     2    84     1    94 0.76 tr|E0M2X0|E0M2X0_9GAMM Flavohemoprotein OS=Pantoea sp. aB OX=517433 GN=hmp PE=3 SV=1
A0A1T4MWV3/27-130    -            104 seed_msa             -            157      0.15   12.0   0.0   1   1     0.024      0.35   10.8   0.0    39   118     2    84     1    93 0.75 tr|A0A1T4MWV3|A0A1T4MWV3_ENTAG Flavohemoprotein OS=Enterobacter agglomerans OX=549 GN=hmp PE=3 SV=1
L0M352/27-130        -            104 seed_msa             -            157      0.15   12.0   0.0   1   1     0.012      0.17   11.7   0.0    39   117     2    83     1    98 0.79 tr|L0M352|L0M352_ENTBF Flavohemoprotein OS=Enterobacteriaceae bacterium (strain FGI 57) OX=693444 GN=hmp PE=3 SV=1
A0A066T7K0/27-130    -            104 seed_msa             -            157      0.15   12.0   0.0   1   1     0.012      0.18   11.7   0.0    39   117     2    83     1    98 0.80 tr|A0A066T7K0|A0A066T7K0_ECOLX Flavohemoprotein OS=Escherichia coli OX=562 GN=hmp PE=3 SV=1
A0A192CBB1/27-130    -            104 seed_msa             -            157      0.15   12.0   0.0   1   1     0.012      0.18   11.7   0.0    39   117     2    83     1    98 0.80 tr|A0A192CBB1|A0A192CBB1_ECOLX Flavohemoprotein OS=Escherichia coli O25b:H4 OX=941280 GN=hmp PE=3 SV=1
W9AIL7/27-130        -            104 seed_msa             -            157      0.15   12.0   0.0   1   1     0.012      0.18   11.7   0.0    39   117     2    83     1    98 0.80 tr|W9AIL7|W9AIL7_ECOLX Flavohemoprotein OS=Escherichia coli O25b:H4-ST131 OX=941322 GN=hmpA PE=3 SV=1
A0A0J0MJV6/27-130    -            104 seed_msa             -            157      0.15   12.0   0.0   1   1     0.012      0.17   11.7   0.0    39   117     2    83     1    98 0.81 tr|A0A0J0MJV6|A0A0J0MJV6_ENTCL Flavohemoprotein OS=Enterobacter cloacae OX=550 GN=hmp PE=3 SV=1
A0A155D4V6/27-130    -            104 seed_msa             -            157      0.15   12.0   0.0   1   1     0.012      0.17   11.7   0.0    39   117     2    83     1    98 0.81 tr|A0A155D4V6|A0A155D4V6_ENTCL Flavohemoprotein OS=Enterobacter cloacae OX=550 GN=hmp PE=3 SV=1
A0A155DEP2/27-130    -            104 seed_msa             -            157      0.15   12.0   0.0   1   1     0.012      0.17   11.7   0.0    39   117     2    83     1    98 0.81 tr|A0A155DEP2|A0A155DEP2_KLEAE Flavohemoprotein OS=Klebsiella aerogenes OX=548 GN=hmp PE=3 SV=1
A0A155QUC4/27-130    -            104 seed_msa             -            157      0.15   12.0   0.0   1   1     0.012      0.17   11.7   0.0    39   117     2    83     1    98 0.81 tr|A0A155QUC4|A0A155QUC4_KLEAE Flavohemoprotein OS=Klebsiella aerogenes OX=548 GN=hmp PE=3 SV=1
A0A168HWC0/27-130    -            104 seed_msa             -            157      0.15   12.0   0.0   1   1     0.012      0.17   11.7   0.0    39   117     2    83     1    98 0.81 tr|A0A168HWC0|A0A168HWC0_KLEOX Flavohemoprotein OS=Klebsiella oxytoca OX=571 GN=hmp_1 PE=3 SV=1
A0A267W625/27-130    -            104 seed_msa             -            157      0.15   12.0   0.0   1   1     0.012      0.17   11.7   0.0    39   117     2    83     1    98 0.81 tr|A0A267W625|A0A267W625_ENTCL Nitric oxide dioxygenase (Fragment) OS=Enterobacter cloacae OX=550 GN=CGS27_23965 PE=3 SV=1
A0A2G4WHJ5/27-130    -            104 seed_msa             -            157      0.15   12.0   0.0   1   1     0.012      0.17   11.7   0.0    39   117     2    83     1    98 0.81 tr|A0A2G4WHJ5|A0A2G4WHJ5_9ENTR Flavohemoprotein OS=Enterobacter hormaechei OX=158836 GN=hmp PE=3 SV=1
F5S085/27-130        -            104 seed_msa             -            157      0.15   12.0   0.0   1   1     0.012      0.17   11.7   0.0    39   117     2    83     1    98 0.81 tr|F5S085|F5S085_9ENTR Flavohemoprotein OS=Enterobacter hormaechei ATCC 49162 OX=888063 GN=hmpA PE=3 SV=1
A0A168Z7I7/27-130    -            104 seed_msa             -            157      0.15   11.9   0.0   1   1     0.012      0.18   11.7   0.0    39   117     2    83     1    97 0.81 tr|A0A168Z7I7|A0A168Z7I7_KLEOX Flavohemoprotein OS=Klebsiella oxytoca OX=571 GN=hmp_2 PE=3 SV=1
A0A1Y6GFG2/27-130    -            104 seed_msa             -            157      0.15   11.9   0.0   1   1     0.012      0.18   11.7   0.0    39   117     2    83     1    97 0.81 tr|A0A1Y6GFG2|A0A1Y6GFG2_RAOOR Flavohemoprotein OS=Raoultella ornithinolytica OX=54291 GN=hmp_1 PE=3 SV=1
A0A225U7D2/27-130    -            104 seed_msa             -            157      0.15   11.9   0.0   1   1     0.012      0.18   11.7   0.0    39   117     2    83     1    97 0.81 tr|A0A225U7D2|A0A225U7D2_RAOOR Flavohemoprotein OS=Raoultella ornithinolytica OX=54291 GN=hmp PE=3 SV=1
A0A085JI83/27-129    -            103 seed_msa             -            157      0.15   11.9   0.0   1   1     0.013       0.2   11.6   0.0    39   117     2    83     1    99 0.72 tr|A0A085JI83|A0A085JI83_9GAMM Flavohemoprotein OS=Tatumella ptyseos ATCC 33301 OX=1005995 GN=hmp PE=3 SV=1
A0A1V3A1I3/23-128    -            106 seed_msa             -            157      0.15   11.9   0.0   1   1     0.019      0.28   11.0   0.0    39   111     2    75     1    84 0.81 tr|A0A1V3A1I3|A0A1V3A1I3_9GAMM GLOBIN domain-containing protein OS=Thioalkalivibrio halophilus OX=252474 GN=B1A74_02050 PE=3 SV=1
A0A0J6VKF8/31-132    -            102 seed_msa             -            157      0.15   11.9   0.0   1   1     0.015      0.22   11.4   0.0    40   120     2    85     1   100 0.83 tr|A0A0J6VKF8|A0A0J6VKF8_9RHIZ Dihydropteridine reductase OS=Methylobacterium variabile OX=298794 GN=VQ02_09735 PE=3 SV=1
D4B6K9/27-130        -            104 seed_msa             -            157      0.15   11.9   0.0   1   1     0.012      0.18   11.7   0.0    39   117     2    83     1    98 0.80 tr|D4B6K9|D4B6K9_9ENTR Flavohemoprotein OS=Citrobacter youngae ATCC 29220 OX=500640 GN=hmp PE=3 SV=1
A0A0D4ZZ84/30-130    -            101 seed_msa             -            157      0.16   11.9   0.0   1   1     0.016      0.24   11.3   0.0    39   122     2    87     1   101 0.76 tr|A0A0D4ZZ84|A0A0D4ZZ84_9SPHN Flavohemoprotein (Hemoglobin-like protein) (Flavohemoglobin) (Nitric oxide dioxygenase) OS=Sphingomonas sp. NS2 OX=908605 GN=plasmid201_053 PE=3 SV=1
A0A126RWH3/30-130    -            101 seed_msa             -            157      0.16   11.9   0.0   1   1     0.016      0.24   11.3   0.0    39   122     2    87     1   101 0.76 tr|A0A126RWH3|A0A126RWH3_9SPHN Nitric oxide dioxygenase OS=Sphingobium sp. TKS OX=1315974 GN=K426_27890 PE=3 SV=1
A0A1U6ILK7/30-130    -            101 seed_msa             -            157      0.16   11.9   0.0   1   1     0.016      0.24   11.3   0.0    39   122     2    87     1   101 0.76 tr|A0A1U6ILK7|A0A1U6ILK7_9SPHN Nitric oxide dioxygenase OS=Novosphingobium mathurense OX=428990 GN=SAMN06295987_10926 PE=3 SV=1
A0A2G4RBP7/30-128    -             99 seed_msa             -            157      0.16   11.9   0.0   1   1     0.025      0.37   10.7   0.0    39   113     2    78     1    99 0.71 tr|A0A2G4RBP7|A0A2G4RBP7_9PROT NO-inducible flavohemoprotein OS=Acetobacter pomorum OX=65959 GN=CSR02_08600 PE=3 SV=1
A0A1E1F2U4/30-130    -            101 seed_msa             -            157      0.16   11.8   0.0   1   1     0.017      0.25   11.2   0.0    39   122     2    87     1   101 0.74 tr|A0A1E1F2U4|A0A1E1F2U4_9SPHN Nitric oxide dioxygenase OS=Sphingobium cloacae OX=120107 GN=SCLO_1018030 PE=3 SV=1
A0A1Q2YNN6/37-136    -            100 seed_msa             -            157      0.18   11.7   0.0   1   1     0.034      0.49   10.3   0.0    39   121     2    87     1    97 0.77 tr|A0A1Q2YNN6|A0A1Q2YNN6_9PROT Flavohemoprotein OS=Roseomonas sp. TAS13 OX=1926319 GN=hmp_1 PE=3 SV=1
A0A1S8D7L5/30-129    -            100 seed_msa             -            157      0.18   11.7   0.0   1   1     0.034      0.49   10.3   0.0    39   121     2    87     1    97 0.77 tr|A0A1S8D7L5|A0A1S8D7L5_9PROT Flavohemoprotein OS=Roseomonas mucosa OX=207340 GN=hmp PE=3 SV=1
A0A2D2H947/30-129    -            100 seed_msa             -            157      0.18   11.7   0.0   1   1     0.034      0.49   10.3   0.0    39   121     2    87     1    97 0.77 tr|A0A2D2H947|A0A2D2H947_9PROT Flavohemoprotein OS=Roseomonas sp. FDAARGOS_362 OX=2018065 GN=hmp PE=3 SV=1
#
# Program:         hmmsearch
# Version:         3.4 (Aug 2023)
# Pipeline mode:   SEARCH
# Query file:      secuencias_modelo.hmm
# Target file:     dominios_globin_recortados.fasta
# Option settings: hmmsearch --domtblout cruce_proto_vs_globin.out secuencias_modelo.hmm dominios_globin_recortados.fasta 
# Current dir:     /mnt/c/Users/dinob/OneDrive/Escritorio/BioInfoTps/TP4/Archivos
# Date:            Wed Jun  3 02:22:52 2026
# [ok]
