#                                                                            --- full sequence --- -------------- this domain -------------   hmm coord   ali coord   env coord
# target name        accession   tlen query name           accession   qlen   E-value  score  bias   #  of  c-Evalue  i-Evalue  score  bias  from    to  from    to  from    to  acc description of target
#------------------- ---------- ----- -------------------- ---------- ----- --------- ------ ----- --- --- --------- --------- ------ ----- ----- ----- ----- ----- ----- ----- ---- ---------------------
A0A1T4YF06/6-118     -            113 seed_msa             -            157     1e-07   30.9   0.0   1   1   5.2e-08   1.7e-07   30.2   0.0    29   124     9    99     7   111 0.89 tr|A0A1T4YF06|A0A1T4YF06_9BACT Group 1 truncated hemoglobin OS=Prosthecobacter debontii OX=48467 GN=SAMN02745166_03112 PE=3 SV=1
A0A1H9CCZ1/13-124    -            112 seed_msa             -            157     1e-07   30.9   0.0   1   1   4.6e-08   1.5e-07   30.4   0.0    29   122     9    97     7   108 0.85 tr|A0A1H9CCZ1|A0A1H9CCZ1_9GAMM Group 1 truncated hemoglobin OS=Solimonas aquatica OX=489703 GN=SAMN04488038_1036 PE=3 SV=1
A0A0B2BLI9/14-108    -             95 seed_msa             -            157   2.5e-07   29.7   0.0   1   1   1.1e-07   3.6e-07   29.1   0.0    31   117     9    90     7    93 0.91 tr|A0A0B2BLI9|A0A0B2BLI9_9ACTN Group 1 truncated hemoglobin OS=Mumia flava OX=1348852 GN=CLV56_1830 PE=3 SV=1
A0A0W1SXW6/6-118     -            113 seed_msa             -            157   5.8e-07   28.5   0.4   1   1   4.1e-07   1.3e-06   27.3   0.4    29    77     9    56     7   110 0.70 tr|A0A0W1SXW6|A0A0W1SXW6_9EURY Globin OS=Haloferax sp. SB29 OX=1544718 GN=AUR66_00510 PE=4 SV=1
A0A1H5YGF8/5-113     -            109 seed_msa             -            157   9.2e-07   27.8   0.0   1   1   1.1e-06   3.7e-06   25.9   0.0    30    80    10    61     7    69 0.85 tr|A0A1H5YGF8|A0A1H5YGF8_9EURY Group 1 truncated hemoglobin OS=Halobellus limi OX=699433 GN=DV707_12850 PE=4 SV=1
A0A1G9W4W5/15-125    -            111 seed_msa             -            157     1e-06   27.7   0.1   1   1     1e-06   3.3e-06   26.0   0.0    29    79     9    58     7    69 0.93 tr|A0A1G9W4W5|A0A1G9W4W5_9EURY Hemoglobin OS=Halogranum gelatinilyticum OX=660521 GN=SAMN04487949_2620 PE=4 SV=1
A0A132MLG9/1-108     -            108 seed_msa             -            157   1.1e-06   27.5   0.0   1   1   1.2e-06   3.8e-06   25.8   0.0    29   135     4   100     3   104 0.81 tr|A0A132MLG9|A0A132MLG9_9ACTN Hemin receptor OS=Streptomyces thermoautotrophicus OX=1469144 GN=TH66_20075 PE=4 SV=1
B1KR55/3-118         -            116 seed_msa             -            157   1.2e-06   27.4   0.0   1   1   5.3e-07   1.7e-06   26.9   0.0    30   122    10   100     7   112 0.84 tr|B1KR55|B1KR55_SHEWM Group 1 truncated hemoglobin OS=Shewanella woodyi (strain ATCC 51908 / MS32) OX=392500 GN=Swoo_0576 PE=3 SV=1
A0A255QID6/8-120     -            113 seed_msa             -            157   1.3e-06   27.4   0.0   1   1   5.6e-07   1.8e-06   26.9   0.0    31   114    10    88     7   109 0.84 tr|A0A255QID6|A0A255QID6_9PLAN Hemin transporter OS=Rhodopirellula sp. MGV OX=2023130 GN=CGZ80_27400 PE=4 SV=1
A0A075APV3/287-393   -            107 seed_msa             -            157   1.3e-06   27.3   0.1   1   1   8.9e-07   2.9e-06   26.2   0.1    30   126    10   101     8   107 0.81 tr|A0A075APV3|A0A075APV3_ROZAC Globin-like domain-containing protein OS=Rozella allomycis (strain CSF55) OX=988480 GN=O9G_002618 PE=4 SV=1
A0A1Z4IQI4/3-116     -            114 seed_msa             -            157   1.7e-06   27.0   0.0   1   1   7.4e-07   2.4e-06   26.5   0.0    30   125    10   100     8   113 0.84 tr|A0A1Z4IQI4|A0A1Z4IQI4_9CYAN Group 1 truncated hemoglobin OS=Scytonema sp. HK-05 OX=1137095 GN=SAMD00079811_18580 PE=3 SV=1
A0A1P8WG92/7-113     -            107 seed_msa             -            157   1.7e-06   27.0   0.0   1   1   1.8e-06   5.8e-06   25.2   0.0    29   107     9    82     7    91 0.83 tr|A0A1P8WG92|A0A1P8WG92_9PLAN Hemoglobin-like protein HbN OS=Fuerstia marisgermanicae OX=1891926 GN=glbN PE=4 SV=1
S2ZTH5/16-128        -            113 seed_msa             -            157   2.3e-06   26.5   0.0   1   1   9.8e-07   3.2e-06   26.1   0.0    29    73     9    52     7   107 0.86 tr|S2ZTH5|S2ZTH5_9ACTN Group 1 truncated hemoglobin OS=Streptomyces sp. HGB0020 OX=1078086 GN=HMPREF1211_01527 PE=3 SV=1
A0A0C2VMN3/9-123     -            115 seed_msa             -            157   2.4e-06   26.5   0.0   1   1   1.1e-06   3.5e-06   26.0   0.0    29    70     6    49     2    59 0.95 tr|A0A0C2VMN3|A0A0C2VMN3_9BACL Globin OS=Jeotgalibacillus soli OX=889306 GN=KP78_20500 PE=4 SV=1
A0A0B6A8U3/4-118     -            115 seed_msa             -            157   2.7e-06   26.3   0.4   1   1   2.1e-06   6.9e-06   25.0   0.4    29   136     9   104     6   114 0.86 tr|A0A0B6A8U3|A0A0B6A8U3_BACMB Group 1 truncated hemoglobin OS=Bacillus megaterium (strain ATCC 14581 / DSM 32 / JCM 2506 / NBRC 15308 / NCIMB 9376 / NCTC 10342 / VKM B-512) OX=1348623 GN=BG04_4790 PE=3 SV=1
A0A1I2ZC12/4-118     -            115 seed_msa             -            157   2.7e-06   26.3   0.4   1   1   2.1e-06   6.9e-06   25.0   0.4    29   136     9   104     6   114 0.86 tr|A0A1I2ZC12|A0A1I2ZC12_BACME Group 1 truncated hemoglobin OS=Bacillus megaterium OX=1404 GN=SAMN04487776_11098 PE=3 SV=1
D5DFV2/4-118         -            115 seed_msa             -            157   2.7e-06   26.3   0.4   1   1   2.1e-06   6.9e-06   25.0   0.4    29   136     9   104     6   114 0.86 tr|D5DFV2|D5DFV2_BACMD Group 1 truncated hemoglobin OS=Bacillus megaterium (strain DSM 319) OX=592022 GN=BMD_2381 PE=3 SV=1
A0A0M0WKZ5/14-128    -            115 seed_msa             -            157     3e-06   26.2   0.4   1   1   2.3e-06   7.6e-06   24.8   0.4    29   124     9   100     7   114 0.86 tr|A0A0M0WKZ5|A0A0M0WKZ5_9BACI Group 1 truncated hemoglobin OS=Bacillus sp. FJAT-21351 OX=1581029 GN=AMS61_09740 PE=3 SV=1
A0A0Q6HUN0/14-128    -            115 seed_msa             -            157     3e-06   26.2   0.4   1   1   2.3e-06   7.6e-06   24.8   0.4    29   124     9   100     7   114 0.86 tr|A0A0Q6HUN0|A0A0Q6HUN0_9BACI Group 1 truncated hemoglobin OS=Bacillus sp. Leaf75 OX=1736235 GN=ASG61_23215 PE=3 SV=1
A0A0Q9GKB4/14-128    -            115 seed_msa             -            157     3e-06   26.2   0.4   1   1   2.3e-06   7.6e-06   24.8   0.4    29   124     9   100     7   114 0.86 tr|A0A0Q9GKB4|A0A0Q9GKB4_9BACI Group 1 truncated hemoglobin OS=Bacillus sp. Root147 OX=1736468 GN=ASE51_11895 PE=3 SV=1
A0A0Q9HAK3/14-128    -            115 seed_msa             -            157     3e-06   26.2   0.4   1   1   2.3e-06   7.6e-06   24.8   0.4    29   124     9   100     7   114 0.86 tr|A0A0Q9HAK3|A0A0Q9HAK3_9BACI Group 1 truncated hemoglobin OS=Bacillus sp. Root239 OX=1736499 GN=ASE46_09455 PE=3 SV=1
A0A0Q9V3B7/14-128    -            115 seed_msa             -            157     3e-06   26.2   0.4   1   1   2.3e-06   7.6e-06   24.8   0.4    29   124     9   100     7   114 0.86 tr|A0A0Q9V3B7|A0A0Q9V3B7_9BACI Group 1 truncated hemoglobin OS=Bacillus sp. Soil531 OX=1736389 GN=ASG98_02350 PE=3 SV=1
A0A1Q8UUI1/14-128    -            115 seed_msa             -            157     3e-06   26.2   0.4   1   1   2.3e-06   7.6e-06   24.8   0.4    29   124     9   100     7   114 0.86 tr|A0A1Q8UUI1|A0A1Q8UUI1_BACME Group 1 truncated hemoglobin OS=Bacillus megaterium OX=1404 GN=BTA37_06435 PE=3 SV=1
A0A2A8W2N9/4-118     -            115 seed_msa             -            157     3e-06   26.2   0.4   1   1   2.3e-06   7.6e-06   24.8   0.4    29   124     9   100     7   114 0.86 tr|A0A2A8W2N9|A0A2A8W2N9_BACME Group 1 truncated hemoglobin OS=Bacillus megaterium OX=1404 GN=glbN PE=3 SV=1
A0A2C5HXF3/4-118     -            115 seed_msa             -            157     3e-06   26.2   0.4   1   1   2.3e-06   7.6e-06   24.8   0.4    29   124     9   100     7   114 0.86 tr|A0A2C5HXF3|A0A2C5HXF3_9BACI Group 1 truncated hemoglobin OS=Bacillus aryabhattai OX=412384 GN=COI42_03545 PE=3 SV=1
A0A0L1M8J4/14-128    -            115 seed_msa             -            157     3e-06   26.1   0.4   1   1   2.3e-06   7.6e-06   24.8   0.4    29   136     9   104     6   114 0.86 tr|A0A0L1M8J4|A0A0L1M8J4_BACME Group 1 truncated hemoglobin OS=Bacillus megaterium OX=1404 GN=ACS78_06095 PE=3 SV=1
A0A2B2Q750/4-118     -            115 seed_msa             -            157   3.3e-06   26.0   0.4   1   1   2.6e-06   8.4e-06   24.7   0.4    29   124     9   100     7   114 0.86 tr|A0A2B2Q750|A0A2B2Q750_BACME Group 1 truncated hemoglobin OS=Bacillus megaterium OX=1404 GN=CJ194_18715 PE=3 SV=1
A0A2E8VKA7/6-125     -            120 seed_msa             -            157   3.5e-06   25.9   0.0   1   1   1.3e-06   4.3e-06   25.7   0.0    29   106     9    90     7   107 0.90 tr|A0A2E8VKA7|A0A2E8VKA7_9GAMM Uncharacterized protein OS=Gammaproteobacteria bacterium OX=1913989 GN=CMQ24_05035 PE=4 SV=1
A0A2E6A4Q3/6-125     -            120 seed_msa             -            157   3.7e-06   25.9   0.0   1   1   1.4e-06   4.5e-06   25.6   0.0    29   106     9    90     8   107 0.90 tr|A0A2E6A4Q3|A0A2E6A4Q3_9GAMM Uncharacterized protein OS=Gammaproteobacteria bacterium OX=1913989 GN=CMD83_11030 PE=4 SV=1
A0A2B2DUR0/4-118     -            115 seed_msa             -            157   3.8e-06   25.8   0.5   1   1     3e-06   9.8e-06   24.5   0.5    29   122     9    98     7   114 0.85 tr|A0A2B2DUR0|A0A2B2DUR0_BACME Group 1 truncated hemoglobin OS=Bacillus megaterium OX=1404 GN=CN367_08210 PE=3 SV=1
A0A1H3DGL5/5-115     -            111 seed_msa             -            157   4.4e-06   25.6   0.0   1   1   1.8e-06     6e-06   25.2   0.0    32   132    12   105     9   110 0.83 tr|A0A1H3DGL5|A0A1H3DGL5_9EURY Hemoglobin OS=Halopenitus persicus OX=1048396 GN=SAMN05216564_1012 PE=4 SV=1
A0A202E569/4-116     -            113 seed_msa             -            157   4.5e-06   25.6   0.1   1   1   3.9e-06   1.3e-05   24.1   0.1    29   116     9    91     7   110 0.77 tr|A0A202E569|A0A202E569_9EURY Group 1 truncated hemoglobin OS=Natronolimnobius baerhuensis OX=253108 GN=B2G88_13420 PE=4 SV=1
A0A1G6WWK6/4-118     -            115 seed_msa             -            157   4.5e-06   25.6   0.5   1   1   3.6e-06   1.2e-05   24.2   0.5    29   122     9    98     7   114 0.85 tr|A0A1G6WWK6|A0A1G6WWK6_9BACI Group 1 truncated hemoglobin OS=Bacillus aryabhattai B8W22 OX=1358420 GN=SAMN04487777_104254 PE=3 SV=1
A0A1S2C4R1/14-128    -            115 seed_msa             -            157   4.5e-06   25.6   0.5   1   1   3.6e-06   1.2e-05   24.2   0.5    29   122     9    98     7   114 0.85 tr|A0A1S2C4R1|A0A1S2C4R1_9BACI Group 1 truncated hemoglobin OS=Bacillus aryabhattai OX=412384 GN=BCV52_16720 PE=3 SV=1
A0A1Z4Q9M8/3-116     -            114 seed_msa             -            157   4.6e-06   25.5   0.0   1   1     2e-06   6.7e-06   25.0   0.0    30   123    10    98     8   113 0.84 tr|A0A1Z4Q9M8|A0A1Z4Q9M8_9CYAN Group 1 truncated hemoglobin OS=Scytonema sp. NIES-4073 OX=2005464 GN=NIES4073_78340 PE=3 SV=1
A0A1G9XBF1/5-115     -            111 seed_msa             -            157   4.8e-06   25.5   0.0   1   1   4.9e-06   1.6e-05   23.8   0.0    30   112    10    87     8   108 0.76 tr|A0A1G9XBF1|A0A1G9XBF1_9EURY Hemoglobin OS=Haloarchaeobius iranensis OX=996166 GN=SAMN05192554_11012 PE=4 SV=1
A0A0M8Z205/16-128    -            113 seed_msa             -            157   4.8e-06   25.5   0.0   1   1   2.9e-06   9.4e-06   24.5   0.0    29    73     9    52     7   107 0.90 tr|A0A0M8Z205|A0A0M8Z205_9ACTN Group 1 truncated hemoglobin OS=Streptomyces sp. NRRL F-7442 OX=1519498 GN=ADL09_17760 PE=3 SV=1
A0A1G9I595/12-120    -            109 seed_msa             -            157   5.1e-06   25.4   0.0   1   1     2e-06   6.5e-06   25.1   0.0    29   116     7    89     5   107 0.87 tr|A0A1G9I595|A0A1G9I595_9ACTN Group 1 truncated hemoglobin OS=Glycomyces sambucus OX=380244 GN=SAMN05216298_3044 PE=3 SV=1
A0A1G8TU40/7-123     -            117 seed_msa             -            157   5.6e-06   25.3   0.0   1   1   2.4e-06   7.8e-06   24.8   0.0    27    77     6    54     2    61 0.89 tr|A0A1G8TU40|A0A1G8TU40_9BACI Hemoglobin OS=Salimicrobium halophilum OX=86666 GN=SAMN04490247_1963 PE=4 SV=1
R4W5R5/5-116         -            112 seed_msa             -            157   5.7e-06   25.2   0.0   1   1   2.9e-05   9.5e-05   21.3   0.0    29    74     9    53     7    65 0.89 tr|R4W5R5|R4W5R5_9EURY Globin OS=Salinarchaeum sp. Harcht-Bsk1 OX=1333523 GN=L593_09760 PE=4 SV=1
N4WSP6/6-123         -            118 seed_msa             -            157     6e-06   25.2   0.0   1   1   2.8e-06   9.1e-06   24.6   0.0    30    77    10    55     7    62 0.90 tr|N4WSP6|N4WSP6_9BACI Globin OS=Gracilibacillus halophilus YIM-C55.5 OX=1308866 GN=J416_12282 PE=4 SV=1
A0A1W5ZXG0/7-123     -            117 seed_msa             -            157   6.6e-06   25.1   0.0   1   1   3.1e-06     1e-05   24.5   0.0    26    69     5    50     2    59 0.87 tr|A0A1W5ZXG0|A0A1W5ZXG0_9BACI Globin OS=Halobacillus mangrovi OX=402384 GN=HM131_14665 PE=4 SV=1
A0A177MLC6/7-122     -            116 seed_msa             -            157     7e-06   25.0   0.0   1   1   2.6e-06   8.6e-06   24.7   0.0    29   117     9    96     7   111 0.94 tr|A0A177MLC6|A0A177MLC6_METMH Group 1 truncated hemoglobin OS=Methylomonas methanica OX=421 GN=A1332_20650 PE=3 SV=1
A0A1I4IZ62/15-125    -            111 seed_msa             -            157     7e-06   25.0   0.0   1   1   3.2e-06     1e-05   24.4   0.0    29    79     9    58     7    89 0.88 tr|A0A1I4IZ62|A0A1I4IZ62_9EURY Hemoglobin OS=Halogranum rubrum OX=553466 GN=SAMN04487950_4308 PE=4 SV=1
A0A286EIY6/2-115     -            114 seed_msa             -            157   7.6e-06   24.9   0.0   1   1     3e-06   9.8e-06   24.5   0.0    29    98     9    73     8   100 0.78 tr|A0A286EIY6|A0A286EIY6_9ACTN Group 1 truncated hemoglobin OS=Jatrophihabitans sp. GAS493 OX=1907575 GN=SAMN05892883_0494 PE=3 SV=1
F8FGU0/6-120         -            115 seed_msa             -            157   7.8e-06   24.8   0.1   1   1   8.5e-06   2.8e-05   23.0   0.1    29   122     9    97     7   110 0.84 tr|F8FGU0|F8FGU0_PAEMK Group 1 truncated hemoglobin OS=Paenibacillus mucilaginosus (strain KNP414) OX=1036673 GN=KNP414_07755 PE=3 SV=1
H6NE77/6-120         -            115 seed_msa             -            157   7.8e-06   24.8   0.1   1   1   8.5e-06   2.8e-05   23.0   0.1    29   122     9    97     7   110 0.84 tr|H6NE77|H6NE77_9BACL Group 1 truncated hemoglobin OS=Paenibacillus mucilaginosus 3016 OX=1116391 GN=PM3016_7277 PE=3 SV=1
I0BUY2/6-120         -            115 seed_msa             -            157   7.8e-06   24.8   0.1   1   1   8.5e-06   2.8e-05   23.0   0.1    29   122     9    97     7   110 0.84 tr|I0BUY2|I0BUY2_9BACL Group 1 truncated hemoglobin OS=Paenibacillus mucilaginosus K02 OX=997761 GN=B2K_36720 PE=3 SV=1
A0A0P7EBQ2/5-111     -            107 seed_msa             -            157     9e-06   24.6   0.1   1   1   3.5e-06   1.1e-05   24.3   0.1    31   122    10    96     9   106 0.87 tr|A0A0P7EBQ2|A0A0P7EBQ2_9GAMM Uncharacterized protein OS=Pseudoalteromonas lipolytica OX=570156 GN=AOG27_15380 PE=4 SV=1
A0A1Q3H7U2/11-126    -            116 seed_msa             -            157   9.5e-06   24.5   0.0   1   1   3.6e-06   1.2e-05   24.2   0.0    29   122     9   100     6   113 0.85 tr|A0A1Q3H7U2|A0A1Q3H7U2_9DELT Group 1 truncated hemoglobin OS=Archangium sp. Cb G35 OX=1920190 GN=BO221_46715 PE=3 SV=1
A0A0B0CXB4/7-123     -            117 seed_msa             -            157     1e-05   24.4   0.0   1   1     5e-06   1.6e-05   23.8   0.0    26    69     5    50     3    54 0.89 tr|A0A0B0CXB4|A0A0B0CXB4_9BACI Globin OS=Halobacillus sp. BBL2006 OX=1543706 GN=LD39_18170 PE=4 SV=1
A0A223D3Q4/6-118     -            113 seed_msa             -            157   1.1e-05   24.4   2.1   1   1   2.8e-05   9.2e-05   21.3   2.1    29   122     9    97     7   110 0.85 tr|A0A223D3Q4|A0A223D3Q4_9BACL Group 1 truncated hemoglobin OS=Tumebacillus algifaecis OX=1214604 GN=CIG75_15525 PE=3 SV=1
A0A1N7JF13/7-123     -            117 seed_msa             -            157   1.1e-05   24.4   0.0   1   1   4.6e-06   1.5e-05   23.9   0.0    27    77     6    54     2    61 0.89 tr|A0A1N7JF13|A0A1N7JF13_9BACI Hemoglobin OS=Salimicrobium flavidum OX=570947 GN=SAMN05421687_105159 PE=4 SV=1
A0A162IL33/5-111     -            107 seed_msa             -            157   1.1e-05   24.3   0.1   1   1   4.3e-06   1.4e-05   24.0   0.1    31   122    10    96     9   106 0.87 tr|A0A162IL33|A0A162IL33_9GAMM Uncharacterized protein OS=Pseudoalteromonas shioyasakiensis OX=1190813 GN=A3733_19015 PE=4 SV=1
A0A1D2P544/3-116     -            114 seed_msa             -            157   1.1e-05   24.3   0.0   1   1   5.2e-06   1.7e-05   23.7   0.0    30   125    10   100     8   113 0.84 tr|A0A1D2P544|A0A1D2P544_9CYAN Group 1 truncated hemoglobin OS=Scytonema millei VB511283 OX=1245923 GN=QH73_013535 PE=3 SV=1
A0A1H9WF22/3-115     -            113 seed_msa             -            157   1.2e-05   24.2   0.4   1   1   1.7e-05   5.6e-05   22.0   0.4    29   123     9    98     7   110 0.85 tr|A0A1H9WF22|A0A1H9WF22_9BACI Group 1 truncated hemoglobin OS=Salisediminibacterium haloalkalitolerans OX=1464123 GN=SAMN05444126_13313 PE=3 SV=1
M5RR10/8-119         -            112 seed_msa             -            157   1.3e-05   24.1   0.0   1   1   5.6e-06   1.8e-05   23.6   0.0    29    79     8    57     6   107 0.88 tr|M5RR10|M5RR10_9PLAN Globin OS=Rhodopirellula maiorica SM1 OX=1265738 GN=RMSM_05284 PE=4 SV=1
A0A0M0GAS6/5-118     -            114 seed_msa             -            157   1.3e-05   24.1   0.2   1   1   7.7e-06   2.5e-05   23.2   0.2    29   135     9   109     5   112 0.86 tr|A0A0M0GAS6|A0A0M0GAS6_SPOGL Group 1 truncated hemoglobin OS=Sporosarcina globispora OX=1459 GN=AF332_06585 PE=3 SV=1
A0A1S8AZT4/4-116     -            113 seed_msa             -            157   1.4e-05   24.0   0.0   1   1   5.6e-06   1.8e-05   23.6   0.0    30   122    10    97     7   113 0.85 tr|A0A1S8AZT4|A0A1S8AZT4_9EURY Globin OS=Haloterrigena saccharevitans OX=301967 GN=A6E15_15665 PE=4 SV=1
A0A1G9ZGH0/6-122     -            117 seed_msa             -            157   1.5e-05   23.9   0.0   1   1     7e-06   2.3e-05   23.3   0.0    26    77     5    54     1    61 0.84 tr|A0A1G9ZGH0|A0A1G9ZGH0_9BACI Hemoglobin OS=Bacillus daliensis OX=745820 GN=SAMN04488053_10188 PE=4 SV=1
A0A132MKZ6/2-102     -            101 seed_msa             -            157   1.6e-05   23.8   0.0   1   1   1.5e-05   4.9e-05   22.2   0.0    34   135     2    93     1    97 0.80 tr|A0A132MKZ6|A0A132MKZ6_9ACTN Globin OS=Streptomyces thermoautotrophicus OX=1469144 GN=LI90_165 PE=4 SV=1
A0A0T8G3P8/9-123     -            115 seed_msa             -            157   1.6e-05   23.8   0.0   1   1   7.1e-06   2.3e-05   23.3   0.0    29    70     7    50     6    60 0.90 tr|A0A0T8G3P8|A0A0T8G3P8_STREE Truncated BHb OS=Streptococcus pneumoniae OX=1313 GN=yjbI PE=4 SV=1
A0A0J5XIN2/9-123     -            115 seed_msa             -            157   1.6e-05   23.8   0.0   1   1   7.3e-06   2.4e-05   23.2   0.0    29    70     7    50     6    60 0.91 tr|A0A0J5XIN2|A0A0J5XIN2_9BACI Globin OS=Bacillus aryabhattai OX=412384 GN=BCV52_25180 PE=4 SV=1
A0A0M0WGK7/9-123     -            115 seed_msa             -            157   1.6e-05   23.8   0.0   1   1   7.3e-06   2.4e-05   23.2   0.0    29    70     7    50     6    60 0.91 tr|A0A0M0WGK7|A0A0M0WGK7_9BACI Globin OS=Bacillus sp. FJAT-21351 OX=1581029 GN=AMS61_01500 PE=4 SV=1
A0A0Q6IDN8/9-123     -            115 seed_msa             -            157   1.6e-05   23.8   0.0   1   1   7.3e-06   2.4e-05   23.2   0.0    29    70     7    50     6    60 0.91 tr|A0A0Q6IDN8|A0A0Q6IDN8_9BACI Globin OS=Bacillus sp. Leaf75 OX=1736235 GN=ASG61_16960 PE=4 SV=1
A0A0Q9FW04/9-123     -            115 seed_msa             -            157   1.6e-05   23.8   0.0   1   1   7.3e-06   2.4e-05   23.2   0.0    29    70     7    50     6    60 0.91 tr|A0A0Q9FW04|A0A0Q9FW04_9BACI Globin OS=Bacillus sp. Root147 OX=1736468 GN=ASE51_19590 PE=4 SV=1
A0A0Q9I207/9-123     -            115 seed_msa             -            157   1.6e-05   23.8   0.0   1   1   7.3e-06   2.4e-05   23.2   0.0    29    70     7    50     6    60 0.91 tr|A0A0Q9I207|A0A0Q9I207_9BACI Globin OS=Bacillus sp. Root239 OX=1736499 GN=ASE46_00545 PE=4 SV=1
A0A0Q9UYJ2/9-123     -            115 seed_msa             -            157   1.6e-05   23.8   0.0   1   1   7.3e-06   2.4e-05   23.2   0.0    29    70     7    50     6    60 0.91 tr|A0A0Q9UYJ2|A0A0Q9UYJ2_9BACI Globin OS=Bacillus sp. Soil531 OX=1736389 GN=ASG98_19430 PE=4 SV=1
A0A1G6RGZ2/9-123     -            115 seed_msa             -            157   1.6e-05   23.8   0.0   1   1   7.3e-06   2.4e-05   23.2   0.0    29    70     7    50     6    60 0.91 tr|A0A1G6RGZ2|A0A1G6RGZ2_9BACI Hemoglobin OS=Bacillus aryabhattai B8W22 OX=1358420 GN=SAMN04487777_102919 PE=4 SV=1
A0A2A8SSX4/9-123     -            115 seed_msa             -            157   1.6e-05   23.8   0.0   1   1   7.3e-06   2.4e-05   23.2   0.0    29    70     7    50     6    60 0.91 tr|A0A2A8SSX4|A0A2A8SSX4_BACME Globin OS=Bacillus megaterium OX=1404 GN=ACS78_09580 PE=4 SV=1
D5E038/9-123         -            115 seed_msa             -            157   1.6e-05   23.8   0.0   1   1   7.3e-06   2.4e-05   23.2   0.0    29    70     7    50     6    60 0.91 tr|D5E038|D5E038_BACMQ Globin-like protein OS=Bacillus megaterium (strain ATCC 12872 / QMB1551) OX=545693 GN=BMQ_0724 PE=4 SV=1
V4IZI5/4-114         -            111 seed_msa             -            157   1.7e-05   23.7   0.0   1   1   1.3e-05   4.3e-05   22.4   0.0    30    82    10    61     8    73 0.89 tr|V4IZI5|V4IZI5_9EURY Myoglobin OS=Candidatus Halobonum tyrrellensis G22 OX=1324957 GN=K933_08807 PE=4 SV=1
J3EZV1/4-114         -            111 seed_msa             -            157   1.7e-05   23.7   0.0   1   1   9.8e-06   3.2e-05   22.8   0.0    29    79     9    58     7    67 0.92 tr|J3EZV1|J3EZV1_9EURY Myoglobin OS=Halogranum salarium B-1 OX=1210908 GN=HSB1_02280 PE=4 SV=1
A0A1H0SGY7/6-122     -            117 seed_msa             -            157   1.8e-05   23.7   0.0   1   1   7.5e-06   2.4e-05   23.2   0.0    27    69     6    50     3    59 0.87 tr|A0A1H0SGY7|A0A1H0SGY7_HALAD Hemoglobin OS=Halobacillus aidingensis OX=240303 GN=SAMN05421677_11829 PE=4 SV=1
A0A0B0HJX4/6-120     -            115 seed_msa             -            157   1.8e-05   23.6   0.0   1   1   8.2e-06   2.7e-05   23.1   0.0    29    70     7    50     5    66 0.91 tr|A0A0B0HJX4|A0A0B0HJX4_9BACI Group 2 truncated hemoglobin YjbI OS=Anoxybacillus sp. BCO1 OX=1548750 GN=yjbI PE=4 SV=1
M8DQE4/6-120         -            115 seed_msa             -            157   1.8e-05   23.6   0.0   1   1   8.2e-06   2.7e-05   23.1   0.0    29    70     7    50     5    66 0.91 tr|M8DQE4|M8DQE4_9BACI Uncharacterized protein OS=Anoxybacillus flavithermus AK1 OX=1297581 GN=H919_03347 PE=4 SV=1
A0A1I0T285/6-120     -            115 seed_msa             -            157   1.9e-05   23.6   0.0   1   1   8.2e-06   2.7e-05   23.1   0.0    29    70     7    50     5    66 0.91 tr|A0A1I0T285|A0A1I0T285_9BACI Hemoglobin OS=Anoxybacillus pushchinoensis OX=150248 GN=SAMN05216169_101237 PE=4 SV=1
A0A1I2GLD4/4-116     -            113 seed_msa             -            157     2e-05   23.5   0.0   1   1   1.3e-05   4.4e-05   22.4   0.0    29   120     9    95     7   110 0.80 tr|A0A1I2GLD4|A0A1I2GLD4_9BACI Group 1 truncated hemoglobin OS=Bacillus sp. OV194 OX=1881065 GN=SAMN05428981_1246 PE=3 SV=1
A0A024P868/6-122     -            117 seed_msa             -            157     2e-05   23.5   0.0   1   1   8.6e-06   2.8e-05   23.0   0.0    26    69     5    50     2    54 0.90 tr|A0A024P868|A0A024P868_9BACI Truncated BHb OS=Halobacillus karajensis OX=195088 GN=yjbI PE=4 SV=1
A0A1I3T618/5-121     -            117 seed_msa             -            157     2e-05   23.5   0.0   1   1   8.7e-06   2.8e-05   23.0   0.0    26    69     5    50     2    54 0.89 tr|A0A1I3T618|A0A1I3T618_HALDA Hemoglobin OS=Halobacillus dabanensis OX=240302 GN=SAMN04487936_103230 PE=4 SV=1
A0A126T1F3/7-122     -            116 seed_msa             -            157   2.1e-05   23.4   0.0   1   1   7.9e-06   2.6e-05   23.1   0.0    29   117     9    96     7   112 0.93 tr|A0A126T1F3|A0A126T1F3_9GAMM Group 1 truncated hemoglobin OS=Methylomonas denitrificans OX=1538553 GN=JT25_005300 PE=3 SV=1
A0A2A2WHI4/8-119     -            112 seed_msa             -            157   2.1e-05   23.4   0.0   1   1   9.1e-06     3e-05   22.9   0.0    30   107     9    81     7   109 0.77 tr|A0A2A2WHI4|A0A2A2WHI4_9PLAN Group 1 truncated hemoglobin OS=Rhodopirellula sp. SM50 OX=595453 GN=CKO51_05545 PE=3 SV=1
M0D6V5/5-114         -            110 seed_msa             -            157   2.1e-05   23.4   0.0   1   1   1.1e-05   3.7e-05   22.6   0.0    30    80    10    61     8   105 0.88 tr|M0D6V5|M0D6V5_9EURY Globin OS=Halosimplex carlsbadense 2-9-1 OX=797114 GN=C475_00325 PE=4 SV=1
A0A1Q5P0U0/9-123     -            115 seed_msa             -            157   2.2e-05   23.4   0.0   1   1   1.2e-05   3.8e-05   22.6   0.0    29    73     6    48     3    59 0.76 tr|A0A1Q5P0U0|A0A1Q5P0U0_9BACI Globin OS=Domibacillus mangrovi OX=1714354 GN=BLL40_13430 PE=4 SV=1
A0A179EJ28/4-116     -            113 seed_msa             -            157   2.2e-05   23.4   0.0   1   1     1e-05   3.3e-05   22.8   0.0    30   123    10    98     7   113 0.83 tr|A0A179EJ28|A0A179EJ28_9EURY Globin OS=Haloterrigena mahii OX=1416969 GN=HTG_06850 PE=4 SV=1
A0A0N0VMQ9/9-123     -            115 seed_msa             -            157   2.2e-05   23.3   0.0   1   1   1.1e-05   3.7e-05   22.6   0.0    29    70     7    50     5    53 0.90 tr|A0A0N0VMQ9|A0A0N0VMQ9_9BACI Globin OS=Bacillus sp. CHD6a OX=1643452 GN=AAV98_16560 PE=4 SV=1
A0A1S2LW12/5-118     -            114 seed_msa             -            157   2.3e-05   23.3   0.2   1   1   2.2e-05     7e-05   21.7   0.2    29   123     9    99     7   112 0.86 tr|A0A1S2LW12|A0A1S2LW12_9BACI Group 1 truncated hemoglobin OS=Anaerobacillus arseniciselenatis OX=85682 GN=BKP35_00645 PE=3 SV=1
A0A238WM37/5-117     -            113 seed_msa             -            157   2.3e-05   23.3   0.1   1   1   2.6e-05   8.4e-05   21.5   0.1    29    79     9    58     7   112 0.69 tr|A0A238WM37|A0A238WM37_HALVU Hemoglobin OS=Halorubrum vacuolatum OX=63740 GN=SAMN06264855_10875 PE=4 SV=1
B7GLK9/6-121         -            116 seed_msa             -            157   2.4e-05   23.2   0.0   1   1   1.2e-05   3.9e-05   22.5   0.0    29    70     7    50     6    66 0.90 tr|B7GLK9|B7GLK9_ANOFW Hemoglobin-like protein OS=Anoxybacillus flavithermus (strain DSM 21510 / WK1) OX=491915 GN=Aflv_2119 PE=4 SV=1
A0A1V3FXC1/6-121     -            116 seed_msa             -            157   2.4e-05   23.2   0.0   1   1   1.1e-05   3.6e-05   22.6   0.0    29    70     7    50     5    66 0.90 tr|A0A1V3FXC1|A0A1V3FXC1_9BACI Globin OS=Anoxybacillus sp. 103 OX=1919277 GN=BO219_00190 PE=4 SV=1
R4FBC0/6-121         -            116 seed_msa             -            157   2.4e-05   23.2   0.0   1   1   1.1e-05   3.6e-05   22.6   0.0    29    70     7    50     5    66 0.90 tr|R4FBC0|R4FBC0_9BACI Uncharacterized protein OS=Anoxybacillus flavithermus NBRC 109594 OX=1315967 GN=KN10_0536 PE=4 SV=1
A0A178TG29/6-121     -            116 seed_msa             -            157   2.4e-05   23.2   0.0   1   1   1.1e-05   3.6e-05   22.6   0.0    29    70     7    50     5    66 0.90 tr|A0A178TG29|A0A178TG29_9BACI Globin OS=Anoxybacillus flavithermus OX=33934 GN=CA592_06800 PE=4 SV=1
A0A1Y0CKK2/9-123     -            115 seed_msa             -            157   2.4e-05   23.2   0.0   1   1   1.3e-05   4.1e-05   22.5   0.0    29    70     7    50     5    53 0.90 tr|A0A1Y0CKK2|A0A1Y0CKK2_9BACI Globin OS=Bacillus horikoshii OX=79883 GN=B4U37_07170 PE=4 SV=1
A0A094JV69/6-120     -            115 seed_msa             -            157   2.5e-05   23.2   0.0   1   1   1.1e-05   3.6e-05   22.7   0.0    29    70     7    50     5    66 0.90 tr|A0A094JV69|A0A094JV69_9BACI Globin OS=Anoxybacillus sp. KU2-6(11) OX=1535751 GN=JS80_00855 PE=4 SV=1
A0A2G5RSP9/6-120     -            115 seed_msa             -            157   2.5e-05   23.2   0.0   1   1   1.1e-05   3.6e-05   22.7   0.0    29    70     7    50     5    66 0.90 tr|A0A2G5RSP9|A0A2G5RSP9_9BACI Globin OS=Anoxybacillus flavithermus OX=33934 GN=CS060_02170 PE=4 SV=1
A0A223FJU8/6-121     -            116 seed_msa             -            157   2.5e-05   23.2   0.0   1   1   1.1e-05   3.6e-05   22.6   0.0    29    70     7    50     5    66 0.90 tr|A0A223FJU8|A0A223FJU8_9BACI Globin OS=Anoxybacillus flavithermus OX=33934 GN=AF2641_14160 PE=4 SV=1
L5N307/6-122         -            117 seed_msa             -            157   2.5e-05   23.2   0.0   1   1   1.1e-05   3.5e-05   22.7   0.0    27    69     6    50     3    54 0.88 tr|L5N307|L5N307_9BACI Globin OS=Halobacillus sp. BAB-2008 OX=1246484 GN=D479_15732 PE=4 SV=1
A0A127DBF9/4-119     -            116 seed_msa             -            157   2.6e-05   23.1   0.4   1   1     2e-05   6.4e-05   21.8   0.4    29   146     9   114     7   116 0.87 tr|A0A127DBF9|A0A127DBF9_9BACI Group 1 truncated hemoglobin OS=Bacillus simplex OX=1478 GN=UP17_19835 PE=3 SV=1
A0A258AM35/44-156    -            113 seed_msa             -            157   2.7e-05   23.1   0.0   1   1   1.5e-05   4.7e-05   22.3   0.0    31   137    11   110     8   113 0.90 tr|A0A258AM35|A0A258AM35_9BACT Group 1 truncated hemoglobin OS=Verrucomicrobia bacterium 12-59-8 OX=1970608 GN=B7Z37_27175 PE=3 SV=1
A0A223KM83/9-124     -            116 seed_msa             -            157   2.8e-05   23.0   0.0   1   1   1.1e-05   3.7e-05   22.6   0.0    29    70     7    50     5    69 0.91 tr|A0A223KM83|A0A223KM83_9BACI Globin OS=Bacillus cohnii OX=33932 GN=BC6307_04660 PE=4 SV=1
A0A0B6A8M5/9-123     -            115 seed_msa             -            157   2.8e-05   23.0   0.0   1   1   1.3e-05   4.2e-05   22.4   0.0    29    70     7    50     6    60 0.91 tr|A0A0B6A8M5|A0A0B6A8M5_BACMB Group 2 hemoglobin yjbI OS=Bacillus megaterium (strain ATCC 14581 / DSM 32 / JCM 2506 / NBRC 15308 / NCIMB 9376 / NCTC 10342 / VKM B-512) OX=1348623 GN=yjbI PE=4 SV=1
A0A1Q8UL89/9-123     -            115 seed_msa             -            157   2.8e-05   23.0   0.0   1   1   1.3e-05   4.2e-05   22.4   0.0    29    70     7    50     6    60 0.91 tr|A0A1Q8UL89|A0A1Q8UL89_BACME Globin OS=Bacillus megaterium OX=1404 GN=BTA37_16565 PE=4 SV=1
D5DAK9/9-123         -            115 seed_msa             -            157   2.8e-05   23.0   0.0   1   1   1.3e-05   4.2e-05   22.4   0.0    29    70     7    50     6    60 0.91 tr|D5DAK9|D5DAK9_BACMD Globin-like protein OS=Bacillus megaterium (strain DSM 319) OX=592022 GN=BMD_0725 PE=4 SV=1
A0A239KFF5/4-119     -            116 seed_msa             -            157     3e-05   22.9   0.4   1   1   2.3e-05   7.6e-05   21.6   0.4    29   146     9   114     7   116 0.87 tr|A0A239KFF5|A0A239KFF5_9BACI Group 1 truncated hemoglobin OS=Bacillus sp. OK838 OX=1882762 GN=SAMN05444672_1089 PE=3 SV=1
A0A2A9RNW4/4-118     -            115 seed_msa             -            157   3.1e-05   22.9   0.2   1   1   2.1e-05     7e-05   21.7   0.2    29   122     9    98     6   111 0.87 tr|A0A2A9RNW4|A0A2A9RNW4_9BACI Group 1 truncated hemoglobin OS=Bacillus sp. AFS088145 OX=2033514 GN=COI44_13220 PE=3 SV=1
A0A1Q4HD76/2-114     -            113 seed_msa             -            157   3.1e-05   22.9   0.0   1   1   1.2e-05   3.8e-05   22.6   0.0    29    74     9    53     7   107 0.82 tr|A0A1Q4HD76|A0A1Q4HD76_9MYCO Group 1 truncated hemoglobin OS=Mycolicibacterium diernhoferi OX=1801 GN=BRW64_12585 PE=3 SV=1
G0A4H3/7-124         -            118 seed_msa             -            157   3.1e-05   22.8   0.0   1   1   1.2e-05   3.9e-05   22.5   0.0    29   117     9    96     7   112 0.92 tr|G0A4H3|G0A4H3_METMM Group 1 truncated hemoglobin OS=Methylomonas methanica (strain MC09) OX=857087 GN=Metme_3189 PE=3 SV=1
A0A0M2PT09/9-123     -            115 seed_msa             -            157   3.2e-05   22.8   0.0   1   1   1.3e-05   4.4e-05   22.4   0.0    27    70     4    49     1    60 0.89 tr|A0A0M2PT09|A0A0M2PT09_9BACI Uncharacterized protein OS=Bacillus sp. SA1-12 OX=1455638 GN=WQ54_03200 PE=4 SV=1
A0A1H8SZC0/4-114     -            111 seed_msa             -            157   3.2e-05   22.8   0.0   1   1     2e-05   6.5e-05   21.8   0.0    29    79     9    58     7    67 0.90 tr|A0A1H8SZC0|A0A1H8SZC0_9EURY Hemoglobin OS=Halogranum amylolyticum OX=660520 GN=SAMN04487948_105401 PE=4 SV=1
A0A2E5M638/7-124     -            118 seed_msa             -            157   3.3e-05   22.8   0.0   1   1   2.3e-05   7.5e-05   21.6   0.0    29    72     6    50     2    59 0.92 tr|A0A2E5M638|A0A2E5M638_9GAMM Globin OS=Gammaproteobacteria bacterium OX=1913989 GN=CMQ49_06740 PE=4 SV=1
A0A226QR44/7-124     -            118 seed_msa             -            157   3.6e-05   22.7   0.0   1   1   1.8e-05   5.9e-05   22.0   0.0    29    70     9    52     7    54 0.94 tr|A0A226QR44|A0A226QR44_9BACI Globin OS=Geobacillus galactosidasius OX=883812 GN=B9L23_04635 PE=4 SV=1
C5D799/7-124         -            118 seed_msa             -            157   3.6e-05   22.7   0.0   1   1   1.8e-05   5.9e-05   22.0   0.0    29    70     9    52     7    54 0.94 tr|C5D799|C5D799_GEOSW Globin OS=Geobacillus sp. (strain WCH70) OX=471223 GN=GWCH70_0771 PE=4 SV=1
A0A0D0HNG0/6-120     -            115 seed_msa             -            157   3.6e-05   22.7   0.0   1   1   1.6e-05   5.2e-05   22.1   0.0    29    70     7    50     5    66 0.90 tr|A0A0D0HNG0|A0A0D0HNG0_9BACI Globin OS=Anoxybacillus ayderensis OX=265546 GN=B7H16_12370 PE=4 SV=1
A0A0D0R0Q6/6-120     -            115 seed_msa             -            157   3.6e-05   22.7   0.0   1   1   1.6e-05   5.2e-05   22.1   0.0    29    70     7    50     5    66 0.90 tr|A0A0D0R0Q6|A0A0D0R0Q6_9BACI Hemoglobin-like protein Yjbl OS=Anoxybacillus thermarum OX=404937 GN=LH47_00553 PE=4 SV=1
M5QTT6/6-120         -            115 seed_msa             -            157   3.6e-05   22.7   0.0   1   1   1.6e-05   5.2e-05   22.1   0.0    29    70     7    50     5    66 0.90 tr|M5QTT6|M5QTT6_9BACI Globin OS=Anoxybacillus gonensis OX=198467 GN=F510_1789 PE=4 SV=1
A0A094LCE2/6-120     -            115 seed_msa             -            157   3.6e-05   22.6   0.0   1   1   1.6e-05   5.2e-05   22.1   0.0    29    70     7    50     5    66 0.90 tr|A0A094LCE2|A0A094LCE2_9BACI Globin OS=Anoxybacillus flavithermus OX=33934 GN=JS44_00320 PE=4 SV=1
A0A150MF88/7-124     -            118 seed_msa             -            157   3.7e-05   22.6   0.0   1   1   1.8e-05   5.9e-05   22.0   0.0    29    70     9    52     7    54 0.94 tr|A0A150MF88|A0A150MF88_9BACI Uncharacterized protein OS=Parageobacillus toebii OX=153151 GN=B4110_0912 PE=4 SV=1
A0A1E2W0Q4/4-118     -            115 seed_msa             -            157   3.7e-05   22.6   0.1   1   1   2.5e-05   8.1e-05   21.5   0.1    29   120     9    96     6   111 0.87 tr|A0A1E2W0Q4|A0A1E2W0Q4_9BACI Group 1 truncated hemoglobin OS=Bacillus luciferensis OX=178774 GN=BED47_05765 PE=3 SV=1
A0A1I1Q4C5/4-118     -            115 seed_msa             -            157   3.7e-05   22.6   0.1   1   1   2.5e-05   8.1e-05   21.5   0.1    29   120     9    96     6   111 0.87 tr|A0A1I1Q4C5|A0A1I1Q4C5_9BACI Group 1 truncated hemoglobin OS=Bacillus sp. UNCCL81 OX=1502755 GN=SAMN02799633_02845 PE=3 SV=1
A0A2B9B7M4/4-118     -            115 seed_msa             -            157   3.7e-05   22.6   0.2   1   1     3e-05   9.9e-05   21.2   0.2    29   122     9    98     7   111 0.86 tr|A0A2B9B7M4|A0A2B9B7M4_9BACI Group 1 truncated hemoglobin OS=Bacillus sp. AFS053548 OX=2033505 GN=CN946_02565 PE=3 SV=1
D5DSK6/4-118         -            115 seed_msa             -            157   3.7e-05   22.6   0.3   1   1   2.9e-05   9.5e-05   21.3   0.3    29   123     9    99     6   114 0.86 tr|D5DSK6|D5DSK6_BACMQ Group 1 truncated hemoglobin OS=Bacillus megaterium (strain ATCC 12872 / QMB1551) OX=545693 GN=BMQ_2416 PE=3 SV=1
M0LR79/5-117         -            113 seed_msa             -            157   3.7e-05   22.6   0.0   1   1     2e-05   6.4e-05   21.8   0.0    30    80    10    59     8   107 0.89 tr|M0LR79|M0LR79_HALJP Cyanoglobin OS=Haloarcula japonica DSM 6131 OX=1227453 GN=C444_01052 PE=4 SV=1
A0A162AWY0/9-123     -            115 seed_msa             -            157   3.8e-05   22.6   0.0   1   1   1.8e-05   5.9e-05   22.0   0.0    29    70     6    49     2    52 0.90 tr|A0A162AWY0|A0A162AWY0_BACBA Globin OS=Bacillus badius OX=1455 GN=A3781_00950 PE=4 SV=1
A0A166BU58/9-123     -            115 seed_msa             -            157   3.8e-05   22.6   0.0   1   1   1.8e-05   5.9e-05   22.0   0.0    29    70     6    49     2    52 0.90 tr|A0A166BU58|A0A166BU58_BACBA Hemoglobin-like protein HbO OS=Bacillus badius OX=1455 GN=SD77_1334 PE=4 SV=1
A0A2B1REM5/4-117     -            114 seed_msa             -            157   3.9e-05   22.6   0.2   1   1   2.8e-05   9.1e-05   21.4   0.2    29   115     9    91     7   111 0.86 tr|A0A2B1REM5|A0A2B1REM5_9BACI Group 1 truncated hemoglobin OS=Bacillus sp. AFS076308 OX=2033512 GN=COJ85_21780 PE=3 SV=1
A0A2C1Z0E0/4-117     -            114 seed_msa             -            157   3.9e-05   22.6   0.2   1   1   2.8e-05   9.1e-05   21.4   0.2    29   115     9    91     7   111 0.86 tr|A0A2C1Z0E0|A0A2C1Z0E0_9BACI Group 1 truncated hemoglobin OS=Bacillus sp. AFS037270 OX=2033499 GN=COD92_16400 PE=3 SV=1
A0A1G4R9X7/6-118     -            113 seed_msa             -            157   3.9e-05   22.5   0.3   1   1   4.5e-05   0.00015   20.7   0.3    29   122     9    97     7   110 0.85 tr|A0A1G4R9X7|A0A1G4R9X7_9BACL Group 1 truncated hemoglobin OS=Paenibacillus tianmuensis OX=624147 GN=SAMN04487970_101327 PE=3 SV=1
A0A1W6MTR5/7-127     -            121 seed_msa             -            157   3.9e-05   22.5   0.0   1   1   1.4e-05   4.7e-05   22.3   0.0    29   122     9   103     7   120 0.73 tr|A0A1W6MTR5|A0A1W6MTR5_9RHIZ Globin OS=Methylocystis bryophila OX=655015 GN=B1812_07870 PE=4 SV=1
A0A1Y6FXY7/4-117     -            114 seed_msa             -            157   4.1e-05   22.5   0.4   1   1   2.7e-05   8.7e-05   21.4   0.4    29   122     9    98     6   114 0.86 tr|A0A1Y6FXY7|A0A1Y6FXY7_9BACI Group 1 truncated hemoglobin OS=Bacillus sp. OV166 OX=1882763 GN=SAMN05444673_3487 PE=3 SV=1
A0A1M7MNJ8/9-119     -            111 seed_msa             -            157   4.1e-05   22.5   0.0   1   1   9.3e-05    0.0003   19.6   0.0    29   122     9    97     7   107 0.80 tr|A0A1M7MNJ8|A0A1M7MNJ8_9ACTN Group 1 truncated hemoglobin OS=Cryptosporangium aurantiacum OX=134849 GN=SAMN05443668_102198 PE=3 SV=1
D2Q0K6/14-122        -            109 seed_msa             -            157   4.2e-05   22.4   0.0   1   2   0.00072    0.0023   16.8   0.0    30    73     8    50     6    58 0.84 tr|D2Q0K6|D2Q0K6_KRIFD Group 1 truncated hemoglobin OS=Kribbella flavida (strain DSM 17836 / JCM 10339 / NBRC 14399) OX=479435 GN=Kfla_4789 PE=3 SV=1
D2Q0K6/14-122        -            109 seed_msa             -            157   4.2e-05   22.4   0.0   2   2       6.7        22    3.9   0.0    16    54    60    98    55   104 0.89 tr|D2Q0K6|D2Q0K6_KRIFD Group 1 truncated hemoglobin OS=Kribbella flavida (strain DSM 17836 / JCM 10339 / NBRC 14399) OX=479435 GN=Kfla_4789 PE=3 SV=1
A0A1H9X5Z7/3-115     -            113 seed_msa             -            157   4.5e-05   22.4   0.2   1   1   0.00012    0.0004   19.2   0.2    29   131     9   104     7   110 0.78 tr|A0A1H9X5Z7|A0A1H9X5Z7_9BACI Group 1 truncated hemoglobin OS=Salipaludibacillus aurantiacus OX=1601833 GN=SAMN05518684_12626 PE=3 SV=1
A0A095XSM4/28-138    -            111 seed_msa             -            157   4.5e-05   22.3   0.0   1   1   1.8e-05     6e-05   21.9   0.0    30   115    10    90     6   110 0.86 tr|A0A095XSM4|A0A095XSM4_9GAMM Cyanoglobin, Hemoglobin-like protein HbN OS=Pseudohaliea rubra DSM 19751 OX=1265313 GN=HRUBRA_02799 PE=4 SV=1
A0A1Z4STE0/5-117     -            113 seed_msa             -            157   4.6e-05   22.3   1.0   1   1   0.00016   0.00052   18.9   1.0    30   142    10   109     7   113 0.76 tr|A0A1Z4STE0|A0A1Z4STE0_9CYAN Group 1 truncated hemoglobin OS=Calothrix sp. NIES-4105 OX=2005463 GN=NIES4105_36400 PE=3 SV=1
A0A2H2XJ34/5-117     -            113 seed_msa             -            157   4.6e-05   22.3   1.0   1   1   0.00016   0.00052   18.9   1.0    30   142    10   109     7   113 0.76 tr|A0A2H2XJ34|A0A2H2XJ34_9CYAN Group 1 truncated hemoglobin OS=Calothrix sp. NIES-4071 OX=2005469 GN=NIES4071_36470 PE=3 SV=1
A0A0N8PTV7/6-118     -            113 seed_msa             -            157   4.6e-05   22.3   0.3   1   1   6.4e-05   0.00021   20.2   0.3    29   122     9    97     5   110 0.86 tr|A0A0N8PTV7|A0A0N8PTV7_9BACL Group 1 truncated hemoglobin OS=Paenibacillus sp. A3 OX=1337054 GN=QJ48_26780 PE=3 SV=1
A0A158C2S3/24-135    -            112 seed_msa             -            157   4.7e-05   22.3   0.0   1   1   2.5e-05   8.1e-05   21.5   0.0    32    77    11    55     7    61 0.92 tr|A0A158C2S3|A0A158C2S3_9BURK Group 1 truncated hemoglobin GlbN OS=Caballeronia glebae OX=1777143 GN=glbN PE=4 SV=1
A0A1G4VLI4/2-114     -            113 seed_msa             -            157   4.7e-05   22.3   0.0   1   1   4.2e-05   0.00014   20.8   0.0    29   117     9    92     4   109 0.78 tr|A0A1G4VLI4|A0A1G4VLI4_9MYCO Group 1 truncated hemoglobin OS=Mycobacterium sp. UNC267MFSha1.1M11 OX=1502745 GN=SAMN02799620_01150 PE=3 SV=1
A0A075API9/3-114     -            112 seed_msa             -            157   4.8e-05   22.2   0.0   1   1   2.1e-05     7e-05   21.7   0.0    29    77     9    56     7    97 0.83 tr|A0A075API9|A0A075API9_ROZAC Globin, structural domain-containing protein OS=Rozella allomycis (strain CSF55) OX=988480 GN=O9G_004286 PE=4 SV=1
A0A1Y5DH94/3-118     -            116 seed_msa             -            157   4.8e-05   22.2   0.0   1   1   2.1e-05   6.9e-05   21.7   0.0    30   120    10    98     8   111 0.88 tr|A0A1Y5DH94|A0A1Y5DH94_9GAMM Group 1 truncated hemoglobin OS=Bermanella sp. 47_1433_sub80_T6 OX=1856278 GN=A9Q73_04130 PE=3 SV=1
A0A268I0Y1/6-123     -            118 seed_msa             -            157   4.8e-05   22.2   0.0   1   1   2.5e-05     8e-05   21.5   0.0    30    77    10    55     8    62 0.83 tr|A0A268I0Y1|A0A268I0Y1_9BACI Globin OS=Virgibacillus sp. 7505 OX=2022548 GN=CHH91_12620 PE=4 SV=1
A0A0F5I5N1/9-123     -            115 seed_msa             -            157   4.9e-05   22.2   0.0   1   1   1.9e-05   6.2e-05   21.9   0.0    29    71     6    50     3    69 0.85 tr|A0A0F5I5N1|A0A0F5I5N1_9BACI Hemoglobin-like protein HbO OS=Quasibacillus thermotolerans OX=1221996 GN=QY95_01347 PE=4 SV=1
A0A1V2A828/9-123     -            115 seed_msa             -            157   4.9e-05   22.2   0.0   1   1   2.6e-05   8.3e-05   21.5   0.0    29    73     6    48     3    58 0.75 tr|A0A1V2A828|A0A1V2A828_9BACI Globin OS=Domibacillus epiphyticus OX=1714355 GN=BTO28_08910 PE=4 SV=1
A0A0U3PHZ2/16-128    -            113 seed_msa             -            157     5e-05   22.2   0.0   1   1   2.3e-05   7.4e-05   21.6   0.0    29    73     9    52     7    74 0.86 tr|A0A0U3PHZ2|A0A0U3PHZ2_9ACTN Group 1 truncated hemoglobin OS=Streptomyces sp. CdTB01 OX=1725411 GN=AS200_09770 PE=3 SV=1
A0A2I0QVH9/7-124     -            118 seed_msa             -            157   5.1e-05   22.2   0.0   1   1   2.3e-05   7.4e-05   21.6   0.0    29    76     9    54     7    62 0.82 tr|A0A2I0QVH9|A0A2I0QVH9_9BACI Globin OS=Halalkalibacillus sp. B3227 OX=2018042 GN=CEY16_00925 PE=4 SV=1
A0A1S1YMB8/5-118     -            114 seed_msa             -            157   5.1e-05   22.2   0.2   1   1     4e-05   0.00013   20.9   0.2    30   135    10   109     7   111 0.84 tr|A0A1S1YMB8|A0A1S1YMB8_9BACI Group 1 truncated hemoglobin OS=Bacillus oceanisediminis OX=665099 GN=BBV17_00960 PE=3 SV=1
E5WF70/5-118         -            114 seed_msa             -            157   5.1e-05   22.2   0.2   1   1     4e-05   0.00013   20.9   0.2    30   135    10   109     7   111 0.84 tr|E5WF70|E5WF70_9BACI Group 1 truncated hemoglobin OS=Bacillus sp. 2_A_57_CT2 OX=665959 GN=HMPREF1013_01095 PE=3 SV=1
A0A024K3Q4/4-116     -            113 seed_msa             -            157   5.2e-05   22.1   0.0   1   1   2.4e-05   7.9e-05   21.6   0.0    30    77    10    56     8   111 0.76 tr|A0A024K3Q4|A0A024K3Q4_9MYCO Group 1 truncated hemoglobin OS=Mycobacterium triplex OX=47839 GN=glbN PE=3 SV=1
A0A1B9AKI0/9-123     -            115 seed_msa             -            157   5.2e-05   22.1   0.0   1   1   2.3e-05   7.4e-05   21.6   0.0    27    70     4    49     1    56 0.89 tr|A0A1B9AKI0|A0A1B9AKI0_9BACI Globin OS=Bacillus sp. FJAT-27225 OX=1743144 GN=A8F94_16160 PE=4 SV=1
A0A075AU07/3-94      -             92 seed_msa             -            157   5.2e-05   22.1   0.0   1   1   1.9e-05   6.2e-05   21.9   0.0    29    79     9    59     7    90 0.77 tr|A0A075AU07|A0A075AU07_ROZAC Globin, structural domain-containing protein OS=Rozella allomycis (strain CSF55) OX=988480 GN=O9G_004287 PE=4 SV=1
A0A158HKL4/25-136    -            112 seed_msa             -            157   5.4e-05   22.1   0.0   1   1   2.4e-05   7.9e-05   21.5   0.0    32    77    11    55     7    91 0.88 tr|A0A158HKL4|A0A158HKL4_9BURK Group 1 truncated hemoglobin OS=Caballeronia arvi OX=1777135 GN=glbN PE=3 SV=1
A0A1I2MFP2/4-114     -            111 seed_msa             -            157   5.5e-05   22.1   0.0   1   1   2.3e-05   7.6e-05   21.6   0.0    30    86    10    65     4   103 0.81 tr|A0A1I2MFP2|A0A1I2MFP2_9EURY Hemoglobin OS=Halopelagius inordinatus OX=553467 GN=SAMN04488063_0647 PE=4 SV=1
A0A0N0Y7D1/1-112     -            112 seed_msa             -            157   5.5e-05   22.0   0.0   1   1   2.2e-05   7.2e-05   21.7   0.0    29    69     8    47     6    93 0.87 tr|A0A0N0Y7D1|A0A0N0Y7D1_THEVU Uncharacterized protein OS=Thermoactinomyces vulgaris OX=2026 GN=ADL26_13530 PE=4 SV=1
A0A1S1XZQ8/6-123     -            118 seed_msa             -            157   5.6e-05   22.0   0.0   1   1   2.2e-05     7e-05   21.7   0.0    29   116     9    95     7   111 0.93 tr|A0A1S1XZQ8|A0A1S1XZQ8_9GAMM Group 1 truncated hemoglobin OS=Methylomonas sp. LWB OX=1905845 GN=BJL95_18845 PE=3 SV=1
A0A2A8FKH0/4-119     -            116 seed_msa             -            157   5.9e-05   22.0   0.2   1   1   4.3e-05   0.00014   20.7   0.2    29   125     9   101     6   115 0.85 tr|A0A2A8FKH0|A0A2A8FKH0_9BACI Group 1 truncated hemoglobin OS=Bacillus sp. AFS026049 OX=2033493 GN=CN563_13425 PE=3 SV=1
I7BHA7/17-129        -            113 seed_msa             -            157     6e-05   21.9   0.0   1   1   6.7e-05   0.00022   20.1   0.0    29   126     9   103     7   113 0.77 tr|I7BHA7|I7BHA7_NATSJ Globin OS=Natrinema sp. (strain J7-2) OX=406552 GN=NJ7G_0369 PE=4 SV=1
A0A0K6GKZ7/6-120     -            115 seed_msa             -            157     6e-05   21.9   0.0   1   1   2.6e-05   8.5e-05   21.4   0.0    29    70     7    50     5    66 0.90 tr|A0A0K6GKZ7|A0A0K6GKZ7_9BACI Truncated hemoglobin YjbI OS=Anoxybacillus suryakundensis OX=1325335 GN=Ga0061060_103209 PE=4 SV=1
A0A2C2V5I6/4-117     -            114 seed_msa             -            157     6e-05   21.9   0.4   1   1     4e-05   0.00013   20.8   0.4    29   118     9    94     6   111 0.88 tr|A0A2C2V5I6|A0A2C2V5I6_9BACI Group 1 truncated hemoglobin OS=Bacillus sp. AFS031507 OX=2033496 GN=COE25_18505 PE=3 SV=1
A0A2H4ZU65/5-117     -            113 seed_msa             -            157   6.1e-05   21.9   0.0   1   1   2.7e-05   8.9e-05   21.4   0.0    30    79    10    58     8   107 0.92 tr|A0A2H4ZU65|A0A2H4ZU65_9EURY Group 1 truncated hemoglobin OS=Haloarcula taiwanensis OX=1932004 GN=BVU17_00120 PE=4 SV=1
A0A172UAY7/7-122     -            116 seed_msa             -            157   6.1e-05   21.9   0.0   1   1   2.3e-05   7.6e-05   21.6   0.0    29   117     9    96     7   112 0.93 tr|A0A172UAY7|A0A172UAY7_9GAMM Group 1 truncated hemoglobin OS=Methylomonas sp. DH-1 OX=1727196 GN=AYM39_14895 PE=3 SV=1
A0A177N7H2/7-122     -            116 seed_msa             -            157   6.1e-05   21.9   0.0   1   1   2.3e-05   7.6e-05   21.6   0.0    29   117     9    96     7   112 0.93 tr|A0A177N7H2|A0A177N7H2_9GAMM Group 1 truncated hemoglobin OS=Methylomonas koyamae OX=702114 GN=A1507_16110 PE=3 SV=1
A0A2B8TZR4/4-118     -            115 seed_msa             -            157   6.1e-05   21.9   0.2   1   1   4.4e-05   0.00014   20.7   0.2    29   122     9    98     7   111 0.87 tr|A0A2B8TZR4|A0A2B8TZR4_9BACI Group 1 truncated hemoglobin OS=Bacillus sp. AFS055030 OX=2033507 GN=CN925_12240 PE=3 SV=1
A0A258AJV4/7-119     -            113 seed_msa             -            157   6.2e-05   21.9   0.0   1   1   3.8e-05   0.00012   20.9   0.0    29   137     9   110     7   113 0.88 tr|A0A258AJV4|A0A258AJV4_9BACT Group 1 truncated hemoglobin OS=Verrucomicrobia bacterium 12-59-8 OX=1970608 GN=B7Z37_27935 PE=3 SV=1
A0A072NS98/4-117     -            114 seed_msa             -            157   6.2e-05   21.9   0.1   1   1   4.1e-05   0.00013   20.8   0.1    29   130     9   104     6   114 0.85 tr|A0A072NS98|A0A072NS98_BACAZ Group 1 truncated hemoglobin OS=Bacillus azotoformans MEV2011 OX=1348973 GN=M670_00789 PE=3 SV=1
A0A1N7AVI9/9-123     -            115 seed_msa             -            157   6.2e-05   21.9   0.0   1   1     3e-05   9.6e-05   21.3   0.0    29    74     6    49     3    60 0.76 tr|A0A1N7AVI9|A0A1N7AVI9_9BACI Hemoglobin OS=Domibacillus enclensis OX=1017273 GN=SAMN05443094_10850 PE=4 SV=1
A0A164AKQ7/6-118     -            113 seed_msa             -            157   6.2e-05   21.9   0.3   1   1   7.3e-05   0.00024   20.0   0.3    29   122     9    97     5   110 0.85 tr|A0A164AKQ7|A0A164AKQ7_9BACL Group 1 truncated hemoglobin OS=Paenibacillus elgii OX=189691 GN=AV654_07460 PE=3 SV=1
A0A177NIS0/6-123     -            118 seed_msa             -            157   6.3e-05   21.9   0.0   1   1   2.4e-05   7.8e-05   21.6   0.0    29   116     9    95     7   111 0.93 tr|A0A177NIS0|A0A177NIS0_9GAMM Group 1 truncated hemoglobin OS=Methylomonas koyamae OX=702114 GN=A1355_08160 PE=3 SV=1
A0A1I2L3J4/7-123     -            117 seed_msa             -            157   6.3e-05   21.9   0.0   1   1   2.9e-05   9.5e-05   21.3   0.0    27    77     6    54     3    61 0.84 tr|A0A1I2L3J4|A0A1I2L3J4_9BACI Hemoglobin OS=Halobacillus alkaliphilus OX=396056 GN=SAMN05216353_107100 PE=4 SV=1
A0A270AQ44/4-117     -            114 seed_msa             -            157   6.4e-05   21.9   0.2   1   1   4.1e-05   0.00013   20.8   0.2    29   125     9   101     5   114 0.85 tr|A0A270AQ44|A0A270AQ44_9BACI Group 1 truncated hemoglobin OS=Bacillus simplex OX=1478 GN=B8W99_05520 PE=3 SV=1
A0A1C7E816/9-123     -            115 seed_msa             -            157   6.4e-05   21.8   0.0   1   1   2.8e-05   9.2e-05   21.3   0.0    28    70     5    49     1    60 0.89 tr|A0A1C7E816|A0A1C7E816_9BACL Globin OS=Planococcus plakortidis OX=1038856 GN=BBI15_06195 PE=4 SV=1
A0A0Q3W7I3/4-118     -            115 seed_msa             -            157   6.4e-05   21.8   0.2   1   1   4.7e-05   0.00015   20.6   0.2    29   122     9    98     7   111 0.86 tr|A0A0Q3W7I3|A0A0Q3W7I3_9BACI Group 1 truncated hemoglobin OS=Bacillus sp. FJAT-25509 OX=1712029 GN=AN960_08165 PE=3 SV=1
A0A1X0KB61/18-131    -            114 seed_msa             -            157   6.6e-05   21.8   0.0   1   1     4e-05   0.00013   20.8   0.0    29   107     9    82     7   109 0.73 tr|A0A1X0KB61|A0A1X0KB61_9MYCO Group 1 truncated hemoglobin OS=Mycobacterium shinjukuense OX=398694 GN=BST45_01770 PE=3 SV=1
A0A1Q8Q972/9-123     -            115 seed_msa             -            157   6.6e-05   21.8   0.0   1   1   3.2e-05    0.0001   21.2   0.0    29    73     6    48     3    59 0.76 tr|A0A1Q8Q972|A0A1Q8Q972_9BACI Globin OS=Domibacillus antri OX=1714264 GN=BTO30_02560 PE=4 SV=1
A0A0A8JHN8/9-123     -            115 seed_msa             -            157   6.8e-05   21.8   0.0   1   1   2.9e-05   9.4e-05   21.3   0.0    26    70     3    49     1    58 0.90 tr|A0A0A8JHN8|A0A0A8JHN8_BACSX Hemoglobin-like protein yjbi OS=Bacillus sp. (strain OxB-1) OX=98228 GN=OXB_1817 PE=4 SV=1
A0A2G6B9C1/9-123     -            115 seed_msa             -            157   6.9e-05   21.7   0.0   1   1   2.5e-05     8e-05   21.5   0.0    27    71     4    50     1    68 0.90 tr|A0A2G6B9C1|A0A2G6B9C1_9BACL Globin OS=Sporosarcina sp. P3 OX=2048245 GN=CSV61_06345 PE=4 SV=1
A0A1I0QE21/4-116     -            113 seed_msa             -            157   6.9e-05   21.7   0.0   1   1   3.4e-05   0.00011   21.1   0.0    29   129     9   102     7   110 0.83 tr|A0A1I0QE21|A0A1I0QE21_9EURY Hemoglobin OS=Halopiger salifodinae OX=1202768 GN=SAMN05216285_3442 PE=4 SV=1
M0KHX5/5-117         -            113 seed_msa             -            157   6.9e-05   21.7   0.0   1   1   3.5e-05   0.00011   21.0   0.0    30    79    10    58     8   108 0.91 tr|M0KHX5|M0KHX5_HALAR Cyanoglobin OS=Haloarcula argentinensis DSM 12282 OX=1230451 GN=C443_12711 PE=4 SV=1
A0A1Y0I5U8/3-117     -            115 seed_msa             -            157   6.9e-05   21.7   0.1   1   1   4.1e-05   0.00014   20.8   0.1    29    85     9    62     7   112 0.76 tr|A0A1Y0I5U8|A0A1Y0I5U8_9GAMM Group 1 truncated hemoglobin OS=Oleiphilus messinensis OX=141451 GN=OLMES_1777 PE=3 SV=1
A0A0M4GCP0/9-123     -            115 seed_msa             -            157     7e-05   21.7   0.0   1   1   3.4e-05   0.00011   21.1   0.0    27    70     4    49     1    52 0.88 tr|A0A0M4GCP0|A0A0M4GCP0_9BACI Globin OS=Bacillus sp. FJAT-18017 OX=1705566 GN=AM500_20160 PE=4 SV=1
A0A2C3JCZ5/4-118     -            115 seed_msa             -            157   7.1e-05   21.7   0.1   1   1   4.8e-05   0.00016   20.6   0.1    29   115     9    91     7   110 0.89 tr|A0A2C3JCZ5|A0A2C3JCZ5_9BACI Group 1 truncated hemoglobin OS=Bacillus sp. AFS029533 OX=2033494 GN=COE53_20955 PE=3 SV=1
A0A1H2WIS5/5-117     -            113 seed_msa             -            157   7.2e-05   21.7   0.0   1   1   3.8e-05   0.00012   20.9   0.0    30    79    10    58     8   108 0.91 tr|A0A1H2WIS5|A0A1H2WIS5_HALVA Hemoglobin OS=Haloarcula vallismortis OX=28442 GN=SAMN05443574_10726 PE=4 SV=1
M0JJN2/5-117         -            113 seed_msa             -            157   7.2e-05   21.7   0.0   1   1   3.8e-05   0.00012   20.9   0.0    30    79    10    58     8   108 0.91 tr|M0JJN2|M0JJN2_HALVA Cyanoglobin OS=Haloarcula vallismortis ATCC 29715 OX=662477 GN=C437_05635 PE=4 SV=1
A0A1I2VUT4/6-118     -            113 seed_msa             -            157   7.2e-05   21.7   0.0   1   1   2.7e-05     9e-05   21.4   0.0    30    79    10    58     8    85 0.91 tr|A0A1I2VUT4|A0A1I2VUT4_9EURY Hemoglobin OS=Halopelagius inordinatus OX=553467 GN=SAMN04488063_3346 PE=4 SV=1
M0K045/5-117         -            113 seed_msa             -            157   7.4e-05   21.6   0.0   1   1   3.3e-05   0.00011   21.1   0.0    30    79    10    58     8   104 0.93 tr|M0K045|M0K045_9EURY Cyanoglobin OS=Haloarcula sinaiiensis ATCC 33800 OX=662476 GN=C436_06659 PE=4 SV=1
A0A1H6SSP1/4-116     -            113 seed_msa             -            157   7.5e-05   21.6   0.1   1   1   9.2e-05    0.0003   19.7   0.1    29   125     9    96     7   112 0.80 tr|A0A1H6SSP1|A0A1H6SSP1_9EURY Hemoglobin OS=Halohasta litchfieldiae OX=1073996 GN=halTADL_0122 PE=4 SV=1
A0A2A4BDG6/4-117     -            114 seed_msa             -            157   7.5e-05   21.6   0.2   1   1   5.1e-05   0.00017   20.5   0.2    29   117     9    93     5   110 0.88 tr|A0A2A4BDG6|A0A2A4BDG6_9BACI Group 1 truncated hemoglobin OS=Bacillus simplex OX=1478 GN=CMV16_19625 PE=3 SV=1
A0A0J5GUB3/9-123     -            115 seed_msa             -            157   7.5e-05   21.6   0.0   1   1     4e-05   0.00013   20.8   0.0    29    70     7    50     5    53 0.90 tr|A0A0J5GUB3|A0A0J5GUB3_9BACI Globin OS=Bacillus sp. LL01 OX=1665556 GN=AB685_09565 PE=4 SV=1
A0A169FYJ9/5-118     -            114 seed_msa             -            157   7.5e-05   21.6   0.2   1   1   5.8e-05   0.00019   20.3   0.2    30   135    10   109     7   111 0.84 tr|A0A169FYJ9|A0A169FYJ9_9BACI Group 1 truncated hemoglobin OS=Bacillus oceanisediminis 2691 OX=1196031 GN=A361_23445 PE=3 SV=1
A0A1X1V4U7/11-123    -            113 seed_msa             -            157   7.6e-05   21.6   0.0   1   1   4.8e-05   0.00016   20.6   0.0    30   115    10    90     8   103 0.77 tr|A0A1X1V4U7|A0A1X1V4U7_9MYCO Group 1 truncated hemoglobin OS=Mycobacterium fragae OX=1260918 GN=AWC06_08205 PE=3 SV=1
K6DFI8/4-117         -            114 seed_msa             -            157   7.6e-05   21.6   0.1   1   1   5.5e-05   0.00018   20.4   0.1    29   122     9    98     6   111 0.86 tr|K6DFI8|K6DFI8_BACAZ Group 1 truncated hemoglobin OS=Bacillus azotoformans LMG 9581 OX=1131731 GN=BAZO_10917 PE=3 SV=1
A0A177NSP1/7-122     -            116 seed_msa             -            157   7.7e-05   21.6   0.0   1   1   3.3e-05   0.00011   21.1   0.0    29   117     9    96     7   110 0.92 tr|A0A177NSP1|A0A177NSP1_9GAMM Group 1 truncated hemoglobin OS=Methylomonas lenta OX=980561 GN=A1359_02700 PE=3 SV=1
A0A0M4FPF8/9-122     -            114 seed_msa             -            157   7.7e-05   21.6   0.0   1   1   3.6e-05   0.00012   21.0   0.0    28    70     5    49     2    54 0.89 tr|A0A0M4FPF8|A0A0M4FPF8_9BACI Globin OS=Bacillus sp. FJAT-22090 OX=1581038 GN=AM499_10850 PE=4 SV=1
A0A1E8BBB8/9-124     -            116 seed_msa             -            157   7.7e-05   21.6   0.0   1   1   3.4e-05   0.00011   21.1   0.0    31    70     9    50     6    60 0.90 tr|A0A1E8BBB8|A0A1E8BBB8_BACMY Uncharacterized protein OS=Bacillus mycoides OX=1405 GN=BWGOE8_12090 PE=4 SV=1
A0A2C1DYE5/9-124     -            116 seed_msa             -            157   7.7e-05   21.6   0.0   1   1   3.4e-05   0.00011   21.1   0.0    31    70     9    50     6    60 0.90 tr|A0A2C1DYE5|A0A2C1DYE5_BACCE Globin OS=Bacillus cereus OX=1396 GN=COD09_04275 PE=4 SV=1
A0A1H1DLS7/4-114     -            111 seed_msa             -            157   7.8e-05   21.6   0.0   1   1   5.6e-05   0.00018   20.4   0.0    29    79     9    58     6    70 0.90 tr|A0A1H1DLS7|A0A1H1DLS7_9EURY Group 1 truncated hemoglobin OS=Halopelagius longus OX=1236180 GN=DWB78_06330 PE=4 SV=1
A0A0Q3W420/9-122     -            114 seed_msa             -            157   7.9e-05   21.6   0.0   1   1   3.6e-05   0.00012   21.0   0.0    28    70     5    49     2    54 0.89 tr|A0A0Q3W420|A0A0Q3W420_9BACI Globin OS=Psychrobacillus sp. FJAT-21963 OX=1712028 GN=AN959_00975 PE=4 SV=1
G0HPU0/5-117         -            113 seed_msa             -            157   7.9e-05   21.5   0.0   1   1   4.8e-05   0.00016   20.6   0.0    30    79    10    58     8   109 0.90 tr|G0HPU0|G0HPU0_HALHT Cyanoglobin OS=Haloarcula hispanica (strain ATCC 33960 / DSM 4426 / JCM 8911 / NBRC 102182 / NCIMB 2187 / VKM B-1755) OX=634497 GN=glbN PE=4 SV=1
V5THP3/5-117         -            113 seed_msa             -            157   7.9e-05   21.5   0.0   1   1   4.8e-05   0.00016   20.6   0.0    30    79    10    58     8   109 0.90 tr|V5THP3|V5THP3_HALHI Globin OS=Haloarcula hispanica N601 OX=1417673 GN=HISP_00200 PE=4 SV=1
A0A1T4Y4I5/9-122     -            114 seed_msa             -            157   8.1e-05   21.5   0.0   1   1   3.2e-05    0.0001   21.2   0.0    27    70     4    49     1    58 0.93 tr|A0A1T4Y4I5|A0A1T4Y4I5_9BACL Hemoglobin OS=Sporosarcina newyorkensis OX=759851 GN=SAMN04244570_1781 PE=4 SV=1
F9DPW8/9-122         -            114 seed_msa             -            157   8.1e-05   21.5   0.0   1   1   3.2e-05    0.0001   21.2   0.0    27    70     4    49     1    58 0.93 tr|F9DPW8|F9DPW8_9BACL Protozoan/cyanobacterial globin family protein OS=Sporosarcina newyorkensis 2681 OX=1027292 GN=HMPREF9372_0848 PE=4 SV=1
A0A0K9H2W3/9-123     -            115 seed_msa             -            157   8.2e-05   21.5   0.0   1   1   4.1e-05   0.00013   20.8   0.0    30    70     7    49     3    53 0.90 tr|A0A0K9H2W3|A0A0K9H2W3_9BACI Uncharacterized protein OS=Bacillus sp. FJAT-27231 OX=1679168 GN=AC623_03850 PE=4 SV=1
A0A1B9ATU9/9-123     -            115 seed_msa             -            157   8.2e-05   21.5   0.0   1   1   4.1e-05   0.00013   20.8   0.0    30    70     7    49     3    53 0.90 tr|A0A1B9ATU9|A0A1B9ATU9_9BACI Uncharacterized protein OS=Bacillus wudalianchiensis OX=1743143 GN=A8F95_08930 PE=4 SV=1
F5UFJ7/4-116         -            113 seed_msa             -            157   8.3e-05   21.5   1.4   1   1   0.00017   0.00055   18.8   1.4    29   141     9   108     7   112 0.74 tr|F5UFJ7|F5UFJ7_9CYAN Group 1 truncated hemoglobin OS=Microcoleus vaginatus FGP-2 OX=756067 GN=MicvaDRAFT_1435 PE=3 SV=1
A0A1Q8UMW5/7-123     -            117 seed_msa             -            157   8.3e-05   21.5   0.0   1   1   3.5e-05   0.00011   21.0   0.0    30    70     9    51     7    71 0.74 tr|A0A1Q8UMW5|A0A1Q8UMW5_BACPF Globin OS=Bacillus pseudofirmus OX=79885 GN=BTR23_13590 PE=4 SV=1
L9XBR6/4-113         -            110 seed_msa             -            157   8.4e-05   21.5   0.1   1   1   4.6e-05   0.00015   20.6   0.1    30    77    10    56     7   109 0.70 tr|L9XBR6|L9XBR6_9EURY Globin OS=Natronococcus amylolyticus DSM 10524 OX=1227497 GN=C491_07536 PE=4 SV=1
A0A2A7WX96/4-118     -            115 seed_msa             -            157   8.5e-05   21.4   0.1   1   1   6.3e-05   0.00021   20.2   0.1    29   122     9    98     6   111 0.86 tr|A0A2A7WX96|A0A2A7WX96_9BACI Group 1 truncated hemoglobin OS=Bacillus sp. AFS002410 OX=2033481 GN=CN692_09370 PE=3 SV=1
A0A1A0KUD6/10-122    -            113 seed_msa             -            157   8.7e-05   21.4   0.0   1   1   4.5e-05   0.00015   20.7   0.0    30    77    10    56     8   109 0.72 tr|A0A1A0KUD6|A0A1A0KUD6_9MYCO Group 1 truncated hemoglobin OS=Mycobacterium sp. 1100029.7 OX=1834067 GN=A5647_02025 PE=3 SV=1
A0A2A8RWB1/9-124     -            116 seed_msa             -            157   8.7e-05   21.4   0.0   1   1   3.8e-05   0.00012   20.9   0.0    29    70     7    50     5    60 0.91 tr|A0A2A8RWB1|A0A2A8RWB1_BACCE Globin OS=Bacillus cereus OX=1396 GN=CN354_14565 PE=4 SV=1
A0A2C1K4H0/9-123     -            115 seed_msa             -            157   8.7e-05   21.4   0.0   1   1   3.8e-05   0.00012   20.9   0.0    28    70     5    49     1    57 0.89 tr|A0A2C1K4H0|A0A2C1K4H0_9BACI Uncharacterized protein OS=Bacillus sp. AFS040349 OX=2033502 GN=COD11_20305 PE=4 SV=1
A0A0V8JJ39/9-124     -            116 seed_msa             -            157   8.8e-05   21.4   0.0   1   1   4.1e-05   0.00013   20.8   0.0    29    70     7    50     6    59 0.88 tr|A0A0V8JJ39|A0A0V8JJ39_9BACI Globin OS=Bacillus sp. SGD-V-76 OX=1414648 GN=AS180_16030 PE=4 SV=1
A0A1C4ER68/9-124     -            116 seed_msa             -            157   8.8e-05   21.4   0.0   1   1   4.1e-05   0.00013   20.8   0.0    29    70     7    50     6    59 0.88 tr|A0A1C4ER68|A0A1C4ER68_9BACI Hemoglobin OS=Bacillus sp. v-76 OX=1761769 GN=GA0061087_10505 PE=4 SV=1
A0A1N6YD97/9-124     -            116 seed_msa             -            157   8.8e-05   21.4   0.0   1   1   4.1e-05   0.00013   20.8   0.0    29    70     7    50     6    59 0.88 tr|A0A1N6YD97|A0A1N6YD97_9BACI Hemoglobin OS=Bacillus sp. RU2C OX=1907304 GN=SAMN05880580_11311 PE=4 SV=1
A0A264YU70/9-124     -            116 seed_msa             -            157   8.8e-05   21.4   0.0   1   1   4.1e-05   0.00013   20.8   0.0    29    70     7    50     6    59 0.88 tr|A0A264YU70|A0A264YU70_9BACI Globin OS=Bacillus aryabhattai OX=412384 GN=CHN50_18840 PE=4 SV=1
A0A1A3L1P2/14-126    -            113 seed_msa             -            157     9e-05   21.4   0.0   1   1   4.7e-05   0.00015   20.6   0.0    30    76    10    55     8    94 0.83 tr|A0A1A3L1P2|A0A1A3L1P2_MYCAS Group 1 truncated hemoglobin OS=Mycobacterium asiaticum OX=1790 GN=A5640_23290 PE=3 SV=1
A0A1N6WHX4/9-122     -            114 seed_msa             -            157   9.1e-05   21.3   0.0   1   1   3.9e-05   0.00013   20.9   0.0    29    70     6    49     2    60 0.92 tr|A0A1N6WHX4|A0A1N6WHX4_9BACI Hemoglobin OS=Bacillus simplex OX=1478 GN=SAMN05878482_102477 PE=4 SV=1
A0A285NXS3/6-123     -            118 seed_msa             -            157   9.2e-05   21.3   0.0   1   1   4.5e-05   0.00015   20.7   0.0    30    77    10    55     8    64 0.85 tr|A0A285NXS3|A0A285NXS3_9BACI Hemoglobin OS=Terribacillus aidingensis OX=586416 GN=SAMN05421503_2306 PE=4 SV=1
A0A0S2TBD2/4-117     -            114 seed_msa             -            157   9.2e-05   21.3   0.0   1   1   3.4e-05   0.00011   21.1   0.0    29   117     9    95     7   109 0.85 tr|A0A0S2TBD2|A0A0S2TBD2_9GAMM Group 1 truncated hemoglobin OS=Candidatus Tenderia electrophaga OX=1748243 GN=Tel_04270 PE=3 SV=1
M0KX90/5-117         -            113 seed_msa             -            157   9.5e-05   21.3   0.0   1   1     5e-05   0.00016   20.5   0.0    30    79    10    58     8   107 0.91 tr|M0KX90|M0KX90_9EURY Cyanoglobin OS=Haloarcula amylolytica JCM 13557 OX=1227452 GN=C442_01067 PE=4 SV=1
A0A0B5GZ90/5-117     -            113 seed_msa             -            157   9.5e-05   21.3   0.0   1   1     5e-05   0.00016   20.5   0.0    30    79    10    58     8   107 0.91 tr|A0A0B5GZ90|A0A0B5GZ90_9EURY Globin OS=Haloarcula sp. CBA1115 OX=1592728 GN=SG26_08090 PE=4 SV=1
A0A165LF06/5-117     -            113 seed_msa             -            157   9.5e-05   21.3   0.0   1   1     5e-05   0.00016   20.5   0.0    30    79    10    58     8   107 0.91 tr|A0A165LF06|A0A165LF06_9EURY Globin OS=Haloarcula sp. K1 OX=1622207 GN=AV929_00210 PE=4 SV=1
E3IVK7/2-114         -            113 seed_msa             -            157   9.6e-05   21.3   0.0   1   1   3.6e-05   0.00012   21.0   0.0    29    72     9    51     8    90 0.89 tr|E3IVK7|E3IVK7_FRAIE Group 1 truncated hemoglobin OS=Frankia inefficax (strain DSM 45817 / CECT 9037 / EuI1c) OX=298654 GN=FraEuI1c_4520 PE=3 SV=1
A0A158A4Q4/24-135    -            112 seed_msa             -            157   9.6e-05   21.3   0.0   1   1     5e-05   0.00016   20.5   0.0    32    77    11    55     7    60 0.92 tr|A0A158A4Q4|A0A158A4Q4_9BURK Group 1 truncated hemoglobin OS=Caballeronia temeraria OX=1777137 GN=glbN PE=3 SV=1
A0A2G5WK70/9-123     -            115 seed_msa             -            157   9.9e-05   21.2   0.0   1   1   3.7e-05   0.00012   21.0   0.0    27    71     4    50     1    68 0.90 tr|A0A2G5WK70|A0A2G5WK70_9BACL Globin OS=Sporosarcina sp. P13 OX=2048263 GN=CSV79_06835 PE=4 SV=1
A0A0U5H4X9/5-115     -            111 seed_msa             -            157   9.9e-05   21.2   0.0   1   1     4e-05   0.00013   20.8   0.0    30   117    10    92     8   109 0.75 tr|A0A0U5H4X9|A0A0U5H4X9_9EURY Globin family protein OS=Halobacterium hubeiense OX=1407499 GN=HHUB_2674 PE=4 SV=1
A0A0M1K073/3-107     -            105 seed_msa             -            157    0.0001   21.2   0.0   1   1     4e-05   0.00013   20.8   0.0    29   120     9    99     7   104 0.87 tr|A0A0M1K073|A0A0M1K073_9CYAN Group 1 truncated hemoglobin OS=Planktothricoides sp. SR001 OX=1705388 GN=AM228_01585 PE=3 SV=1
A0A257N8C8/12-122    -            111 seed_msa             -            157    0.0001   21.2   0.0   1   1   3.9e-05   0.00013   20.9   0.0    29   117     9    95     7   107 0.88 tr|A0A257N8C8|A0A257N8C8_9GAMM Group 1 truncated hemoglobin OS=Methylococcaceae bacterium NSP1-2 OX=1917481 GN=CG439_478 PE=3 SV=1
A0A1H3DAP8/15-124    -            110 seed_msa             -            157    0.0001   21.2   0.0   1   1   0.00017   0.00055   18.8   0.0    31    84    11    65     8    69 0.85 tr|A0A1H3DAP8|A0A1H3DAP8_9EURY Hemoglobin OS=Halobellus clavatus OX=660517 GN=SAMN04487946_101430 PE=4 SV=1
A0A2G2A1S9/4-119     -            116 seed_msa             -            157    0.0001   21.2   0.0   1   1   3.7e-05   0.00012   20.9   0.0    30   110    10    88     7   111 0.75 tr|A0A2G2A1S9|A0A2G2A1S9_9COXI Group 1 truncated hemoglobin OS=Coxiella sp. (in: Bacteria) OX=59288 GN=COB66_01025 PE=3 SV=1
A0A1J5PJN9/5-120     -            116 seed_msa             -            157    0.0001   21.2   0.0   1   1   3.8e-05   0.00012   20.9   0.0    29   116     8    93     4   108 0.90 tr|A0A1J5PJN9|A0A1J5PJN9_9ZZZZ Group 1 truncated hemoglobin GlbN OS=mine drainage metagenome OX=410659 GN=glbN_7 PE=4 SV=1
A0A1Y0GB21/5-120     -            116 seed_msa             -            157   0.00011   21.1   0.0   1   1   3.9e-05   0.00013   20.9   0.0    29   116     8    93     4   107 0.90 tr|A0A1Y0GB21|A0A1Y0GB21_9PROT Group 1 truncated hemoglobin OS=Sulfuriferula sp. AH1 OX=1985873 GN=CAP31_13200 PE=3 SV=1
A0A2I0F238/9-123     -            115 seed_msa             -            157   0.00011   21.1   0.0   1   1   4.6e-05   0.00015   20.6   0.0    28    70     5    49     1    60 0.88 tr|A0A2I0F238|A0A2I0F238_9BACL Globin OS=Planococcus sp. Urea-3u-39 OX=2058328 GN=CXF91_02030 PE=4 SV=1
A0A0C2QVH5/3-117     -            115 seed_msa             -            157   0.00011   21.1   0.1   1   1   6.5e-05   0.00021   20.2   0.1    31   114    11    89     8   109 0.75 tr|A0A0C2QVH5|A0A0C2QVH5_9CYAN Group 1 truncated hemoglobin OS=Scytonema tolypothrichoides VB-61278 OX=1233231 GN=SD80_18610 PE=3 SV=1
A0A261QKB6/9-123     -            115 seed_msa             -            157   0.00011   21.1   0.0   1   1   4.4e-05   0.00014   20.7   0.0    29    70     6    49     2    69 0.89 tr|A0A261QKB6|A0A261QKB6_9BACI Globin OS=Bacillaceae bacterium SAS-127 OX=2015203 GN=CEW92_06230 PE=4 SV=1
I0JKK1/7-123         -            117 seed_msa             -            157   0.00011   21.1   0.0   1   1     5e-05   0.00016   20.5   0.0    27    77     6    54     3    61 0.84 tr|I0JKK1|I0JKK1_HALH3 Globin OS=Halobacillus halophilus (strain ATCC 35676 / DSM 2266 / JCM 20832 / NBRC 102448/ NCIMB 2269) OX=866895 GN=yjbI PE=4 SV=1
A0A1B3XL75/9-122     -            114 seed_msa             -            157   0.00011   21.1   0.0   1   1   4.6e-05   0.00015   20.6   0.0    28    70     5    49     1    61 0.91 tr|A0A1B3XL75|A0A1B3XL75_9BACI Globin OS=Bacillus muralis OX=264697 GN=ABE28_006180 PE=4 SV=1
L9XSX8/4-114         -            111 seed_msa             -            157   0.00011   21.1   0.1   1   1   5.3e-05   0.00017   20.4   0.1    29    74     9    53     7   108 0.78 tr|L9XSX8|L9XSX8_9EURY Globin OS=Natronococcus jeotgali DSM 18795 OX=1227498 GN=C492_05060 PE=4 SV=1
A0A1H3RJ10/9-124     -            116 seed_msa             -            157   0.00011   21.1   0.0   1   1   4.8e-05   0.00016   20.6   0.0    29    70     7    50     5    60 0.91 tr|A0A1H3RJ10|A0A1H3RJ10_9BACI Hemoglobin OS=Bacillus sp. 166amftsu OX=1761753 GN=SAMN04488156_11185 PE=4 SV=1
A0A2C2SYX9/9-124     -            116 seed_msa             -            157   0.00011   21.1   0.0   1   1   4.8e-05   0.00016   20.6   0.0    29    70     7    50     5    60 0.91 tr|A0A2C2SYX9|A0A2C2SYX9_BACCE Globin OS=Bacillus cereus OX=1396 GN=COE15_22280 PE=4 SV=1
A0A2H3R973/9-124     -            116 seed_msa             -            157   0.00011   21.1   0.0   1   1   4.8e-05   0.00016   20.6   0.0    29    70     7    50     5    60 0.91 tr|A0A2H3R973|A0A2H3R973_9BACI Globin OS=Bacillus sp. AFS023182 OX=2033492 GN=CN288_18250 PE=4 SV=1
L9WA01/13-125        -            113 seed_msa             -            157   0.00011   21.0   0.9   1   1   0.00011   0.00036   19.4   0.2    29    74     9    53     7    68 0.80 tr|L9WA01|L9WA01_9EURY Globin OS=Natronorubrum sulfidifaciens JCM 14089 OX=1230460 GN=C495_07073 PE=4 SV=1
A0A158CQB9/24-136    -            113 seed_msa             -            157   0.00011   21.0   0.0   1   1   4.5e-05   0.00015   20.7   0.0    32    77    11    55     7    88 0.91 tr|A0A158CQB9|A0A158CQB9_9BURK Group 1 truncated hemoglobin GlbN OS=Caballeronia hypogeia OX=1777140 GN=glbN PE=4 SV=1
A0A1I2D154/8-123     -            116 seed_msa             -            157   0.00012   21.0   0.0   1   1   5.4e-05   0.00018   20.4   0.0    30    73     8    49     6    59 0.75 tr|A0A1I2D154|A0A1I2D154_9BACI Hemoglobin OS=Alteribacillus iranensis OX=930128 GN=SAMN05192532_103307 PE=4 SV=1
A0A1Y3PZI1/7-124     -            118 seed_msa             -            157   0.00012   21.0   0.0   1   1     6e-05   0.00019   20.3   0.0    29    70     9    52     7    55 0.90 tr|A0A1Y3PZI1|A0A1Y3PZI1_PARTM Globin OS=Parageobacillus thermoglucosidasius OX=1426 GN=BAA00_00725 PE=4 SV=1
A0A098FA05/4-117     -            114 seed_msa             -            157   0.00012   21.0   0.3   1   1   7.7e-05   0.00025   19.9   0.3    29   122     9    98     5   114 0.85 tr|A0A098FA05|A0A098FA05_9BACI Group 1 truncated hemoglobin OS=Bacillus simplex OX=1478 GN=BN1180_01238 PE=3 SV=1
A0A0U2YV23/9-123     -            115 seed_msa             -            157   0.00012   21.0   0.0   1   1   5.1e-05   0.00017   20.5   0.0    28    70     5    49     1    60 0.89 tr|A0A0U2YV23|A0A0U2YV23_9BACL Globin OS=Planococcus rifietoensis OX=200991 GN=AUC31_16440 PE=4 SV=1
A0A1Q9W4N7/3-115     -            113 seed_msa             -            157   0.00012   21.0   0.0   1   1   6.4e-05   0.00021   20.2   0.0    29    77     9    56     7    97 0.82 tr|A0A1Q9W4N7|A0A1Q9W4N7_9MYCO Group 1 truncated hemoglobin OS=Mycobacterium syngnathidarum OX=1908205 GN=BKG61_27530 PE=3 SV=1
A0A256KM70/5-115     -            111 seed_msa             -            157   0.00012   21.0   0.0   1   1   5.7e-05   0.00018   20.3   0.0    30   117    10    92     8   108 0.78 tr|A0A256KM70|A0A256KM70_9EURY Group 1 truncated hemoglobin OS=Halorubrum sp. E3 OX=1483400 GN=DJ71_12365 PE=4 SV=1
A0A256KR63/5-115     -            111 seed_msa             -            157   0.00012   21.0   0.0   1   1   5.7e-05   0.00018   20.3   0.0    30   117    10    92     8   108 0.78 tr|A0A256KR63|A0A256KR63_9EURY Group 1 truncated hemoglobin OS=Halorubrum distributum OX=29283 GN=DJ72_06855 PE=4 SV=1
L9ZDW2/4-116         -            113 seed_msa             -            157   0.00012   20.9   0.1   1   1   0.00012    0.0004   19.3   0.1    29   120     9    95     7   113 0.75 tr|L9ZDW2|L9ZDW2_9EURY Globin OS=Natrinema altunense JCM 12890 OX=1227494 GN=C485_14365 PE=4 SV=1
A0A1G6H3E8/32-147    -            116 seed_msa             -            157   0.00012   20.9   0.0   1   1   5.8e-05   0.00019   20.3   0.0    30    70     8    51     5    56 0.90 tr|A0A1G6H3E8|A0A1G6H3E8_9ACTN Hemoglobin OS=Raineyella antarctica OX=1577474 GN=GA0111570_10677 PE=4 SV=1
K8RHY1/24-135        -            112 seed_msa             -            157   0.00012   20.9   0.0   1   1   6.5e-05   0.00021   20.2   0.0    33    77    12    55     8    61 0.93 tr|K8RHY1|K8RHY1_9BURK Group 1 truncated hemoglobin OS=Burkholderia sp. SJ98 OX=406819 GN=BURK_015650 PE=3 SV=1
L9X4R2/4-116         -            113 seed_msa             -            157   0.00013   20.9   0.3   1   1   9.7e-05   0.00032   19.6   0.2    29    66     9    47     7    68 0.86 tr|L9X4R2|L9X4R2_9EURY Globin OS=Natronolimnobius innermongolicus JCM 12255 OX=1227499 GN=C493_11387 PE=4 SV=1
A0A1N7B4Z7/16-132    -            117 seed_msa             -            157   0.00013   20.9   0.0   1   1   7.1e-05   0.00023   20.0   0.0    30   140     8   114     6   115 0.84 tr|A0A1N7B4Z7|A0A1N7B4Z7_9RHOO Hemoglobin OS=Azoarcus tolulyticus OX=34027 GN=SAMN05421829_11650 PE=4 SV=1
L9Z0D7/4-116         -            113 seed_msa             -            157   0.00013   20.9   0.0   1   1   0.00013   0.00041   19.2   0.0    29   122     9    97     7   113 0.74 tr|L9Z0D7|L9Z0D7_9EURY Globin OS=Natrinema gari JCM 14663 OX=1230459 GN=C486_12211 PE=4 SV=1
A0A1C6W323/12-123    -            112 seed_msa             -            157   0.00013   20.8   0.0   1   1   0.00023   0.00076   18.3   0.0    30   116     9    90     7   108 0.76 tr|A0A1C6W323|A0A1C6W323_9ACTN Group 1 truncated hemoglobin OS=Micromonospora citrea OX=47855 GN=GA0070606_6357 PE=3 SV=1
A0A1I4H4J4/7-124     -            118 seed_msa             -            157   0.00013   20.8   0.0   1   1   4.3e-05   0.00014   20.7   0.0    29    77     9    55     7   100 0.90 tr|A0A1I4H4J4|A0A1I4H4J4_9BACI Hemoglobin OS=Gracilibacillus orientalis OX=334253 GN=SAMN04487943_101187 PE=4 SV=1
A0A023DIL9/7-124     -            118 seed_msa             -            157   0.00013   20.8   0.0   1   1   6.7e-05   0.00022   20.1   0.0    29    70     9    52     7    55 0.90 tr|A0A023DIL9|A0A023DIL9_9BACI Putative hemoglobin-like protein OS=Parageobacillus caldoxylosilyticus NBRC 107762 OX=1220594 GN=GCA01S_057_00220 PE=4 SV=1
A0A150LF15/7-124     -            118 seed_msa             -            157   0.00013   20.8   0.0   1   1   6.7e-05   0.00022   20.1   0.0    29    70     9    52     7    55 0.90 tr|A0A150LF15|A0A150LF15_9BACI Uncharacterized protein OS=Parageobacillus caldoxylosilyticus OX=81408 GN=B4119_0866 PE=4 SV=1
A0A1V9B0S9/7-124     -            118 seed_msa             -            157   0.00013   20.8   0.0   1   1   6.7e-05   0.00022   20.1   0.0    29    70     9    52     7    55 0.90 tr|A0A1V9B0S9|A0A1V9B0S9_9BACI Globin OS=Geobacillus sp. 44B OX=1963023 GN=BSK33_09370 PE=4 SV=1
A0A127DC04/4-112     -            109 seed_msa             -            157   0.00013   20.8   0.2   1   1   9.7e-05   0.00032   19.6   0.2    29   117     9    93     7   108 0.88 tr|A0A127DC04|A0A127DC04_9BACI Globin OS=Bacillus simplex OX=1478 GN=UP17_19820 PE=4 SV=1
A0A1H9SRN6/6-123     -            118 seed_msa             -            157   0.00013   20.8   0.0   1   1     6e-05    0.0002   20.3   0.0    29    77     9    55     7    62 0.83 tr|A0A1H9SRN6|A0A1H9SRN6_9BACI Hemoglobin OS=Gracilibacillus ureilyticus OX=531814 GN=SAMN04487944_111136 PE=4 SV=1
A0A1L8ZIU5/9-122     -            114 seed_msa             -            157   0.00014   20.8   0.0   1   1   5.5e-05   0.00018   20.4   0.0    29    70     6    49     1    68 0.89 tr|A0A1L8ZIU5|A0A1L8ZIU5_9BACI Globin OS=Bacillus obstructivus OX=1914540 GN=BLX88_17565 PE=4 SV=1
L9XTK8/4-116         -            113 seed_msa             -            157   0.00014   20.8   0.0   1   1   9.6e-05   0.00031   19.6   0.0    29   118     9    93     7   109 0.82 tr|L9XTK8|L9XTK8_9EURY Globin OS=Natrinema versiforme JCM 10478 OX=1227496 GN=C489_15152 PE=4 SV=1
A0A2A8AZ84/9-124     -            116 seed_msa             -            157   0.00014   20.8   0.0   1   1   6.3e-05   0.00021   20.2   0.0    30    70     8    50     6    60 0.91 tr|A0A2A8AZ84|A0A2A8AZ84_9BACI Globin OS=Bacillus pseudomycoides OX=64104 GN=bmyco0002_10090 PE=4 SV=1
C3BHC1/9-124         -            116 seed_msa             -            157   0.00014   20.8   0.0   1   1   6.3e-05   0.00021   20.2   0.0    30    70     8    50     6    60 0.91 tr|C3BHC1|C3BHC1_9BACI Globin OS=Bacillus pseudomycoides DSM 12442 OX=527000 GN=bpmyx0001_10460 PE=4 SV=1
A0A2C0ZPU0/4-118     -            115 seed_msa             -            157   0.00014   20.7   0.2   1   1    0.0001   0.00033   19.5   0.2    29   122     9    98     6   112 0.84 tr|A0A2C0ZPU0|A0A2C0ZPU0_9BACI Group 1 truncated hemoglobin OS=Bacillus sp. AFS041924 OX=2033503 GN=COC46_09440 PE=3 SV=1
A0A0J5VKU4/5-118     -            114 seed_msa             -            157   0.00014   20.7   0.2   1   1    0.0001   0.00034   19.5   0.2    30   135    10   109     8   111 0.84 tr|A0A0J5VKU4|A0A0J5VKU4_BACFI Group 1 truncated hemoglobin OS=Bacillus firmus OX=1399 GN=glbN PE=3 SV=1
A0A1S8G4T1/9-124     -            116 seed_msa             -            157   0.00014   20.7   0.0   1   1   6.3e-05   0.00021   20.2   0.0    30    70     8    50     6    60 0.91 tr|A0A1S8G4T1|A0A1S8G4T1_BACMY Uncharacterized protein OS=Bacillus mycoides OX=1405 GN=BTH41_01558 PE=4 SV=1
A0A1Y3MC76/9-124     -            116 seed_msa             -            157   0.00014   20.7   0.0   1   1   6.3e-05   0.00021   20.2   0.0    30    70     8    50     6    60 0.91 tr|A0A1Y3MC76|A0A1Y3MC76_9BACI Globin OS=Bacillus pseudomycoides OX=64104 GN=BW425_15245 PE=4 SV=1
R8PFS1/9-124         -            116 seed_msa             -            157   0.00014   20.7   0.0   1   1   6.3e-05   0.00021   20.2   0.0    30    70     8    50     6    60 0.91 tr|R8PFS1|R8PFS1_BACCE Group 2 hemoglobin yjbI OS=Bacillus cereus VD136 OX=1053234 GN=IIW_00249 PE=4 SV=1
R8QWE0/9-124         -            116 seed_msa             -            157   0.00014   20.7   0.0   1   1   6.3e-05   0.00021   20.2   0.0    30    70     8    50     6    60 0.91 tr|R8QWE0|R8QWE0_BACCE Group 2 hemoglobin yjbI OS=Bacillus cereus VDM006 OX=1085379 GN=KOW_02576 PE=4 SV=1
R8U3V1/9-124         -            116 seed_msa             -            157   0.00014   20.7   0.0   1   1   6.3e-05   0.00021   20.2   0.0    30    70     8    50     6    60 0.91 tr|R8U3V1|R8U3V1_BACCE Group 2 hemoglobin yjbI OS=Bacillus cereus VDM021 OX=1085386 GN=KOY_00189 PE=4 SV=1
A0A1A3CUS1/14-126    -            113 seed_msa             -            157   0.00014   20.7   0.0   1   1   7.3e-05   0.00024   20.0   0.0    30    76    10    55     8    94 0.83 tr|A0A1A3CUS1|A0A1A3CUS1_MYCAS Group 1 truncated hemoglobin OS=Mycobacterium asiaticum OX=1790 GN=A9X01_13300 PE=3 SV=1
A0A1M7IL72/7-124     -            118 seed_msa             -            157   0.00014   20.7   0.0   1   1   6.3e-05   0.00021   20.2   0.0    29    77     9    55     7    62 0.83 tr|A0A1M7IL72|A0A1M7IL72_9BACI Hemoglobin OS=Gracilibacillus kekensis OX=1027249 GN=SAMN05216179_0088 PE=4 SV=1
A0A1D7QXW1/3-115     -            113 seed_msa             -            157   0.00014   20.7   0.1   1   2    0.0015     0.005   15.7   0.0    29    65     9    48     7    59 0.77 tr|A0A1D7QXW1|A0A1D7QXW1_9BACI Group 1 truncated hemoglobin OS=Bacillus beveridgei OX=632773 GN=glbN PE=3 SV=1
A0A1D7QXW1/3-115     -            113 seed_msa             -            157   0.00014   20.7   0.1   2   2       9.7        32    3.3   0.0    91   121    66    96    62   109 0.78 tr|A0A1D7QXW1|A0A1D7QXW1_9BACI Group 1 truncated hemoglobin OS=Bacillus beveridgei OX=632773 GN=glbN PE=3 SV=1
A0A0M1NQ34/4-117     -            114 seed_msa             -            157   0.00014   20.7   0.2   1   1   9.3e-05    0.0003   19.6   0.2    29   122     9    98     5   114 0.85 tr|A0A0M1NQ34|A0A0M1NQ34_9BACI Group 1 truncated hemoglobin OS=Bacillus sp. FJAT-22058 OX=1581037 GN=AM233_08990 PE=3 SV=1
A0A1X1UA81/4-116     -            113 seed_msa             -            157   0.00014   20.7   0.0   1   1   7.5e-05   0.00024   20.0   0.0    30    73    10    52     8   109 0.85 tr|A0A1X1UA81|A0A1X1UA81_9MYCO Group 1 truncated hemoglobin OS=Mycobacterium florentinum OX=292462 GN=AWC05_19815 PE=3 SV=1
A0A150W820/9-123     -            115 seed_msa             -            157   0.00014   20.7   0.0   1   1   6.2e-05    0.0002   20.2   0.0    28    70     5    49     1    60 0.89 tr|A0A150W820|A0A150W820_PLAMR Globin OS=Planococcus maritimus OX=192421 GN=AY633_02610 PE=4 SV=1
S2YK66/9-123         -            115 seed_msa             -            157   0.00014   20.7   0.0   1   1   8.4e-05   0.00027   19.8   0.0    30    70     7    49     1    67 0.89 tr|S2YK66|S2YK66_9BACL Group 2 hemoglobin yjbI OS=Paenisporosarcina sp. HGH0030 OX=1078085 GN=HMPREF1210_01497 PE=4 SV=1
A0A084SFY4/11-116    -            106 seed_msa             -            157   0.00014   20.7   0.0   1   1   5.6e-05   0.00018   20.4   0.0    29   117     9    95     6   104 0.79 tr|A0A084SFY4|A0A084SFY4_9DELT Group 1 truncated hemoglobin OS=Archangium violaceum Cb vi76 OX=1406225 GN=Q664_47600 PE=3 SV=1
W2ERE5/3-115         -            113 seed_msa             -            157   0.00015   20.7   0.0   1   1   6.1e-05    0.0002   20.2   0.0    29   114     9    85     7   109 0.76 tr|W2ERE5|W2ERE5_9ACTN Group 1 truncated hemoglobin OS=Microbispora sp. ATCC PTA-5024 OX=316330 GN=MPTA5024_24440 PE=3 SV=1
A0A0N0I5Z0/7-94      -             88 seed_msa             -            157   0.00015   20.7   0.0   1   1   5.2e-05   0.00017   20.5   0.0    29    70     9    52     7    70 0.91 tr|A0A0N0I5Z0|A0A0N0I5Z0_9BACI Group 2 truncated hemoglobin YjbI OS=Geobacillus sp. BCO2 OX=1547578 GN=yjbI PE=4 SV=1
A0A0G3A8I4/12-127    -            116 seed_msa             -            157   0.00015   20.7   0.0   1   1   5.5e-05   0.00018   20.4   0.0    30   117    10    95     7   112 0.84 tr|A0A0G3A8I4|A0A0G3A8I4_9DELT Group 1 truncated hemoglobin OS=Archangium gephyra OX=48 GN=AA314_09681 PE=3 SV=1
A0A2B5KR55/9-124     -            116 seed_msa             -            157   0.00015   20.7   0.0   1   1   7.2e-05   0.00023   20.0   0.0    30    70     8    50     6    53 0.90 tr|A0A2B5KR55|A0A2B5KR55_9BACI Globin OS=Bacillus pseudomycoides OX=64104 GN=COE83_21680 PE=4 SV=1
A0A0G3XWX0/7-124     -            118 seed_msa             -            157   0.00015   20.6   0.0   1   1   6.9e-05   0.00022   20.1   0.0    29    70     9    52     7    71 0.90 tr|A0A0G3XWX0|A0A0G3XWX0_9BACI Uncharacterized protein OS=Geobacillus sp. 12AMOR1 OX=1629723 GN=GARCT_00798 PE=4 SV=1
A0A268JGZ3/4-117     -            114 seed_msa             -            157   0.00015   20.6   0.2   1   1   8.8e-05   0.00029   19.7   0.2    29   120     9    96     5   114 0.83 tr|A0A268JGZ3|A0A268JGZ3_9BACI Group 1 truncated hemoglobin OS=Bacillus sp. 7884-1 OX=2021693 GN=CHI06_25815 PE=3 SV=1
A0A1X7FJ71/8-124     -            117 seed_msa             -            157   0.00015   20.6   0.0   1   1   6.9e-05   0.00022   20.1   0.0    30    70     9    51     6    58 0.88 tr|A0A1X7FJ71|A0A1X7FJ71_9BACI Globin OS=Bacillus filamentosus OX=1402861 GN=B1B01_17070 PE=4 SV=1
A0A268JYL7/9-122     -            114 seed_msa             -            157   0.00015   20.6   0.0   1   1   7.7e-05   0.00025   19.9   0.0    27    70     4    49     1    51 0.84 tr|A0A268JYL7|A0A268JYL7_9BACI Globin OS=Bacillus sp. 7884-1 OX=2021693 GN=CHI06_16775 PE=4 SV=1
A0A080UN39/9-92      -             84 seed_msa             -            157   0.00015   20.6   0.0   1   1   5.8e-05   0.00019   20.3   0.0    27    70     4    49     1    53 0.89 tr|A0A080UN39|A0A080UN39_BACAT Group 2 hemoglobin yjbI OS=Bacillus atrophaeus OX=1452 GN=yjbI PE=4 SV=1
M0M373/4-114         -            111 seed_msa             -            157   0.00015   20.6   0.0   1   1   8.6e-05   0.00028   19.8   0.0    29    78     9    57     7    70 0.90 tr|M0M373|M0M373_9EURY Cyanoglobin OS=Halococcus hamelinensis 100A6 OX=1132509 GN=C447_07728 PE=4 SV=1
A0A2H3NAF7/4-118     -            115 seed_msa             -            157   0.00016   20.6   0.1   1   1   0.00012   0.00038   19.3   0.1    29   122     9    98     6   111 0.86 tr|A0A2H3NAF7|A0A2H3NAF7_9BACI Group 1 truncated hemoglobin OS=Bacillus sp. AFS017336 OX=2033489 GN=CN601_20360 PE=3 SV=1
A0A285P3Q1/5-114     -            110 seed_msa             -            157   0.00016   20.6   0.0   1   1   0.00015   0.00048   19.0   0.0    30   117    10    92     8   108 0.80 tr|A0A285P3Q1|A0A285P3Q1_9EURY Hemoglobin OS=Natronoarchaeum philippinense OX=558529 GN=SAMN06269185_2690 PE=4 SV=1
A0A223EE75/9-122     -            114 seed_msa             -            157   0.00016   20.6   0.0   1   1   7.6e-05   0.00025   19.9   0.0    29    70     6    49     2    62 0.93 tr|A0A223EE75|A0A223EE75_9BACI Globin OS=Bacillus simplex NBRC 15720 = DSM 1321 OX=1349754 GN=BS1321_05950 PE=4 SV=1
A0A0M9AMN4/5-117     -            113 seed_msa             -            157   0.00016   20.6   0.0   1   1   8.2e-05   0.00027   19.8   0.0    30    78    10    57     8   108 0.87 tr|A0A0M9AMN4|A0A0M9AMN4_9EURY Globin OS=Haloarcula rubripromontorii OX=1705562 GN=AMS69_04230 PE=4 SV=1
A0A1G9PGK8/6-123     -            118 seed_msa             -            157   0.00016   20.6   0.0   1   1   7.7e-05   0.00025   19.9   0.0    30    77    10    55     8    62 0.87 tr|A0A1G9PGK8|A0A1G9PGK8_9BACI Hemoglobin OS=Sediminibacillus halophilus OX=482461 GN=SAMN05216244_1421 PE=4 SV=1
A0A0Q1EYH5/7-124     -            118 seed_msa             -            157   0.00016   20.6   0.0   1   1   7.2e-05   0.00024   20.0   0.0    29    70     9    52     7    71 0.91 tr|A0A0Q1EYH5|A0A0Q1EYH5_9BACI Globin OS=Geobacillus sp. Sah69 OX=1737624 GN=AP057_03500 PE=4 SV=1
A0A150NBF4/7-124     -            118 seed_msa             -            157   0.00016   20.6   0.0   1   1   7.2e-05   0.00024   20.0   0.0    29    70     9    52     7    71 0.91 tr|A0A150NBF4|A0A150NBF4_GEOSE Uncharacterized protein OS=Geobacillus stearothermophilus OX=1422 GN=B4114_0692 PE=4 SV=1
A0A098FAX5/9-122     -            114 seed_msa             -            157   0.00016   20.6   0.0   1   1   7.7e-05   0.00025   19.9   0.0    29    70     6    49     2    61 0.92 tr|A0A098FAX5|A0A098FAX5_9BACI Globin OS=Bacillus simplex OX=1478 GN=BN1180_01533 PE=4 SV=1
A0A0M0ESI5/9-122     -            114 seed_msa             -            157   0.00016   20.6   0.0   1   1   7.7e-05   0.00025   19.9   0.0    29    70     6    49     2    61 0.92 tr|A0A0M0ESI5|A0A0M0ESI5_9BACI Globin OS=Bacillus butanolivorans OX=421767 GN=AKG34_04650 PE=4 SV=1
A0A0M1NP60/9-122     -            114 seed_msa             -            157   0.00016   20.6   0.0   1   1   7.7e-05   0.00025   19.9   0.0    29    70     6    49     2    61 0.92 tr|A0A0M1NP60|A0A0M1NP60_9BACI Globin OS=Bacillus sp. FJAT-22058 OX=1581037 GN=AM233_07670 PE=4 SV=1
A0A0Q6HDA5/9-122     -            114 seed_msa             -            157   0.00016   20.6   0.0   1   1   7.7e-05   0.00025   19.9   0.0    29    70     6    49     2    61 0.92 tr|A0A0Q6HDA5|A0A0Q6HDA5_9BACI Globin OS=Bacillus sp. Leaf13 OX=1736211 GN=ASG65_09070 PE=4 SV=1
A0A0Q9VQV4/9-122     -            114 seed_msa             -            157   0.00016   20.6   0.0   1   1   7.7e-05   0.00025   19.9   0.0    29    70     6    49     2    61 0.92 tr|A0A0Q9VQV4|A0A0Q9VQV4_9BACI Globin OS=Bacillus sp. Soil768D1 OX=1736405 GN=ASG99_23410 PE=4 SV=1
A0A270AH31/9-122     -            114 seed_msa             -            157   0.00016   20.6   0.0   1   1   7.7e-05   0.00025   19.9   0.0    29    70     6    49     2    61 0.92 tr|A0A270AH31|A0A270AH31_9BACI Globin OS=Bacillus simplex OX=1478 GN=B8W99_15920 PE=4 SV=1
A0A2A4BME4/8-121     -            114 seed_msa             -            157   0.00016   20.6   0.0   1   1   7.7e-05   0.00025   19.9   0.0    29    70     6    49     2    61 0.92 tr|A0A2A4BME4|A0A2A4BME4_9BACI Globin OS=Bacillus simplex OX=1478 GN=CMV16_07990 PE=4 SV=1
A0A2A8FR10/8-121     -            114 seed_msa             -            157   0.00016   20.6   0.0   1   1   7.7e-05   0.00025   19.9   0.0    29    70     6    49     2    61 0.92 tr|A0A2A8FR10|A0A2A8FR10_9BACI Globin OS=Bacillus sp. AFS026049 OX=2033493 GN=CN563_05145 PE=4 SV=1
A0A2A8TPU0/8-121     -            114 seed_msa             -            157   0.00016   20.6   0.0   1   1   7.7e-05   0.00025   19.9   0.0    29    70     6    49     2    61 0.92 tr|A0A2A8TPU0|A0A2A8TPU0_9BACI Globin OS=Bacillus sp. AFS017274 OX=2033488 GN=CN380_12475 PE=4 SV=1
A0A2C4RP88/8-121     -            114 seed_msa             -            157   0.00016   20.6   0.0   1   1   7.7e-05   0.00025   19.9   0.0    29    70     6    49     2    61 0.92 tr|A0A2C4RP88|A0A2C4RP88_9BACI Globin OS=Bacillus sp. AFS043905 OX=2033504 GN=COF64_02110 PE=4 SV=1
A0A2H3LNE4/8-121     -            114 seed_msa             -            157   0.00016   20.6   0.0   1   1   7.7e-05   0.00025   19.9   0.0    29    70     6    49     2    61 0.92 tr|A0A2H3LNE4|A0A2H3LNE4_9BACI Globin OS=Bacillus sp. AFS094228 OX=2033515 GN=CON84_15430 PE=4 SV=1
A0A109MVC6/9-122     -            114 seed_msa             -            157   0.00016   20.5   0.0   1   1   6.6e-05   0.00021   20.1   0.0    29    70     6    49     2    67 0.92 tr|A0A109MVC6|A0A109MVC6_9BACI Globin OS=Bacillus simplex OX=1478 GN=AS888_07225 PE=4 SV=1
A0A2G6ATM2/9-123     -            115 seed_msa             -            157   0.00016   20.5   0.0   1   1   5.8e-05   0.00019   20.3   0.0    27    71     4    50     1    68 0.90 tr|A0A2G6ATM2|A0A2G6ATM2_9BACL Globin OS=Sporosarcina sp. P34 OX=2048247 GN=CSV63_00065 PE=4 SV=1
A0A1B9B1R6/8-122     -            115 seed_msa             -            157   0.00016   20.5   0.0   1   1   6.8e-05   0.00022   20.1   0.0    27    74     4    49     1    58 0.76 tr|A0A1B9B1R6|A0A1B9B1R6_9BACI Uncharacterized protein OS=Bacillus sp. FJAT-27986 OX=1743146 GN=A8L44_03245 PE=4 SV=1
A0A150M369/7-124     -            118 seed_msa             -            157   0.00016   20.5   0.0   1   1   8.3e-05   0.00027   19.8   0.0    29    70     9    52     7    64 0.92 tr|A0A150M369|A0A150M369_GEOSE Globin OS=Geobacillus stearothermophilus OX=1422 GN=B4109_0719 PE=4 SV=1
A0A2G5VXF0/9-123     -            115 seed_msa             -            157   0.00016   20.5   0.0   1   1   5.8e-05   0.00019   20.3   0.0    27    71     4    50     1    68 0.90 tr|A0A2G5VXF0|A0A2G5VXF0_9BACL Globin OS=Sporosarcina sp. P10 OX=2048264 GN=CSV81_15585 PE=4 SV=1
A0A1H9B6Y8/7-124     -            118 seed_msa             -            157   0.00017   20.5   0.0   1   1   7.1e-05   0.00023   20.0   0.0    29    76     9    54     7    62 0.82 tr|A0A1H9B6Y8|A0A1H9B6Y8_9BACI Hemoglobin OS=Piscibacillus halophilus OX=571933 GN=SAMN05216362_103148 PE=4 SV=1
A0A150LTC0/7-124     -            118 seed_msa             -            157   0.00017   20.5   0.0   1   1   8.8e-05   0.00029   19.7   0.0    30    70    10    52     7    55 0.90 tr|A0A150LTC0|A0A150LTC0_9BACI Uncharacterized protein OS=Anoxybacillus flavithermus OX=33934 GN=B4168_2927 PE=4 SV=1
A0A178TXD2/7-124     -            118 seed_msa             -            157   0.00017   20.5   0.0   1   1   8.8e-05   0.00029   19.7   0.0    30    70    10    52     7    55 0.90 tr|A0A178TXD2|A0A178TXD2_PARTM Hemoglobin-like protein HbO OS=Parageobacillus thermoglucosidasius OX=1426 GN=GT23_2109 PE=4 SV=1
A0A0I9TS06/11-123    -            113 seed_msa             -            157   0.00017   20.5   0.0   1   1   6.5e-05   0.00021   20.1   0.0    30    72    10    51     7    98 0.86 tr|A0A0I9TS06|A0A0I9TS06_9MYCO Group 1 truncated hemoglobin OS=Mycobacterium haemophilum OX=29311 GN=ABH38_13225 PE=3 SV=1
A0A0U2XPC8/9-123     -            115 seed_msa             -            157   0.00017   20.5   0.0   1   1   6.9e-05   0.00023   20.1   0.0    27    70     4    49     1    57 0.87 tr|A0A0U2XPC8|A0A0U2XPC8_9BACL Globin OS=Planococcus kocurii OX=1374 GN=AUO94_05195 PE=4 SV=1
A0A1E7DLJ1/9-123     -            115 seed_msa             -            157   0.00017   20.5   0.0   1   1   7.2e-05   0.00024   20.0   0.0    30    74     7    49     4    59 0.75 tr|A0A1E7DLJ1|A0A1E7DLJ1_9BACI Globin OS=Domibacillus iocasae OX=1714016 GN=BA724_12600 PE=4 SV=1
A0A0F6BQK1/7-124     -            118 seed_msa             -            157   0.00017   20.5   0.0   1   1   8.8e-05   0.00029   19.7   0.0    30    70    10    52     7    55 0.90 tr|A0A0F6BQK1|A0A0F6BQK1_GEOS0 Globin OS=Geobacillus sp. (strain Y4.1MC1) OX=581103 GN=GY4MC1_3024 PE=4 SV=1
A0A1B7KPE0/7-124     -            118 seed_msa             -            157   0.00017   20.5   0.0   1   1   8.8e-05   0.00029   19.7   0.0    30    70    10    52     7    55 0.90 tr|A0A1B7KPE0|A0A1B7KPE0_PARTM Globin OS=Parageobacillus thermoglucosidasius OX=1426 GN=A7K69_11105 PE=4 SV=1
A0A1I0SU09/7-124     -            118 seed_msa             -            157   0.00017   20.5   0.0   1   1   8.8e-05   0.00029   19.7   0.0    30    70    10    52     7    55 0.90 tr|A0A1I0SU09|A0A1I0SU09_9BACI Hemoglobin OS=Parageobacillus thermantarcticus OX=186116 GN=SAMN05192569_100555 PE=4 SV=1
A0A063ZG28/5-117     -            113 seed_msa             -            157   0.00018   20.4   0.0   1   1   7.9e-05   0.00026   19.9   0.0    29   123     9    98     7   112 0.85 tr|A0A063ZG28|A0A063ZG28_9EURY Globin OS=Halostagnicola sp. A56 OX=1495067 GN=EL22_10075 PE=4 SV=1
A0A1S2LDI0/9-124     -            116 seed_msa             -            157   0.00018   20.4   0.0   1   1   7.8e-05   0.00025   19.9   0.0    29    74     7    50     5    70 0.75 tr|A0A1S2LDI0|A0A1S2LDI0_9BACI Globin OS=Anaerobacillus alkalilacustris OX=393763 GN=BKP37_18000 PE=4 SV=1
M0BYY2/4-116         -            113 seed_msa             -            157   0.00018   20.4   0.0   1   1   0.00015   0.00048   19.0   0.0    29   122     9    97     7   113 0.80 tr|M0BYY2|M0BYY2_9EURY Globin OS=Haloterrigena thermotolerans DSM 11522 OX=1227489 GN=C478_03417 PE=4 SV=1
Q1N6W8/3-119         -            117 seed_msa             -            157   0.00018   20.4   0.0   1   1   6.9e-05   0.00022   20.1   0.0    30   116    10    94     8   114 0.81 tr|Q1N6W8|Q1N6W8_9GAMM Group 1 truncated hemoglobin OS=Bermanella marisrubri OX=207949 GN=RED65_08789 PE=3 SV=1
A0A2G6AWU6/9-123     -            115 seed_msa             -            157   0.00018   20.4   0.0   1   1   6.6e-05   0.00021   20.1   0.0    27    70     4    49     1    68 0.88 tr|A0A2G6AWU6|A0A2G6AWU6_9BACL Globin OS=Sporosarcina sp. P35 OX=2048246 GN=CSV62_14160 PE=4 SV=1
A0A1I0ELH4/3-115     -            113 seed_msa             -            157   0.00018   20.4   0.0   1   1   7.9e-05   0.00026   19.9   0.0    30   101    10    76     8   103 0.82 tr|A0A1I0ELH4|A0A1I0ELH4_9ACTN Group 1 truncated hemoglobin OS=Nonomuraea wenchangensis OX=568860 GN=SAMN05421811_10395 PE=3 SV=1
A0A0K2HAZ8/7-124     -            118 seed_msa             -            157   0.00019   20.3   0.0   1   1   8.4e-05   0.00027   19.8   0.0    29    70     9    52     7    71 0.92 tr|A0A0K2HAZ8|A0A0K2HAZ8_GEOSE Globin OS=Geobacillus stearothermophilus 10 OX=272567 GN=GT50_13805 PE=4 SV=1
A0A0B5AK62/9-123     -            115 seed_msa             -            157   0.00019   20.3   0.0   1   1   7.4e-05   0.00024   20.0   0.0    29    70     6    49     1    60 0.90 tr|A0A0B5AK62|A0A0B5AK62_9BACL Globin OS=Jeotgalibacillus malaysiensis OX=1508404 GN=JMA_14180 PE=4 SV=1
A0A023CT65/7-124     -            118 seed_msa             -            157   0.00019   20.3   0.0   1   1   8.9e-05   0.00029   19.7   0.0    29    70     9    52     7    61 0.89 tr|A0A023CT65|A0A023CT65_9BACI Globin OS=Parageobacillus genomosp. 1 OX=1295642 GN=H839_03111 PE=4 SV=1
A0A2C4QYZ4/4-117     -            114 seed_msa             -            157   0.00019   20.3   0.2   1   1   0.00013   0.00042   19.2   0.2    29   117     9    93     5   110 0.88 tr|A0A2C4QYZ4|A0A2C4QYZ4_9BACI Group 1 truncated hemoglobin OS=Bacillus sp. AFS043905 OX=2033504 GN=COF64_10840 PE=3 SV=1
A0A1G6PIG2/6-123     -            118 seed_msa             -            157   0.00019   20.3   0.0   1   1   8.7e-05   0.00028   19.7   0.0    30    77    10    55     8    62 0.84 tr|A0A1G6PIG2|A0A1G6PIG2_9BACI Hemoglobin OS=Terribacillus halophilus OX=361279 GN=SAMN05421663_104125 PE=4 SV=1
A0A1E3SMD5/14-126    -            113 seed_msa             -            157   0.00019   20.3   0.0   1   1   8.5e-05   0.00028   19.8   0.0    30    72    10    51     8    98 0.86 tr|A0A1E3SMD5|A0A1E3SMD5_9MYCO Group 1 truncated hemoglobin OS=Mycobacterium intermedium OX=28445 GN=BHQ20_00055 PE=3 SV=1
H1WKW8/3-105         -            103 seed_msa             -            157   0.00019   20.3   0.0   1   1   8.2e-05   0.00027   19.8   0.0    29   117     9    96     7   100 0.87 tr|H1WKW8|H1WKW8_9CYAN Group 1 truncated hemoglobin OS=Limnospira indica PCC 8005 OX=376219 GN=glbN PE=3 SV=1
A0A150LE64/5-121     -            117 seed_msa             -            157    0.0002   20.3   0.0   1   1     9e-05   0.00029   19.7   0.0    29    73     8    50     3    60 0.75 tr|A0A150LE64|A0A150LE64_9BACI Globin OS=Caldibacillus debilis OX=301148 GN=B4135_3444 PE=4 SV=1
A0A0M0LGU9/8-124     -            117 seed_msa             -            157    0.0002   20.3   0.0   1   1   9.2e-05    0.0003   19.7   0.0    30    70     9    51     7    60 0.87 tr|A0A0M0LGU9|A0A0M0LGU9_9BACI Globin OS=Bacillus koreensis OX=284581 GN=AMD01_00680 PE=4 SV=1
A0A0J1IJM3/9-123     -            115 seed_msa             -            157    0.0002   20.3   0.0   1   1   8.1e-05   0.00027   19.8   0.0    26    73     3    48     1    58 0.75 tr|A0A0J1IJM3|A0A0J1IJM3_BACCI Globin OS=Bacillus circulans OX=1397 GN=yjbI_1 PE=4 SV=1
A0A2C3DN61/9-124     -            116 seed_msa             -            157    0.0002   20.2   0.0   1   1   8.6e-05   0.00028   19.8   0.0    29    70     7    50     5    60 0.90 tr|A0A2C3DN61|A0A2C3DN61_BACCE Globin OS=Bacillus cereus OX=1396 GN=COI93_03785 PE=4 SV=1
C2W574/9-124         -            116 seed_msa             -            157    0.0002   20.2   0.0   1   1   8.6e-05   0.00028   19.8   0.0    29    70     7    50     5    60 0.90 tr|C2W574|C2W574_BACCE Globin OS=Bacillus cereus Rock3-44 OX=526986 GN=bcere0022_9360 PE=4 SV=1
A0A2A9C018/9-123     -            115 seed_msa             -            157    0.0002   20.2   0.0   1   1   9.1e-05    0.0003   19.7   0.0    29    70     6    49     3    58 0.92 tr|A0A2A9C018|A0A2A9C018_9BACI Hemoglobin OS=Bacillus sp. es.034 OX=1761763 GN=ATG71_3900 PE=4 SV=1
A0A1Z5KEK7/9-126     -            118 seed_msa             -            157    0.0002   20.2   0.0   1   1   9.5e-05   0.00031   19.6   0.0    30    75    10    54     8    63 0.86 tr|A0A1Z5KEK7|A0A1Z5KEK7_FISSO Uncharacterized protein OS=Fistulifera solaris OX=1519565 GN=FisN_4Hh247 PE=4 SV=1
Q08753/44-159        -            116 seed_msa             -            157    0.0002   20.2   0.0   1   1   0.00062     0.002   17.0   0.0    30    65    10    46     7    53 0.94 sp|Q08753|TRHN1_CHLMO Group 1 truncated hemoglobin LI637 OS=Chlamydomonas moewusii OX=3054 GN=LI637 PE=1 SV=1
M0K7Z8/5-117         -            113 seed_msa             -            157    0.0002   20.2   0.0   1   1     9e-05   0.00029   19.7   0.0    30    79    10    58     8   104 0.93 tr|M0K7Z8|M0K7Z8_9EURY Cyanoglobin OS=Haloarcula californiae ATCC 33799 OX=662475 GN=C435_13920 PE=4 SV=1
A0A2A7IDU9/4-118     -            115 seed_msa             -            157    0.0002   20.2   0.2   1   1   0.00017   0.00055   18.8   0.2    29   121     9    97     6   111 0.85 tr|A0A2A7IDU9|A0A2A7IDU9_9BACI Group 1 truncated hemoglobin OS=Bacillus sp. AFS096315 OX=2033517 GN=CON00_06115 PE=3 SV=1
A0A2B1H4R6/4-118     -            115 seed_msa             -            157    0.0002   20.2   0.2   1   1   0.00017   0.00055   18.8   0.2    29   121     9    97     6   111 0.85 tr|A0A2B1H4R6|A0A2B1H4R6_9BACI Group 1 truncated hemoglobin OS=Bacillus sp. AFS077874 OX=2033513 GN=COJ46_07795 PE=3 SV=1
A0A139VFS9/3-115     -            113 seed_msa             -            157    0.0002   20.2   0.0   1   1   0.00014   0.00047   19.0   0.0    30    74    10    53     8    97 0.79 tr|A0A139VFS9|A0A139VFS9_MYCPH Group 1 truncated hemoglobin OS=Mycolicibacterium phlei DSM 43239 = CCUG 21000 OX=1226750 GN=MPHL43239_10385 PE=3 SV=1
A0A271M4L5/9-123     -            115 seed_msa             -            157    0.0002   20.2   0.0   1   1   8.4e-05   0.00028   19.8   0.0    29    70     6    49     2    69 0.88 tr|A0A271M4L5|A0A271M4L5_9BACI Globin OS=Bacillaceae bacterium SAOS 7 OX=2015052 GN=CD798_10940 PE=4 SV=1
K9HGA2/3-110         -            108 seed_msa             -            157   0.00021   20.2   0.0   1   1   9.7e-05   0.00032   19.6   0.0    31   119    11    94     8   107 0.86 tr|K9HGA2|K9HGA2_9PROT Cyanoglobin Hemoglobin-like protein HbN OS=Caenispirillum salinarum AK4 OX=1238182 GN=C882_0315 PE=4 SV=1
A0A0Q4GVJ9/16-124    -            109 seed_msa             -            157   0.00021   20.2   0.0   1   1   9.2e-05    0.0003   19.7   0.0    29   106     7    79     3   107 0.71 tr|A0A0Q4GVJ9|A0A0Q4GVJ9_9MICO Group 1 truncated hemoglobin OS=Agromyces sp. Leaf222 OX=1735688 GN=ASE68_02895 PE=3 SV=1
A0A1W9YJF3/4-115     -            112 seed_msa             -            157   0.00021   20.2   0.0   1   1   7.2e-05   0.00024   20.0   0.0    30    73     9    51     7   108 0.81 tr|A0A1W9YJF3|A0A1W9YJF3_9MYCO Group 1 truncated hemoglobin OS=Mycolicibacter algericus DSM 45454 OX=723879 GN=BST10_06505 PE=3 SV=1
F5YX68/4-115         -            112 seed_msa             -            157   0.00021   20.2   0.0   1   1   7.2e-05   0.00024   20.0   0.0    30    73     9    51     7   108 0.81 tr|F5YX68|F5YX68_MYCSD Group 1 truncated hemoglobin OS=Mycolicibacter sinensis (strain JDM601) OX=875328 GN=glbN PE=3 SV=1
A0A0M0GI06/9-122     -            114 seed_msa             -            157   0.00021   20.2   0.0   1   1   9.7e-05   0.00031   19.6   0.0    29    70     6    49     2    52 0.89 tr|A0A0M0GI06|A0A0M0GI06_SPOGL Globin OS=Sporosarcina globispora OX=1459 GN=AF332_23090 PE=4 SV=1
A0A1Y1X8Y8/5-112     -            108 seed_msa             -            157   0.00021   20.1   0.2   1   1   0.00013   0.00043   19.2   0.2    29    77     4    51     2    96 0.89 tr|A0A1Y1X8Y8|A0A1Y1X8Y8_9FUNG Globin-like protein (Fragment) OS=Basidiobolus meristosporus CBS 931.73 OX=1314790 GN=K493DRAFT_149760 PE=4 SV=1
A0A1H2VBD9/7-121     -            115 seed_msa             -            157   0.00022   20.1   0.0   1   1   9.3e-05    0.0003   19.7   0.0    26    68     4    48     1    59 0.75 tr|A0A1H2VBD9|A0A1H2VBD9_9BACI Hemoglobin OS=Marinococcus luteus OX=1122204 GN=SAMN05421781_2011 PE=4 SV=1
L7ZW33/7-124         -            118 seed_msa             -            157   0.00022   20.1   0.0   1   1    0.0001   0.00033   19.5   0.0    29    70     9    52     7    71 0.90 tr|L7ZW33|L7ZW33_9BACI Globin-like protein OS=Geobacillus sp. GHH01 OX=1233873 GN=yjbI PE=4 SV=1
A0A163SPI8/4-117     -            114 seed_msa             -            157   0.00022   20.1   0.2   1   1   0.00018   0.00059   18.7   0.2    29   142     9   110     6   114 0.82 tr|A0A163SPI8|A0A163SPI8_9BACI Group 1 truncated hemoglobin OS=Fictibacillus phosphorivorans OX=1221500 GN=AWM68_02975 PE=3 SV=1
A0A0B0IFJ9/9-124     -            116 seed_msa             -            157   0.00022   20.1   0.0   1   1    0.0001   0.00033   19.5   0.0    30    74     8    50     6    68 0.77 tr|A0A0B0IFJ9|A0A0B0IFJ9_9BACI Globin OS=Bacillus okhensis OX=333138 GN=LQ50_19055 PE=4 SV=1
G0QK08/74-179        -            106 seed_msa             -            157   0.00022   20.1   0.0   1   1   0.00015   0.00048   19.0   0.0    29   117     2    85     1    93 0.86 tr|G0QK08|G0QK08_ICHMG Protozoan cyanobacterial globin family protein, putative OS=Ichthyophthirius multifiliis (strain G5) OX=857967 GN=IMG5_011220 PE=4 SV=1
W0JM23/5-117         -            113 seed_msa             -            157   0.00022   20.1   0.0   1   1   0.00014   0.00045   19.1   0.0    29   123     9    98     7   113 0.83 tr|W0JM23|W0JM23_9EURY Globin OS=Halostagnicola larsenii XH-48 OX=797299 GN=HALLA_04975 PE=4 SV=1
A0A063YXM8/7-124     -            118 seed_msa             -            157   0.00023   20.1   0.0   1   1    0.0001   0.00033   19.5   0.0    29    70     9    52     7    71 0.90 tr|A0A063YXM8|A0A063YXM8_9BACI Globin OS=Geobacillus sp. CAMR5420 OX=1482739 GN=DI44_03865 PE=4 SV=1
A0A098L512/7-124     -            118 seed_msa             -            157   0.00023   20.1   0.0   1   1    0.0001   0.00033   19.5   0.0    29    70     9    52     7    71 0.90 tr|A0A098L512|A0A098L512_GEOTH Uncharacterized protein OS=Geobacillus thermoleovorans B23 OX=1406857 GN=B23_3094 PE=4 SV=1
A0A0E0T933/7-124     -            118 seed_msa             -            157   0.00023   20.1   0.0   1   1    0.0001   0.00033   19.5   0.0    29    70     9    52     7    71 0.90 tr|A0A0E0T933|A0A0E0T933_GEOS2 Globin OS=Geobacillus sp. (strain Y412MC52) OX=550542 GN=GYMC52_0750 PE=4 SV=1
A0A0K1KDW5/7-124     -            118 seed_msa             -            157   0.00023   20.1   0.0   1   1    0.0001   0.00033   19.5   0.0    29    70     9    52     7    71 0.90 tr|A0A0K1KDW5|A0A0K1KDW5_9BACI Globin OS=Geobacillus sp. LC300 OX=1519377 GN=IB49_14445 PE=4 SV=1
A0A164CLC4/7-124     -            118 seed_msa             -            157   0.00023   20.1   0.0   1   1    0.0001   0.00033   19.5   0.0    29    70     9    52     7    71 0.90 tr|A0A164CLC4|A0A164CLC4_9BACI Globin OS=Geobacillus sp. 15 OX=1817673 GN=A3Q36_14695 PE=4 SV=1
A0A164FL21/7-124     -            118 seed_msa             -            157   0.00023   20.1   0.0   1   1    0.0001   0.00033   19.5   0.0    29    70     9    52     7    71 0.90 tr|A0A164FL21|A0A164FL21_GEOSE Group 2 truncated hemoglobin YjbI OS=Geobacillus stearothermophilus OX=1422 GN=yjbI PE=4 SV=1
A0A1V9CHT5/7-124     -            118 seed_msa             -            157   0.00023   20.1   0.0   1   1    0.0001   0.00033   19.5   0.0    29    70     9    52     7    71 0.90 tr|A0A1V9CHT5|A0A1V9CHT5_9BACI Globin OS=Geobacillus zalihae OX=213419 GN=B1694_12645 PE=4 SV=1
A0A223DYQ9/7-124     -            118 seed_msa             -            157   0.00023   20.1   0.0   1   1    0.0001   0.00033   19.5   0.0    29    70     9    52     7    71 0.90 tr|A0A223DYQ9|A0A223DYQ9_9BACI Globin OS=Geobacillus lituanicus OX=169283 GN=GLN3_14375 PE=4 SV=1
A0A2H5KGA5/7-124     -            118 seed_msa             -            157   0.00023   20.1   0.0   1   1    0.0001   0.00033   19.5   0.0    29    70     9    52     7    71 0.90 tr|A0A2H5KGA5|A0A2H5KGA5_BACCL Globin OS=Bacillus caldolyticus OX=1394 GN=CWI35_06070 PE=4 SV=1
G8MXD0/7-124         -            118 seed_msa             -            157   0.00023   20.1   0.0   1   1    0.0001   0.00033   19.5   0.0    29    70     9    52     7    71 0.90 tr|G8MXD0|G8MXD0_GEOTH Protozoan/cyanobacterial globin OS=Geobacillus thermoleovorans CCB_US3_UF5 OX=1111068 GN=GTCCBUS3UF5_9810 PE=4 SV=1
Q5L1S0/7-124         -            118 seed_msa             -            157   0.00023   20.1   0.0   1   1    0.0001   0.00033   19.5   0.0    29    70     9    52     7    71 0.90 tr|Q5L1S0|Q5L1S0_GEOKA Hypothetical conserved protein OS=Geobacillus kaustophilus (strain HTA426) OX=235909 GN=GK0825 PE=1 SV=1
S7T0L4/7-124         -            118 seed_msa             -            157   0.00023   20.1   0.0   1   1    0.0001   0.00033   19.5   0.0    29    70     9    52     7    71 0.90 tr|S7T0L4|S7T0L4_9BACI Globin family protein OS=Geobacillus sp. WSUCF1 OX=886559 GN=I656_00291 PE=4 SV=1
T0P0Y3/7-124         -            118 seed_msa             -            157   0.00023   20.1   0.0   1   1    0.0001   0.00033   19.5   0.0    29    70     9    52     7    71 0.90 tr|T0P0Y3|T0P0Y3_9BACI Globin OS=Geobacillus sp. A8 OX=1095383 GN=GA8_06965 PE=4 SV=1
U2X3Y4/7-124         -            118 seed_msa             -            157   0.00023   20.1   0.0   1   1    0.0001   0.00033   19.5   0.0    29    70     9    52     7    71 0.90 tr|U2X3Y4|U2X3Y4_GEOKU Truncated hemoglobin OS=Geobacillus kaustophilus GBlys OX=1337888 GN=GBL_1534 PE=4 SV=1
V6VE73/7-124         -            118 seed_msa             -            157   0.00023   20.1   0.0   1   1    0.0001   0.00033   19.5   0.0    29    70     9    52     7    71 0.90 tr|V6VE73|V6VE73_9BACI Globin OS=Geobacillus sp. MAS1 OX=1408282 GN=T260_09390 PE=4 SV=1
R9BZU4/9-123         -            115 seed_msa             -            157   0.00023   20.0   0.0   1   1    0.0001   0.00033   19.5   0.0    28    74     5    49     1    58 0.76 tr|R9BZU4|R9BZU4_9BACI Globin OS=Bacillus nealsonii AAU1 OX=1202533 GN=A499_18946 PE=4 SV=1
A0A090IXB4/9-123     -            115 seed_msa             -            157   0.00023   20.0   0.0   1   1   0.00018   0.00059   18.7   0.0    29    69     6    48     2    59 0.76 tr|A0A090IXB4|A0A090IXB4_9BACI Globin OS=Bacillus thermoamylovorans OX=35841 GN=B4064_3085 PE=4 SV=1
A0A267TPW8/9-123     -            115 seed_msa             -            157   0.00023   20.0   0.0   1   1   0.00018   0.00059   18.7   0.0    29    69     6    48     2    59 0.76 tr|A0A267TPW8|A0A267TPW8_9BACI Globin OS=Bacillus hisashii OX=996558 GN=CEJ87_12030 PE=4 SV=1
A0A1H9QRL8/9-123     -            115 seed_msa             -            157   0.00023   20.0   0.0   1   1   0.00011   0.00036   19.4   0.0    27    70     4    49     1    53 0.89 tr|A0A1H9QRL8|A0A1H9QRL8_9BACI Hemoglobin OS=Psychrobacillus sp. OK032 OX=1884358 GN=SAMN05518872_101407 PE=4 SV=1
K5BIG5/3-115         -            113 seed_msa             -            157   0.00023   20.0   0.0   1   1   0.00019   0.00062   18.6   0.0    30   116    10    91     8   110 0.71 tr|K5BIG5|K5BIG5_MYCHD Group 1 truncated hemoglobin OS=Mycolicibacterium hassiacum (strain DSM 44199 / CIP 105218 / JCM 12690 / 3849) OX=1122247 GN=glbN PE=3 SV=1
A0A0J0V1M9/7-124     -            118 seed_msa             -            157   0.00023   20.0   0.0   1   1   0.00011   0.00034   19.5   0.0    29    70     9    52     7    71 0.90 tr|A0A0J0V1M9|A0A0J0V1M9_9BACI Globin OS=Geobacillus sp. T6 OX=1659191 GN=ABH20_17645 PE=4 SV=1
A0A226Q2T1/7-124     -            118 seed_msa             -            157   0.00023   20.0   0.0   1   1   0.00011   0.00034   19.5   0.0    29    70     9    52     7    71 0.90 tr|A0A226Q2T1|A0A226Q2T1_9BACI Globin OS=Geobacillus thermocatenulatus OX=33938 GN=GT3921_15290 PE=4 SV=1
A0A177L188/9-123     -            115 seed_msa             -            157   0.00023   20.0   0.0   1   1   0.00014   0.00045   19.1   0.0    29    73     6    48     3    58 0.74 tr|A0A177L188|A0A177L188_9BACI Globin OS=Domibacillus aminovorans OX=29332 GN=AWH48_14870 PE=4 SV=1
A0A1J4XAF6/3-118     -            116 seed_msa             -            157   0.00024   20.0   0.0   1   1   0.00011   0.00037   19.4   0.0    29    80     9    57     7    96 0.83 tr|A0A1J4XAF6|A0A1J4XAF6_9PROT Group 1 truncated hemoglobin OS=Proteobacteria bacterium CG1_02_64_396 OX=1805333 GN=AUJ55_09860 PE=3 SV=1
A0A177LFH0/9-123     -            115 seed_msa             -            157   0.00024   20.0   0.0   1   1   0.00014   0.00045   19.1   0.0    29    73     6    48     3    58 0.75 tr|A0A177LFH0|A0A177LFH0_9BACI Globin OS=Domibacillus aminovorans OX=29332 GN=AWH49_00145 PE=4 SV=1
A0A1B1S3K9/9-123     -            115 seed_msa             -            157   0.00024   20.0   0.0   1   1   9.3e-05    0.0003   19.6   0.0    27    70     4    49     1    60 0.88 tr|A0A1B1S3K9|A0A1B1S3K9_9BACL Globin OS=Planococcus versutus OX=1302659 GN=I858_012345 PE=4 SV=1
D0EZ97/9-103         -             95 seed_msa             -            157   0.00024   20.0   0.0   1   1   9.9e-05   0.00032   19.6   0.0    27    70     4    49     1    52 0.89 tr|D0EZ97|D0EZ97_BACAM YjbI (Fragment) OS=Bacillus amyloliquefaciens OX=1390 PE=4 SV=1
A0A1R1RQV4/9-123     -            115 seed_msa             -            157   0.00024   20.0   0.0   1   1    0.0001   0.00034   19.5   0.0    27    70     4    49     1    52 0.90 tr|A0A1R1RQV4|A0A1R1RQV4_9BACI Thiol management oxidoreductase OS=Bacillus haynesii OX=1925021 GN=BTA31_07615 PE=4 SV=1
A0A0N9YD40/3-115     -            113 seed_msa             -            157   0.00024   20.0   0.0   1   1   0.00018   0.00059   18.7   0.0    29    76     9    55     7    97 0.82 tr|A0A0N9YD40|A0A0N9YD40_MYCFO Group 1 truncated hemoglobin OS=Mycolicibacterium fortuitum OX=1766 GN=A5751_08975 PE=3 SV=1
A0A1R0UV17/3-115     -            113 seed_msa             -            157   0.00024   20.0   0.0   1   1   0.00012   0.00038   19.3   0.0    29    77     9    56     7   107 0.83 tr|A0A1R0UV17|A0A1R0UV17_9MYCO Group 1 truncated hemoglobin OS=Mycobacterium sp. GA-1841 OX=1834154 GN=A5740_14525 PE=3 SV=1
A0A2G5X7I8/9-123     -            115 seed_msa             -            157   0.00024   20.0   0.0   1   1   8.8e-05   0.00029   19.7   0.0    26    70     3    49     1    68 0.88 tr|A0A2G5X7I8|A0A2G5X7I8_9BACL Globin OS=Sporosarcina sp. P17b OX=2048260 GN=CSV76_16220 PE=4 SV=1
A0A158FWC5/29-140    -            112 seed_msa             -            157   0.00025   19.9   0.0   1   1    0.0001   0.00034   19.5   0.0    32    77    11    55     7    88 0.88 tr|A0A158FWC5|A0A158FWC5_9BURK Group 1 truncated hemoglobin GlbN OS=Caballeronia humi OX=326474 GN=glbN PE=4 SV=1
A0A158J451/29-140    -            112 seed_msa             -            157   0.00025   19.9   0.0   1   1    0.0001   0.00034   19.5   0.0    32    77    11    55     7    88 0.88 tr|A0A158J451|A0A158J451_9BURK Group 1 truncated hemoglobin GlbN OS=Caballeronia terrestris OX=1226301 GN=glbN PE=4 SV=1
A0A127D4W7/9-122     -            114 seed_msa             -            157   0.00025   19.9   0.0   1   1   0.00012   0.00038   19.3   0.0    29    70     6    49     2    61 0.92 tr|A0A127D4W7|A0A127D4W7_9BACI Globin OS=Bacillus simplex OX=1478 GN=UP17_06035 PE=4 SV=1
A0A239LZZ3/9-122     -            114 seed_msa             -            157   0.00025   19.9   0.0   1   1   0.00012   0.00038   19.3   0.0    29    70     6    49     2    61 0.92 tr|A0A239LZZ3|A0A239LZZ3_9BACI Hemoglobin OS=Bacillus sp. OK838 OX=1882762 GN=SAMN05444672_11677 PE=4 SV=1
A0A2H3LMA6/4-117     -            114 seed_msa             -            157   0.00025   19.9   0.2   1   1   0.00017   0.00055   18.8   0.2    29   117     9    93     5   110 0.88 tr|A0A2H3LMA6|A0A2H3LMA6_9BACI Group 1 truncated hemoglobin OS=Bacillus sp. AFS094228 OX=2033515 GN=CON84_03395 PE=3 SV=1
A0A1N7J7D9/7-123     -            117 seed_msa             -            157   0.00025   19.9   0.0   1   1    0.0001   0.00034   19.5   0.0    29    77     8    54     3    61 0.87 tr|A0A1N7J7D9|A0A1N7J7D9_9BACI Hemoglobin OS=Salimicrobium salexigens OX=908941 GN=SAMN05421758_101153 PE=4 SV=1
K2H7N2/7-123         -            117 seed_msa             -            157   0.00025   19.9   0.0   1   1    0.0001   0.00034   19.5   0.0    29    77     8    54     3    61 0.87 tr|K2H7N2|K2H7N2_9BACI Globin OS=Salimicrobium jeotgali OX=1230341 GN=MJ3_07638 PE=4 SV=1
A0A0D5NML2/5-117     -            113 seed_msa             -            157   0.00025   19.9   0.1   1   1   0.00025   0.00081   18.3   0.1    29   117     9    92     7   109 0.83 tr|A0A0D5NML2|A0A0D5NML2_9BACL Group 1 truncated hemoglobin OS=Paenibacillus beijingensis OX=1126833 GN=VN24_18720 PE=3 SV=1
A0A179SQ42/9-123     -            115 seed_msa             -            157   0.00025   19.9   0.0   1   1   0.00011   0.00035   19.4   0.0    27    70     4    49     1    57 0.89 tr|A0A179SQ42|A0A179SQ42_9BACI Uncharacterized protein OS=Bacillus litoralis OX=152268 GN=A6K24_07030 PE=4 SV=1
A0A2E2VSL5/4-117     -            114 seed_msa             -            157   0.00026   19.9   0.0   1   1    0.0001   0.00033   19.5   0.0    29   117     9    92     7   110 0.80 tr|A0A2E2VSL5|A0A2E2VSL5_9GAMM Group 1 truncated hemoglobin OS=Kangiellaceae bacterium OX=2026751 GN=CMF25_07080 PE=3 SV=1
A0A1I1I2K3/9-124     -            116 seed_msa             -            157   0.00026   19.9   0.0   1   1   0.00012   0.00038   19.3   0.0    30    70     8    50     6    60 0.90 tr|A0A1I1I2K3|A0A1I1I2K3_9BACI Hemoglobin OS=Bacillus sp. 491mf OX=1761755 GN=SAMN04488168_103180 PE=4 SV=1
A0A2A8SIP1/9-124     -            116 seed_msa             -            157   0.00026   19.9   0.0   1   1   0.00012   0.00038   19.3   0.0    30    70     8    50     6    60 0.90 tr|A0A2A8SIP1|A0A2A8SIP1_9BACI Globin OS=Bacillus sp. AFS018417 OX=2033491 GN=CN326_03415 PE=4 SV=1
A0A2A7G0U5/9-124     -            116 seed_msa             -            157   0.00026   19.9   0.0   1   1   0.00012   0.00038   19.3   0.0    30    70     8    50     6    60 0.90 tr|A0A2A7G0U5|A0A2A7G0U5_9BACI Globin OS=Bacillus pseudomycoides OX=64104 GN=CON64_19955 PE=4 SV=1
A0A1S1FZT0/9-123     -            115 seed_msa             -            157   0.00026   19.9   0.0   1   1   0.00011   0.00035   19.4   0.0    27    70     4    49     1    62 0.89 tr|A0A1S1FZT0|A0A1S1FZT0_9BACI Uncharacterized protein OS=Bacillus sp. HMSC76G11 OX=1608910 GN=HMPREF3291_21645 PE=4 SV=1
W9AXG7/2-114         -            113 seed_msa             -            157   0.00026   19.9   0.0   1   1   0.00018    0.0006   18.7   0.0    29    77     9    56     7   109 0.79 tr|W9AXG7|W9AXG7_9MYCO Group 1 truncated hemoglobin OS=Mycolicibacterium cosmeticum OX=258533 GN=BN977_02086 PE=3 SV=1
A0A2C3KGE0/9-124     -            116 seed_msa             -            157   0.00026   19.8   0.0   1   1   0.00012   0.00038   19.3   0.0    30    70     8    50     6    60 0.90 tr|A0A2C3KGE0|A0A2C3KGE0_9BACI Globin OS=Bacillus pseudomycoides OX=64104 GN=COE51_16990 PE=4 SV=1
A0A2C0Z5K7/6-118     -            113 seed_msa             -            157   0.00026   19.8   0.4   1   1   0.00014   0.00046   19.1   0.4    29   130     9   103     7   111 0.83 tr|A0A2C0Z5K7|A0A2C0Z5K7_9BACI Group 1 truncated hemoglobin OS=Bacillus sp. AFS041924 OX=2033503 GN=COC46_21075 PE=3 SV=1
A7GM87/9-124         -            116 seed_msa             -            157   0.00027   19.8   0.0   1   1   0.00012   0.00039   19.3   0.0    30    70     8    50     6    60 0.90 tr|A7GM87|A7GM87_BACCN Globin OS=Bacillus cytotoxicus (strain DSM 22905 / CIP 110041 / 391-98 / NVH 391-98) OX=315749 GN=Bcer98_0911 PE=4 SV=1
W4Q0Q4/9-124         -            116 seed_msa             -            157   0.00027   19.8   0.0   1   1   0.00012   0.00041   19.2   0.0    30    74     8    50     6    60 0.75 tr|W4Q0Q4|W4Q0Q4_9BACI Hemoglobin-like protein HbO OS=Bacillus wakoensis JCM 9140 OX=1236970 GN=JCM9140_1295 PE=4 SV=1
L0JT35/4-116         -            113 seed_msa             -            157   0.00027   19.8   0.0   1   1   0.00021   0.00069   18.5   0.0    29   120     9    95     7   113 0.78 tr|L0JT35|L0JT35_NATP1 Globin OS=Natrinema pellirubrum (strain DSM 15624 / CIP 106293 / JCM 10476 / NCIMB 786 / 157) OX=797303 GN=Natpe_3791 PE=4 SV=1
H0TRL7/11-129        -            119 seed_msa             -            157   0.00028   19.8   0.0   1   1   0.00021   0.00068   18.5   0.0    32    74    10    53     7    61 0.90 tr|H0TRL7|H0TRL7_9BRAD Putative hemoglobin protein (Truncated hemoglobin) OS=Bradyrhizobium sp. STM 3843 OX=551947 GN=BRAS3843_3020012 PE=4 SV=1
A0A1M8WX89/9-122     -            114 seed_msa             -            157   0.00028   19.8   0.0   1   1   0.00015   0.00049   19.0   0.0    29    70     6    49     3    58 0.88 tr|A0A1M8WX89|A0A1M8WX89_9MYCO Hemoglobin-like protein OS=Mycobacteroides abscessus subsp. abscessus OX=1185650 GN=glbO_1 PE=4 SV=1
A0A231WA89/9-123     -            115 seed_msa             -            157   0.00028   19.8   0.0   1   1   0.00013   0.00044   19.1   0.0    29    70     6    49     2    57 0.90 tr|A0A231WA89|A0A231WA89_9BACI Globin OS=Bacillus sp. OG2 OX=1979526 GN=B9K06_11090 PE=4 SV=1
Q2B8X7/9-123         -            115 seed_msa             -            157   0.00028   19.8   0.0   1   1   0.00013   0.00044   19.1   0.0    29    70     6    49     2    57 0.90 tr|Q2B8X7|Q2B8X7_9BACI Protozoan/cyanobacterial globin family protein OS=Bacillus sp. NRRL B-14911 OX=313627 GN=B14911_21348 PE=4 SV=1
U5L6K7/9-123         -            115 seed_msa             -            157   0.00028   19.8   0.0   1   1   0.00013   0.00044   19.1   0.0    29    70     6    49     2    57 0.90 tr|U5L6K7|U5L6K7_9BACI Globin OS=Bacillus infantis NRRL B-14911 OX=1367477 GN=N288_07695 PE=4 SV=1
A0A140E4Y5/7-122     -            116 seed_msa             -            157   0.00028   19.8   0.0   1   1   0.00011   0.00034   19.5   0.0    29   116     9    94     7   111 0.80 tr|A0A140E4Y5|A0A140E4Y5_9GAMM Group 1 truncated hemoglobin OS=Methylomonas denitrificans OX=1538553 GN=JT25_002960 PE=3 SV=1
A0A177M850/7-122     -            116 seed_msa             -            157   0.00028   19.8   0.0   1   1   0.00011   0.00034   19.5   0.0    29   116     9    94     7   111 0.80 tr|A0A177M850|A0A177M850_METMH Group 1 truncated hemoglobin OS=Methylomonas methanica OX=421 GN=A1353_06080 PE=3 SV=1
A0A2B7GT74/4-116     -            113 seed_msa             -            157   0.00028   19.7   0.0   1   1   0.00017   0.00057   18.8   0.0    29   117     9    92     7   113 0.80 tr|A0A2B7GT74|A0A2B7GT74_9EURY Group 1 truncated hemoglobin OS=Natrinema sp. CBA1119 OX=1608465 GN=CP556_06890 PE=4 SV=1
A0A1H3VMK4/6-123     -            118 seed_msa             -            157   0.00029   19.7   0.0   1   1   0.00013   0.00041   19.2   0.0    31    77    11    55     8    62 0.81 tr|A0A1H3VMK4|A0A1H3VMK4_9BACI Hemoglobin OS=Thalassobacillus cyri OX=571932 GN=SAMN05421743_10172 PE=4 SV=1
A0A1N7F5A3/4-116     -            113 seed_msa             -            157   0.00029   19.7   0.1   1   1   0.00019   0.00062   18.6   0.1    29    79     9    58     7   107 0.84 tr|A0A1N7F5A3|A0A1N7F5A3_9EURY Group 1 truncated hemoglobin OS=Haloterrigena daqingensis OX=588898 GN=BB347_13505 PE=4 SV=1
A0A062WYX3/2-114     -            113 seed_msa             -            157   0.00029   19.7   0.0   1   1   0.00023   0.00075   18.4   0.0    30   108    10    83     8    94 0.79 tr|A0A062WYX3|A0A062WYX3_9ACTN Group 1 truncated hemoglobin OS=Frankia sp. BMG5.23 OX=683305 GN=BMG523Draft_03618 PE=3 SV=1
A0A1X1MN65/2-114     -            113 seed_msa             -            157   0.00029   19.7   0.0   1   1   0.00023   0.00075   18.4   0.0    30   108    10    83     8    94 0.79 tr|A0A1X1MN65|A0A1X1MN65_9ACTN Group 1 truncated hemoglobin OS=Frankia sp. KB5 OX=683318 GN=KBI5_15250 PE=3 SV=1
Q2J9U9/2-114         -            113 seed_msa             -            157   0.00029   19.7   0.0   1   1   0.00023   0.00075   18.4   0.0    30   108    10    83     8    94 0.79 tr|Q2J9U9|Q2J9U9_FRACC Group 1 truncated hemoglobin OS=Frankia casuarinae (strain DSM 45818 / CECT 9043 / CcI3) OX=106370 GN=Francci3_2581 PE=3 SV=1
W9D027/2-114         -            113 seed_msa             -            157   0.00029   19.7   0.0   1   1   0.00023   0.00075   18.4   0.0    30   108    10    83     8    94 0.79 tr|W9D027|W9D027_9ACTN Group 1 truncated hemoglobin OS=Frankia sp. CcI6 OX=1352929 GN=CcI6DRAFT_04396 PE=3 SV=1
A0A061NP16/8-125     -            118 seed_msa             -            157   0.00029   19.7   0.0   1   1   0.00013   0.00043   19.2   0.0    29    74     9    52     7    59 0.89 tr|A0A061NP16|A0A061NP16_9BACL Hemoglobin-like protein HbO OS=Geomicrobium sp. JCM 19037 OX=1460634 GN=JCM19037_4317 PE=4 SV=1
A0A073KE67/9-124     -            116 seed_msa             -            157   0.00029   19.7   0.0   1   1   0.00014   0.00045   19.1   0.0    30    70     8    50     6    60 0.90 tr|A0A073KE67|A0A073KE67_9BACI Globin OS=Bacillus gaemokensis OX=574375 GN=BAGA_21210 PE=4 SV=1
A0A1H0EI34/7-124     -            118 seed_msa             -            157   0.00029   19.7   0.0   1   1   0.00013   0.00043   19.1   0.0    29    76     9    54     8    62 0.82 tr|A0A1H0EI34|A0A1H0EI34_9BACI Hemoglobin OS=Tenuibacillus multivorans OX=237069 GN=SAMN05216498_3163 PE=4 SV=1
A0A2I0FNF4/9-123     -            115 seed_msa             -            157   0.00029   19.7   0.0   1   1   0.00014   0.00044   19.1   0.0    27    70     4    49     1    53 0.89 tr|A0A2I0FNF4|A0A2I0FNF4_9BACL Globin OS=Planomicrobium sp. MB-3u-38 OX=2058318 GN=CXF70_02680 PE=4 SV=1
A0A1X1PUV7/2-114     -            113 seed_msa             -            157   0.00029   19.7   0.0   1   1   0.00023   0.00075   18.4   0.0    30   108    10    83     8    94 0.79 tr|A0A1X1PUV7|A0A1X1PUV7_FRACC Group 1 truncated hemoglobin OS=Frankia casuarinae (strain DSM 45818 / CECT 9043 / CcI3) OX=106370 GN=UK99_14810 PE=3 SV=1
A0A061P6H6/8-125     -            118 seed_msa             -            157    0.0003   19.7   0.0   1   1   0.00014   0.00044   19.1   0.0    29    74     9    52     7    59 0.87 tr|A0A061P6H6|A0A061P6H6_9BACL Hemoglobin-like protein HbO OS=Geomicrobium sp. JCM 19039 OX=1460636 GN=JCM19039_1584 PE=4 SV=1
A0A151AAP2/7-117     -            111 seed_msa             -            157    0.0003   19.7   0.0   1   1   0.00015    0.0005   18.9   0.0    29    79     8    57     6    72 0.86 tr|A0A151AAP2|A0A151AAP2_9EURY Bacterial-like globin OS=Halalkalicoccus paucihalophilus OX=1008153 GN=HAPAU_31450 PE=4 SV=1
A0A268A8N9/6-123     -            118 seed_msa             -            157    0.0003   19.7   0.0   1   1   0.00014   0.00045   19.1   0.0    30    77    10    55     8    62 0.84 tr|A0A268A8N9|A0A268A8N9_9BACI Globin OS=Terribacillus saccharophilus OX=361277 GN=CHH64_12905 PE=4 SV=1
A0A268HBC8/6-123     -            118 seed_msa             -            157    0.0003   19.7   0.0   1   1   0.00014   0.00045   19.1   0.0    30    77    10    55     8    62 0.84 tr|A0A268HBC8|A0A268HBC8_9BACI Globin OS=Terribacillus saccharophilus OX=361277 GN=CHI12_12830 PE=4 SV=1
A0A0B5X3Y9/9-122     -            114 seed_msa             -            157    0.0003   19.7   0.0   1   1   0.00013   0.00041   19.2   0.0    30    75     7    50     4    59 0.79 tr|A0A0B5X3Y9|A0A0B5X3Y9_BACCO Group 2 hemoglobin yjbI OS=Bacillus coagulans DSM 1 = ATCC 7050 OX=1121088 GN=yjbI PE=4 SV=1
A0A0M2STE4/9-123     -            115 seed_msa             -            157    0.0003   19.7   0.0   1   1   0.00015   0.00047   19.0   0.0    32    73     9    48     2    59 0.73 tr|A0A0M2STE4|A0A0M2STE4_9BACI Globin OS=Bacillus campisalis OX=1408103 GN=WQ57_16470 PE=4 SV=1
A0A0H3E1K7/9-123     -            115 seed_msa             -            157    0.0003   19.7   0.0   1   1   0.00013   0.00042   19.2   0.0    27    70     4    49     1    52 0.89 tr|A0A0H3E1K7|A0A0H3E1K7_BACA1 Putative thiol management oxidoreductase component OS=Bacillus atrophaeus (strain 1942) OX=720555 GN=BATR1942_03425 PE=4 SV=1
A0A063XGS7/9-123     -            115 seed_msa             -            157    0.0003   19.6   0.0   1   1   0.00013   0.00042   19.2   0.0    27    70     4    49     1    52 0.89 tr|A0A063XGS7|A0A063XGS7_BACIU Hemoglobin-like protein HbO OS=Bacillus subtilis OX=1423 GN=yjbI PE=4 SV=1
A0A0T8PPA5/9-123     -            115 seed_msa             -            157    0.0003   19.6   0.0   1   1   0.00013   0.00042   19.2   0.0    27    70     4    49     1    52 0.89 tr|A0A0T8PPA5|A0A0T8PPA5_STREE Truncated BHb OS=Streptococcus pneumoniae OX=1313 GN=yjbI PE=4 SV=1
A0A199WGB8/9-123     -            115 seed_msa             -            157    0.0003   19.6   0.0   1   1   0.00013   0.00042   19.2   0.0    27    70     4    49     1    52 0.89 tr|A0A199WGB8|A0A199WGB8_BACIU Group 2 truncated hemoglobin YjbI OS=Bacillus subtilis subsp. subtilis OX=135461 GN=yjbI PE=4 SV=1
A0A1J5X0I0/9-123     -            115 seed_msa             -            157    0.0003   19.6   0.0   1   1   0.00013   0.00042   19.2   0.0    27    70     4    49     1    52 0.89 tr|A0A1J5X0I0|A0A1J5X0I0_9BACI Thiol management oxidoreductase OS=Bacillus sp. FMQ74 OX=1913579 GN=BLL41_01390 PE=4 SV=1
D4FV30/9-123         -            115 seed_msa             -            157    0.0003   19.6   0.0   1   1   0.00013   0.00042   19.2   0.0    27    70     4    49     1    52 0.89 tr|D4FV30|D4FV30_BACNB Uncharacterized protein OS=Bacillus subtilis subsp. natto (strain BEST195) OX=645657 GN=yjbI PE=4 SV=1
G4EXT2/9-123         -            115 seed_msa             -            157    0.0003   19.6   0.0   1   1   0.00013   0.00042   19.2   0.0    27    70     4    49     1    52 0.89 tr|G4EXT2|G4EXT2_BACIU Uncharacterized protein OS=Bacillus subtilis subsp. subtilis str. SC-8 OX=1089443 GN=BSSC8_31620 PE=4 SV=1
I0F2U3/9-123         -            115 seed_msa             -            157    0.0003   19.6   0.0   1   1   0.00013   0.00042   19.2   0.0    27    70     4    49     1    52 0.89 tr|I0F2U3|I0F2U3_9BACI Thiol management oxidoreductase component OS=Bacillus sp. JS OX=1127744 GN=MY9_1261 PE=4 SV=1
L8AEZ6/9-123         -            115 seed_msa             -            157    0.0003   19.6   0.0   1   1   0.00013   0.00042   19.2   0.0    27    70     4    49     1    52 0.89 tr|L8AEZ6|L8AEZ6_BACIU Thiol management oxidoreductase component OS=Bacillus subtilis BEST7613 OX=1204343 GN=yjbI PE=4 SV=1
O31607/9-123         -            115 seed_msa             -            157    0.0003   19.6   0.0   1   1   0.00013   0.00042   19.2   0.0    27    70     4    49     1    52 0.89 sp|O31607|TRHBO_BACSU Group 2 truncated hemoglobin YjbI OS=Bacillus subtilis (strain 168) OX=224308 GN=yjbI PE=1 SV=1
U2AMN0/9-123         -            115 seed_msa             -            157    0.0003   19.6   0.0   1   1   0.00013   0.00042   19.2   0.0    27    70     4    49     1    52 0.89 tr|U2AMN0|U2AMN0_9BACI Thiol management oxidoreductase OS=Bacillus sp. EGD-AK10 OX=1386080 GN=N880_03500 PE=4 SV=1
A0A1U6KVW8/9-122     -            114 seed_msa             -            157    0.0003   19.6   0.0   1   1   0.00013   0.00041   19.2   0.0    28    75     5    50     1    60 0.77 tr|A0A1U6KVW8|A0A1U6KVW8_9MYCO Hemoglobin-like protein OS=Mycobacteroides abscessus subsp. abscessus OX=1185650 GN=glbO_1 PE=4 SV=1
A0A0D5D500/9-123     -            115 seed_msa             -            157   0.00031   19.6   0.0   1   1   0.00013   0.00042   19.2   0.0    27    70     4    49     1    52 0.89 tr|A0A0D5D500|A0A0D5D500_9BACI Thiol management oxidoreductase OS=Bacillus intestinalis OX=1963032 GN=AX282_11825 PE=4 SV=1
A0A0K6KCS5/9-123     -            115 seed_msa             -            157   0.00031   19.6   0.0   1   1   0.00013   0.00042   19.2   0.0    27    70     4    49     1    52 0.89 tr|A0A0K6KCS5|A0A0K6KCS5_BACCE Group 2 truncated hemoglobin YjbI OS=Bacillus cereus OX=1396 GN=yjbI_2 PE=4 SV=1
A0A0M0L185/9-123     -            115 seed_msa             -            157   0.00031   19.6   0.0   1   1   0.00013   0.00042   19.2   0.0    27    70     4    49     1    52 0.89 tr|A0A0M0L185|A0A0M0L185_9BACL Thiol management oxidoreductase OS=Jeotgalibacillus marinus OX=86667 GN=AMC98_01430 PE=4 SV=1
A0A1Q9G1W0/9-123     -            115 seed_msa             -            157   0.00031   19.6   0.0   1   1   0.00013   0.00042   19.2   0.0    27    70     4    49     1    52 0.89 tr|A0A1Q9G1W0|A0A1Q9G1W0_BACLI Thiol management oxidoreductase OS=Bacillus licheniformis OX=1402 GN=BHT94_01480 PE=4 SV=1
A0A2A2VXI9/9-123     -            115 seed_msa             -            157   0.00031   19.6   0.0   1   1   0.00013   0.00042   19.2   0.0    27    70     4    49     1    52 0.89 tr|A0A2A2VXI9|A0A2A2VXI9_9BACI Thiol management oxidoreductase OS=Bacillus sp. 7705b OX=2028568 GN=CJU60_09255 PE=4 SV=1
E0TZJ7/9-123         -            115 seed_msa             -            157   0.00031   19.6   0.0   1   1   0.00013   0.00042   19.2   0.0    27    70     4    49     1    52 0.89 tr|E0TZJ7|E0TZJ7_BACPZ Putative thiol management oxidoreductase component OS=Bacillus subtilis subsp. spizizenii (strain ATCC 23059 / NRRL B-14472 / W23) OX=655816 GN=yjbI PE=4 SV=1
G4NWF8/9-123         -            115 seed_msa             -            157   0.00031   19.6   0.0   1   1   0.00013   0.00042   19.2   0.0    27    70     4    49     1    52 0.89 tr|G4NWF8|G4NWF8_BACPT YjbI OS=Bacillus subtilis subsp. spizizenii (strain TU-B-10) OX=1052585 GN=GYO_1461 PE=4 SV=1
M4KRT1/9-123         -            115 seed_msa             -            157   0.00031   19.6   0.0   1   1   0.00013   0.00042   19.2   0.0    27    70     4    49     1    52 0.89 tr|M4KRT1|M4KRT1_BACIU Putative thiol management oxidoreductase component OS=Bacillus subtilis XF-1 OX=1233100 GN=yjbI PE=4 SV=1
A0A2G5WRI0/9-123     -            115 seed_msa             -            157   0.00031   19.6   0.0   1   1   0.00011   0.00036   19.4   0.0    27    71     4    50     1    68 0.89 tr|A0A2G5WRI0|A0A2G5WRI0_9BACL Globin OS=Sporosarcina sp. P16a OX=2048262 GN=CSV78_12270 PE=4 SV=1
A0A0C2QDR2/3-116     -            114 seed_msa             -            157   0.00031   19.6   0.1   1   1   0.00014   0.00045   19.1   0.1    30   114    10    89     8   112 0.80 tr|A0A0C2QDR2|A0A0C2QDR2_9CYAN Group 1 truncated hemoglobin OS=Tolypothrix campylonemoides VB511288 OX=1245935 GN=SD81_19055 PE=3 SV=1
F8D2Z8/4-116         -            113 seed_msa             -            157   0.00031   19.6   0.2   1   1   0.00017   0.00057   18.8   0.2    29   117     9    92     7   109 0.70 tr|F8D2Z8|F8D2Z8_HALXS Globin OS=Halopiger xanaduensis (strain DSM 18323 / JCM 14033 / SH-6) OX=797210 GN=Halxa_1515 PE=4 SV=1
A0A1H6G310/4-116     -            113 seed_msa             -            157   0.00031   19.6   0.1   1   1    0.0002   0.00066   18.5   0.1    29    78     9    57     7   107 0.83 tr|A0A1H6G310|A0A1H6G310_9EURY Hemoglobin OS=Natronorubrum sediminis OX=640943 GN=SAMN04487967_3202 PE=4 SV=1
Q5UZ01/5-117         -            113 seed_msa             -            157   0.00031   19.6   0.0   1   1   0.00014   0.00045   19.1   0.0    30    79    10    58     8   104 0.93 tr|Q5UZ01|Q5UZ01_HALMA Cyanoglobin OS=Haloarcula marismortui (strain ATCC 43049 / DSM 3752 / JCM 8966 / VKM B-1809) OX=272569 GN=glbN PE=4 SV=1
A0A268DZK5/9-123     -            115 seed_msa             -            157   0.00031   19.6   0.0   1   1   0.00013   0.00041   19.2   0.0    29    70     6    49     1    60 0.89 tr|A0A268DZK5|A0A268DZK5_9BACI Thiol management oxidoreductase OS=Bacillus sp. 7586-K OX=2021690 GN=CHH83_24610 PE=4 SV=1
A0A1I1FF50/9-122     -            114 seed_msa             -            157   0.00032   19.6   0.0   1   1   0.00015    0.0005   19.0   0.0    31    70     8    49     3    52 0.91 tr|A0A1I1FF50|A0A1I1FF50_9BACI Hemoglobin OS=Bacillus sp. OV322 OX=1882764 GN=SAMN05443252_101290 PE=4 SV=1
A0A1S2QR08/9-122     -            114 seed_msa             -            157   0.00032   19.6   0.0   1   1   0.00015    0.0005   19.0   0.0    31    70     8    49     3    52 0.91 tr|A0A1S2QR08|A0A1S2QR08_9BACI Globin OS=Bacillus sp. MUM 13 OX=1678001 GN=BIV59_19690 PE=4 SV=1
A0A1A8ZBH6/12-113    -            102 seed_msa             -            157   0.00032   19.6   0.0   1   1    0.0031      0.01   14.7   0.0    29    63     8    45     6    53 0.81 tr|A0A1A8ZBH6|A0A1A8ZBH6_9ACTN Group 1 truncated hemoglobin OS=Micromonospora auratinigra OX=261654 GN=GA0070611_1581 PE=3 SV=1
A0A2A4MT60/4-113     -            110 seed_msa             -            157   0.00032   19.6   0.0   1   1   0.00012   0.00038   19.3   0.0    29    77     9    56     7    97 0.78 tr|A0A2A4MT60|A0A2A4MT60_9GAMM Group 1 truncated hemoglobin OS=Gammaproteobacteria bacterium OX=1913989 GN=COC04_05025 PE=3 SV=1
A0A177MG64/11-125    -            115 seed_msa             -            157   0.00032   19.6   0.0   1   1   0.00034    0.0011   17.8   0.0    29    66     9    49     7    53 0.92 tr|A0A177MG64|A0A177MG64_METMH Group 1 truncated hemoglobin OS=Methylomonas methanica OX=421 GN=A1353_13770 PE=3 SV=1
W8AB33/10-125        -            116 seed_msa             -            157   0.00032   19.6   0.0   1   1   0.00012   0.00039   19.3   0.0    30    84     8    62     6    97 0.83 tr|W8AB33|W8AB33_9BACI Hemoglobin-like protein HbO OS=Bacillus sp. JCM 19047 OX=1460641 GN=JCM19047_3254 PE=4 SV=1
A0A1Q2L0C4/9-123     -            115 seed_msa             -            157   0.00032   19.6   0.0   1   1   0.00013   0.00042   19.2   0.0    27    71     4    50     1    68 0.84 tr|A0A1Q2L0C4|A0A1Q2L0C4_9BACL Globin OS=Planococcus sp. Y42 OX=2213202 GN=B0X71_12925 PE=4 SV=1
A0A2A5QZ57/4-116     -            113 seed_msa             -            157   0.00033   19.5   0.0   1   1   0.00023   0.00077   18.3   0.0    29   117     9    92     4   113 0.77 tr|A0A2A5QZ57|A0A2A5QZ57_9EURY Group 1 truncated hemoglobin OS=Natrinema ejinorense OX=373386 GN=CP557_16870 PE=4 SV=1
A0A2G5ZB62/9-123     -            115 seed_msa             -            157   0.00033   19.5   0.0   1   1   0.00012   0.00039   19.3   0.0    27    71     4    50     1    68 0.89 tr|A0A2G5ZB62|A0A2G5ZB62_9BACL Globin OS=Sporosarcina sp. P29 OX=2048252 GN=CSV68_15520 PE=4 SV=1
A0A1I6HLP4/13-133    -            121 seed_msa             -            157   0.00033   19.5   0.1   1   1   0.00013   0.00041   19.2   0.1    29   121     9   106     7   120 0.88 tr|A0A1I6HLP4|A0A1I6HLP4_9GAMM Hemoglobin OS=Idiomarina maritima OX=519453 GN=SAMN04488070_1918 PE=4 SV=1
A0A0T6BNN9/9-123     -            115 seed_msa             -            157   0.00033   19.5   0.0   1   1   0.00014   0.00047   19.0   0.0    27    70     4    49     1    52 0.90 tr|A0A0T6BNN9|A0A0T6BNN9_9BACI Group 2 truncated hemoglobin YjbI OS=Bacillus glycinifermentans OX=1664069 GN=yjbI PE=4 SV=1
A0A2G8BB13/15-126    -            112 seed_msa             -            157   0.00033   19.5   0.0   1   1   0.00022   0.00073   18.4   0.0    30   114     9    88     7   108 0.73 tr|A0A2G8BB13|A0A2G8BB13_9MYCO Group 1 truncated hemoglobin OS=Mycobacterium heckeshornense OX=110505 GN=ACT16_17305 PE=3 SV=1
A0A1X6PT85/9-124     -            116 seed_msa             -            157   0.00034   19.5   0.0   1   1   0.00015    0.0005   18.9   0.0    31    70     9    50     6    60 0.90 tr|A0A1X6PT85|A0A1X6PT85_BACMY Uncharacterized protein OS=Bacillus mycoides OX=1405 GN=S3E15_00821 PE=4 SV=1
A0A1G9Z0H3/9-123     -            115 seed_msa             -            157   0.00034   19.5   0.0   1   1   0.00014   0.00047   19.0   0.0    29    70     6    49     1    51 0.83 tr|A0A1G9Z0H3|A0A1G9Z0H3_9BACI Hemoglobin OS=Bacillus sp. OK048 OX=1882761 GN=SAMN05443253_108216 PE=4 SV=1
A0A1S1YL00/9-122     -            114 seed_msa             -            157   0.00034   19.5   0.0   1   1   0.00016   0.00052   18.9   0.0    28    70     5    49     2    57 0.86 tr|A0A1S1YL00|A0A1S1YL00_9BACI Globin OS=Bacillus oceanisediminis OX=665099 GN=BBV17_14290 PE=4 SV=1
A0A2A7GZP9/9-124     -            116 seed_msa             -            157   0.00035   19.5   0.0   1   1   0.00015    0.0005   18.9   0.0    31    70     9    50     6    60 0.89 tr|A0A2A7GZP9|A0A2A7GZP9_9BACI Globin OS=Bacillus sp. AFS098217 OX=2033868 GN=COO03_16390 PE=4 SV=1
A0A2A7K5H9/9-124     -            116 seed_msa             -            157   0.00035   19.5   0.0   1   1   0.00015    0.0005   18.9   0.0    31    70     9    50     6    60 0.89 tr|A0A2A7K5H9|A0A2A7K5H9_9BACI Globin OS=Bacillus pseudomycoides OX=64104 GN=CON65_14140 PE=4 SV=1
A0A2H3PZD0/9-124     -            116 seed_msa             -            157   0.00035   19.5   0.0   1   1   0.00015    0.0005   18.9   0.0    31    70     9    50     6    60 0.89 tr|A0A2H3PZD0|A0A2H3PZD0_9BACI Globin OS=Bacillus sp. AFS019443 OX=2034279 GN=CN524_03235 PE=4 SV=1
R8CSQ6/4-119         -            116 seed_msa             -            157   0.00035   19.5   0.0   1   1   0.00015    0.0005   18.9   0.0    31    70     9    50     6    60 0.90 tr|R8CSQ6|R8CSQ6_BACCE Group 2 hemoglobin yjbI OS=Bacillus cereus HuA2-9 OX=1053204 GN=IG9_03826 PE=4 SV=1
A0A285D2X8/9-122     -            114 seed_msa             -            157   0.00035   19.5   0.0   1   1   0.00018   0.00058   18.7   0.0    29    70     6    49     2    58 0.91 tr|A0A285D2X8|A0A285D2X8_9BACI Hemoglobin OS=Bacillus oleivorans OX=1448271 GN=SAMN05877753_108193 PE=4 SV=1
A0A2A8X6F2/9-124     -            116 seed_msa             -            157   0.00035   19.5   0.0   1   1   0.00015    0.0005   18.9   0.0    31    70     9    50     6    60 0.90 tr|A0A2A8X6F2|A0A2A8X6F2_BACCE Globin OS=Bacillus cereus OX=1396 GN=CN296_13520 PE=4 SV=1
A0A1D3N3Z9/9-124     -            116 seed_msa             -            157   0.00035   19.5   0.0   1   1   0.00015    0.0005   18.9   0.0    31    70     9    50     6    60 0.90 tr|A0A1D3N3Z9|A0A1D3N3Z9_BACMY Group 2 hemoglobin yjbI OS=Bacillus mycoides OX=1405 GN=BWINRASL_01095 PE=4 SV=1
A0A084J4T9/9-124     -            116 seed_msa             -            157   0.00035   19.4   0.0   1   1   0.00015    0.0005   18.9   0.0    31    70     9    50     6    60 0.90 tr|A0A084J4T9|A0A084J4T9_BACMY Globin OS=Bacillus mycoides OX=1405 GN=yjbI PE=4 SV=1
A0A0B5SDS3/4-119     -            116 seed_msa             -            157   0.00035   19.4   0.0   1   1   0.00015    0.0005   18.9   0.0    31    70     9    50     6    60 0.90 tr|A0A0B5SDS3|A0A0B5SDS3_BACMY Group 2 hemoglobin yjbI OS=Bacillus mycoides OX=1405 GN=yjbI PE=4 SV=1
A0A150C2C5/9-124     -            116 seed_msa             -            157   0.00035   19.4   0.0   1   1   0.00015    0.0005   18.9   0.0    31    70     9    50     6    60 0.90 tr|A0A150C2C5|A0A150C2C5_BACCE Globin OS=Bacillus cereus OX=1396 GN=AT269_10235 PE=4 SV=1
A0A1H3W818/9-124     -            116 seed_msa             -            157   0.00035   19.4   0.0   1   1   0.00015    0.0005   18.9   0.0    31    70     9    50     6    60 0.90 tr|A0A1H3W818|A0A1H3W818_9BACI Hemoglobin OS=Bacillus sp. 112mf OX=1761752 GN=SAMN04488146_101222 PE=4 SV=1
A0A1I5ZG03/4-119     -            116 seed_msa             -            157   0.00035   19.4   0.0   1   1   0.00015    0.0005   18.9   0.0    31    70     9    50     6    60 0.90 tr|A0A1I5ZG03|A0A1I5ZG03_9BACI Hemoglobin OS=Bacillus sp. ok634 OX=1761767 GN=SAMN04487920_102190 PE=4 SV=1
A0A1V9W286/9-124     -            116 seed_msa             -            157   0.00035   19.4   0.0   1   1   0.00015    0.0005   18.9   0.0    31    70     9    50     6    60 0.90 tr|A0A1V9W286|A0A1V9W286_9BACI Globin OS=Bacillus sp. CDB3 OX=360310 GN=CDB3_18605 PE=4 SV=1
A0A243A2Z9/9-124     -            116 seed_msa             -            157   0.00035   19.4   0.0   1   1   0.00015    0.0005   18.9   0.0    31    70     9    50     6    60 0.90 tr|A0A243A2Z9|A0A243A2Z9_BACTU Globin OS=Bacillus thuringiensis serovar navarrensis OX=339658 GN=BK732_30345 PE=4 SV=1
A9VJ65/9-124         -            116 seed_msa             -            157   0.00035   19.4   0.0   1   1   0.00015    0.0005   18.9   0.0    31    70     9    50     6    60 0.90 tr|A9VJ65|A9VJ65_BACMK Globin OS=Bacillus mycoides (strain KBAB4) OX=315730 GN=BcerKBAB4_1105 PE=4 SV=1
C2SGU0/9-124         -            116 seed_msa             -            157   0.00035   19.4   0.0   1   1   0.00015    0.0005   18.9   0.0    31    70     9    50     6    60 0.90 tr|C2SGU0|C2SGU0_BACCE Globin OS=Bacillus cereus BDRD-ST196 OX=526976 GN=bcere0014_10370 PE=4 SV=1
C2Z4H7/9-124         -            116 seed_msa             -            157   0.00035   19.4   0.0   1   1   0.00015    0.0005   18.9   0.0    31    70     9    50     6    60 0.90 tr|C2Z4H7|C2Z4H7_BACCE Globin OS=Bacillus cereus AH1272 OX=526993 GN=bcere0029_11080 PE=4 SV=1
J7W409/9-124         -            116 seed_msa             -            157   0.00035   19.4   0.0   1   1   0.00015    0.0005   18.9   0.0    31    70     9    50     6    60 0.90 tr|J7W409|J7W409_BACCE Group 2 hemoglobin yjbI OS=Bacillus cereus VD142 OX=718224 GN=IC3_02058 PE=4 SV=1
J7X8F8/9-124         -            116 seed_msa             -            157   0.00035   19.4   0.0   1   1   0.00015    0.0005   18.9   0.0    31    70     9    50     6    60 0.90 tr|J7X8F8|J7X8F8_BACCE Group 2 hemoglobin yjbI OS=Bacillus cereus BAG3X2-1 OX=1053183 GN=IE3_04224 PE=4 SV=1
J8A432/9-124         -            116 seed_msa             -            157   0.00035   19.4   0.0   1   1   0.00015    0.0005   18.9   0.0    31    70     9    50     6    60 0.90 tr|J8A432|J8A432_BACCE Group 2 hemoglobin yjbI OS=Bacillus cereus HuA4-10 OX=1053206 GN=IGC_04278 PE=4 SV=1
J8AGB5/9-124         -            116 seed_msa             -            157   0.00035   19.4   0.0   1   1   0.00015    0.0005   18.9   0.0    31    70     9    50     6    60 0.90 tr|J8AGB5|J8AGB5_BACCE Group 2 hemoglobin yjbI OS=Bacillus cereus BAG5X1-1 OX=1053189 GN=IEE_04019 PE=4 SV=1
J8BR11/9-124         -            116 seed_msa             -            157   0.00035   19.4   0.0   1   1   0.00015    0.0005   18.9   0.0    31    70     9    50     6    60 0.90 tr|J8BR11|J8BR11_BACCE Group 2 hemoglobin yjbI OS=Bacillus cereus BAG6X1-2 OX=1053195 GN=IEQ_00950 PE=4 SV=1
J8DC70/4-119         -            116 seed_msa             -            157   0.00035   19.4   0.0   1   1   0.00015    0.0005   18.9   0.0    31    70     9    50     6    60 0.90 tr|J8DC70|J8DC70_BACCE Group 2 hemoglobin yjbI OS=Bacillus cereus HuA2-4 OX=1053203 GN=IG7_01028 PE=4 SV=1
J8EH40/9-124         -            116 seed_msa             -            157   0.00035   19.4   0.0   1   1   0.00015    0.0005   18.9   0.0    31    70     9    50     6    60 0.90 tr|J8EH40|J8EH40_BACCE Group 2 hemoglobin yjbI OS=Bacillus cereus VD048 OX=1053226 GN=IIG_03637 PE=4 SV=1
J8F0B1/9-124         -            116 seed_msa             -            157   0.00035   19.4   0.0   1   1   0.00015    0.0005   18.9   0.0    31    70     9    50     6    60 0.90 tr|J8F0B1|J8F0B1_BACCE Group 2 hemoglobin yjbI OS=Bacillus cereus MC67 OX=1053219 GN=II3_01169 PE=4 SV=1
J8QWZ1/9-124         -            116 seed_msa             -            157   0.00035   19.4   0.0   1   1   0.00015    0.0005   18.9   0.0    31    70     9    50     6    60 0.90 tr|J8QWZ1|J8QWZ1_BACCE Group 2 hemoglobin yjbI OS=Bacillus cereus BAG1X1-3 OX=1053172 GN=ICG_04270 PE=4 SV=1
J9ABI0/9-124         -            116 seed_msa             -            157   0.00035   19.4   0.0   1   1   0.00015    0.0005   18.9   0.0    31    70     9    50     6    60 0.90 tr|J9ABI0|J9ABI0_BACCE Group 2 hemoglobin yjbI OS=Bacillus cereus BAG6O-2 OX=1053193 GN=IEM_04120 PE=4 SV=1
J9CV31/4-119         -            116 seed_msa             -            157   0.00035   19.4   0.0   1   1   0.00015    0.0005   18.9   0.0    31    70     9    50     6    60 0.90 tr|J9CV31|J9CV31_BACCE Group 2 hemoglobin yjbI OS=Bacillus cereus HuA2-1 OX=1053201 GN=IG3_00616 PE=4 SV=1
R8DDG1/4-119         -            116 seed_msa             -            157   0.00035   19.4   0.0   1   1   0.00015    0.0005   18.9   0.0    31    70     9    50     6    60 0.90 tr|R8DDG1|R8DDG1_BACCE Group 2 hemoglobin yjbI OS=Bacillus cereus HuA3-9 OX=1053205 GN=IGA_01096 PE=4 SV=1
R8HRX8/4-119         -            116 seed_msa             -            157   0.00035   19.4   0.0   1   1   0.00015    0.0005   18.9   0.0    31    70     9    50     6    60 0.90 tr|R8HRX8|R8HRX8_BACCE Group 2 hemoglobin yjbI OS=Bacillus cereus VD021 OX=1053224 GN=IIC_02150 PE=4 SV=1
R8I2X2/9-124         -            116 seed_msa             -            157   0.00035   19.4   0.0   1   1   0.00015    0.0005   18.9   0.0    31    70     9    50     6    60 0.90 tr|R8I2X2|R8I2X2_BACCE Group 2 hemoglobin yjbI OS=Bacillus cereus BAG1O-1 OX=1053167 GN=IC7_00495 PE=4 SV=1
R8KD43/9-124         -            116 seed_msa             -            157   0.00035   19.4   0.0   1   1   0.00015    0.0005   18.9   0.0    31    70     9    50     6    60 0.90 tr|R8KD43|R8KD43_BACCE Group 2 hemoglobin yjbI OS=Bacillus cereus MC118 OX=1053218 GN=II1_04202 PE=4 SV=1
R8N7Z9/4-119         -            116 seed_msa             -            157   0.00035   19.4   0.0   1   1   0.00015    0.0005   18.9   0.0    31    70     9    50     6    60 0.90 tr|R8N7Z9|R8N7Z9_BACCE Group 2 hemoglobin yjbI OS=Bacillus cereus VD146 OX=1053236 GN=IK1_00482 PE=4 SV=1
R8PG32/9-124         -            116 seed_msa             -            157   0.00035   19.4   0.0   1   1   0.00015    0.0005   18.9   0.0    31    70     9    50     6    60 0.90 tr|R8PG32|R8PG32_BACCE Group 2 hemoglobin yjbI OS=Bacillus cereus VDM053 OX=1053249 GN=IKQ_00725 PE=4 SV=1
R8QNT4/9-124         -            116 seed_msa             -            157   0.00035   19.4   0.0   1   1   0.00015    0.0005   18.9   0.0    31    70     9    50     6    60 0.90 tr|R8QNT4|R8QNT4_BACCE Group 2 hemoglobin yjbI OS=Bacillus cereus VD118 OX=1053231 GN=IIQ_00214 PE=4 SV=1
A0A0J6LDU6/9-124     -            116 seed_msa             -            157   0.00035   19.4   0.0   1   1   0.00015    0.0005   18.9   0.0    31    70     9    50     6    60 0.90 tr|A0A0J6LDU6|A0A0J6LDU6_9BACI Globin OS=Bacillus sp. LK2 OX=1628206 GN=VK90_00780 PE=4 SV=1
A0A1J9UTN2/9-124     -            116 seed_msa             -            157   0.00035   19.4   0.0   1   1   0.00015    0.0005   18.9   0.0    31    70     9    50     6    60 0.90 tr|A0A1J9UTN2|A0A1J9UTN2_9BACI Globin OS=Bacillus paramycoides OX=2026194 GN=BAU28_21715 PE=4 SV=1
A0A2A8Z4Q4/9-124     -            116 seed_msa             -            157   0.00035   19.4   0.0   1   1   0.00015    0.0005   18.9   0.0    31    70     9    50     6    60 0.90 tr|A0A2A8Z4Q4|A0A2A8Z4Q4_BACCE Globin OS=Bacillus cereus OX=1396 GN=CN285_09985 PE=4 SV=1
A0A2C0D634/9-124     -            116 seed_msa             -            157   0.00035   19.4   0.0   1   1   0.00015    0.0005   18.9   0.0    31    70     9    50     6    60 0.90 tr|A0A2C0D634|A0A2C0D634_BACCE Globin OS=Bacillus cereus OX=1396 GN=CN997_01835 PE=4 SV=1
J8K3W0/9-124         -            116 seed_msa             -            157   0.00035   19.4   0.0   1   1   0.00015    0.0005   18.9   0.0    31    70     9    50     6    60 0.90 tr|J8K3W0|J8K3W0_BACCE Group 2 hemoglobin yjbI OS=Bacillus cereus VD107 OX=1053229 GN=IIM_00422 PE=4 SV=1
A0A1C6U4X3/12-110    -             99 seed_msa             -            157   0.00035   19.4   0.0   1   1   0.00053    0.0017   17.2   0.0    29    63     8    45     6    93 0.72 tr|A0A1C6U4X3|A0A1C6U4X3_9ACTN Group 1 truncated hemoglobin OS=Micromonospora chersina OX=47854 GN=GA0070603_0678 PE=3 SV=1
A0A0C2UUU6/7-119     -            113 seed_msa             -            157   0.00035   19.4   0.0   1   1   0.00023   0.00073   18.4   0.0    31   108    11    83     8    95 0.79 tr|A0A0C2UUU6|A0A0C2UUU6_9BACL Group 1 truncated hemoglobin OS=Paenibacillus sp. VKM B-2647 OX=1590651 GN=SD70_12315 PE=3 SV=1
A0A1H9TDL7/7-123     -            117 seed_msa             -            157   0.00036   19.4   0.0   1   1   0.00017   0.00054   18.8   0.0    29    77     8    54     3    63 0.83 tr|A0A1H9TDL7|A0A1H9TDL7_9BACI Hemoglobin OS=Salipaludibacillus aurantiacus OX=1601833 GN=SAMN05518684_105267 PE=4 SV=1
A0A2B9DST9/9-124     -            116 seed_msa             -            157   0.00036   19.4   0.0   1   1   0.00016   0.00051   18.9   0.0    31    70     9    50     6    60 0.90 tr|A0A2B9DST9|A0A2B9DST9_BACCE Globin OS=Bacillus cereus OX=1396 GN=CN958_19595 PE=4 SV=1
A0A0U0BXT6/9-123     -            115 seed_msa             -            157   0.00036   19.4   0.0   1   1   0.00016   0.00051   18.9   0.0    27    70     4    49     1    52 0.89 tr|A0A0U0BXT6|A0A0U0BXT6_STREE Truncated BHb OS=Streptococcus pneumoniae OX=1313 GN=yjbI PE=4 SV=1
A0A1N7D338/9-123     -            115 seed_msa             -            157   0.00036   19.4   0.0   1   1   0.00016   0.00051   18.9   0.0    27    70     4    49     1    52 0.89 tr|A0A1N7D338|A0A1N7D338_9BACI Hemoglobin OS=Bacillus sp. RUPDJ OX=1907305 GN=SAMN05880571_0291 PE=4 SV=1
A0A2G7TSL3/9-123     -            115 seed_msa             -            157   0.00036   19.4   0.0   1   1   0.00016   0.00051   18.9   0.0    27    70     4    49     1    52 0.89 tr|A0A2G7TSL3|A0A2G7TSL3_9BACI Thiol management oxidoreductase OS=Bacillus velezensis OX=492670 GN=BMJ37_05865 PE=4 SV=1
A0A2H6MIP1/9-123     -            115 seed_msa             -            157   0.00036   19.4   0.0   1   1   0.00016   0.00051   18.9   0.0    27    70     4    49     1    52 0.89 tr|A0A2H6MIP1|A0A2H6MIP1_BACAM Hemoglobin OS=Bacillus amyloliquefaciens OX=1390 GN=C1T26_03620 PE=4 SV=1
A7Z3E5/9-123         -            115 seed_msa             -            157   0.00036   19.4   0.0   1   1   0.00016   0.00051   18.9   0.0    27    70     4    49     1    52 0.89 tr|A7Z3E5|A7Z3E5_BACVZ Thiol management oxidoreductase OS=Bacillus velezensis (strain DSM 23117 / BGSC 10A6 / FZB42) OX=326423 GN=RBAM_011570 PE=4 SV=1
S6FE60/9-123         -            115 seed_msa             -            157   0.00036   19.4   0.0   1   1   0.00016   0.00051   18.9   0.0    27    70     4    49     1    52 0.89 tr|S6FE60|S6FE60_9BACI Putative thiol management oxidoreductase component OS=Bacillus velezensis UCMB5033 OX=1338518 GN=yjbI PE=4 SV=1
W4VN69/13-130        -            118 seed_msa             -            157   0.00036   19.4   0.0   1   1   0.00016   0.00052   18.9   0.0    29    76     9    54     7    62 0.80 tr|W4VN69|W4VN69_9BACI Hemoglobin-like protein HbO OS=Gracilibacillus boraciitolerans JCM 21714 OX=1298598 GN=JCM21714_3432 PE=4 SV=1
A0A0X8KER6/9-123     -            115 seed_msa             -            157   0.00036   19.4   0.0   1   1   0.00016   0.00051   18.9   0.0    27    70     4    49     1    52 0.89 tr|A0A0X8KER6|A0A0X8KER6_9BACI Thiol management oxidoreductase OS=Bacillus sp. SDLI1 OX=1774743 GN=AUL54_04845 PE=4 SV=1
A0A268DVT7/9-123     -            115 seed_msa             -            157   0.00036   19.4   0.0   1   1   0.00016   0.00051   18.9   0.0    27    70     4    49     1    52 0.89 tr|A0A268DVT7|A0A268DVT7_9BACI Thiol management oxidoreductase OS=Bacillus siamensis OX=659243 GN=CHH79_03820 PE=4 SV=1
A0A2G1X6P4/5-115     -            111 seed_msa             -            157   0.00036   19.4   0.0   1   1   0.00017   0.00054   18.8   0.0    31   117    11    92     8   108 0.78 tr|A0A2G1X6P4|A0A2G1X6P4_9EURY Group 1 truncated hemoglobin OS=Halorubrum sp. C3 OX=1483399 GN=DJ68_05365 PE=4 SV=1
M0D6F5/5-115         -            111 seed_msa             -            157   0.00036   19.4   0.0   1   1   0.00017   0.00054   18.8   0.0    31   117    11    92     8   108 0.78 tr|M0D6F5|M0D6F5_9EURY Globin OS=Halorubrum terrestre JCM 10247 OX=1227486 GN=C473_11860 PE=4 SV=1
M0NT80/5-115         -            111 seed_msa             -            157   0.00036   19.4   0.0   1   1   0.00017   0.00054   18.8   0.0    31   117    11    92     8   108 0.78 tr|M0NT80|M0NT80_9EURY Globin OS=Halorubrum litoreum JCM 13561 OX=1227483 GN=C470_09005 PE=4 SV=1
M0PNY8/5-115         -            111 seed_msa             -            157   0.00036   19.4   0.0   1   1   0.00017   0.00054   18.8   0.0    31   117    11    92     8   108 0.78 tr|M0PNY8|M0PNY8_9EURY Globin OS=Halorubrum arcis JCM 13916 OX=1230455 GN=C462_09963 PE=4 SV=1
A0A0A0TPX8/9-123     -            115 seed_msa             -            157   0.00036   19.4   0.0   1   1   0.00016   0.00051   18.9   0.0    27    70     4    49     1    52 0.89 tr|A0A0A0TPX8|A0A0A0TPX8_BACIU Thiol management oxidoreductase OS=Bacillus subtilis OX=1423 GN=KS08_05520 PE=4 SV=1
A0A1Y0X8Z0/9-123     -            115 seed_msa             -            157   0.00036   19.4   0.0   1   1   0.00016   0.00051   18.9   0.0    27    70     4    49     1    52 0.89 tr|A0A1Y0X8Z0|A0A1Y0X8Z0_BACAM Group 2 truncated hemoglobin YjbI OS=Bacillus amyloliquefaciens OX=1390 GN=glbN PE=4 SV=1
A0A1U3SX78/9-123     -            115 seed_msa             -            157   0.00036   19.4   0.0   1   1   0.00016   0.00051   18.9   0.0    27    70     4    49     1    52 0.89 tr|A0A1U3SX78|A0A1U3SX78_9MYCO Hemoglobin-like protein HbO OS=Mycobacteroides abscessus subsp. massiliense OX=1962118 GN=yjbI PE=4 SV=1
A0A0D7XQN7/9-123     -            115 seed_msa             -            157   0.00037   19.4   0.0   1   1   0.00016   0.00051   18.9   0.0    27    70     4    49     1    52 0.89 tr|A0A0D7XQN7|A0A0D7XQN7_BACAM Thiol management oxidoreductase OS=Bacillus amyloliquefaciens OX=1390 GN=UZ38_16050 PE=4 SV=1
A0A1W6HGP9/9-123     -            115 seed_msa             -            157   0.00037   19.4   0.0   1   1   0.00016   0.00051   18.9   0.0    27    70     4    49     1    52 0.89 tr|A0A1W6HGP9|A0A1W6HGP9_BACVA Thiol management oxidoreductase OS=Bacillus vallismortis OX=72361 GN=B9C48_05810 PE=4 SV=1
I2HPN7/9-123         -            115 seed_msa             -            157   0.00037   19.4   0.0   1   1   0.00016   0.00051   18.9   0.0    27    70     4    49     1    52 0.89 tr|I2HPN7|I2HPN7_9BACI Bacterial-like globin OS=Bacillus sp. 5B6 OX=1127743 GN=MY7_1019 PE=4 SV=1
W7RQH2/9-123         -            115 seed_msa             -            157   0.00037   19.4   0.0   1   1   0.00016   0.00053   18.9   0.0    27    70     4    49     1    52 0.90 tr|W7RQH2|W7RQH2_9BACI Globin OS=Bacillus haynesii OX=1925021 GN=M769_0103770 PE=4 SV=1
A0A265ED72/8-121     -            114 seed_msa             -            157   0.00037   19.4   0.0   1   1   0.00017   0.00055   18.8   0.0    28    68     5    47     2    58 0.75 tr|A0A265ED72|A0A265ED72_MARHA Globin OS=Marinococcus halophilus OX=1371 GN=CHL76_12545 PE=4 SV=1
A0A0Q6W5F6/43-154    -            112 seed_msa             -            157   0.00037   19.4   0.0   1   1   0.00015   0.00049   19.0   0.0    29    77     8    55     5    88 0.91 tr|A0A0Q6W5F6|A0A0Q6W5F6_9BURK Group 1 truncated hemoglobin OS=Pelomonas sp. Root1237 OX=1736434 GN=ASC91_23670 PE=3 SV=1
S6A0H9/7-124         -            118 seed_msa             -            157   0.00037   19.4   0.0   1   1   0.00019   0.00062   18.6   0.0    29    70     9    52     6    64 0.86 tr|S6A0H9|S6A0H9_BACPJ Globin OS=Bacillus sp. (strain JF8) OX=1921421 GN=M493_04230 PE=4 SV=1
A0A0M0KHP1/7-124     -            118 seed_msa             -            157   0.00037   19.4   0.0   1   1   0.00018   0.00057   18.8   0.0    30    77    10    55     8    62 0.85 tr|A0A0M0KHP1|A0A0M0KHP1_9BACI Globin OS=Bacillus okuhidensis OX=136160 GN=AMD02_05440 PE=4 SV=1
Q9K8Z8/7-124         -            118 seed_msa             -            157   0.00037   19.4   0.0   1   1   0.00018   0.00057   18.8   0.0    30    77    10    55     8    62 0.85 tr|Q9K8Z8|Q9K8Z8_BACHD BH2854 protein OS=Bacillus halodurans (strain ATCC BAA-125 / DSM 18197 / FERM 7344 / JCM 9153 / C-125) OX=272558 GN=BH2854 PE=4 SV=1
A0A1H5XSJ7/12-125    -            114 seed_msa             -            157   0.00037   19.4   0.0   1   1   0.00018    0.0006   18.7   0.0    29    77     9    56     5   107 0.83 tr|A0A1H5XSJ7|A0A1H5XSJ7_9GAMM Methyl-accepting chemotaxis protein OS=Alcanivorax sp. DSM 26293 OX=1798238 GN=SAMN04515663_10854 PE=4 SV=1
A0A2E3HI02/12-125    -            114 seed_msa             -            157   0.00037   19.4   0.0   1   1   0.00018    0.0006   18.7   0.0    29    77     9    56     5   107 0.83 tr|A0A2E3HI02|A0A2E3HI02_9GAMM Methyl-accepting transducer domain-containing protein OS=Alcanivorax sp. OX=1872427 GN=CL550_06620 PE=4 SV=1
A0A081PA99/6-118     -            113 seed_msa             -            157   0.00037   19.4   0.7   1   1   0.00043    0.0014   17.5   0.7    29   122     9    97     5   110 0.84 tr|A0A081PA99|A0A081PA99_9BACL Group 1 truncated hemoglobin OS=Paenibacillus tyrfis OX=1501230 GN=ET33_13080 PE=3 SV=1
A0A1Z7WQG7/4-111     -            108 seed_msa             -            157   0.00037   19.4   0.0   1   1   0.00014   0.00045   19.1   0.0    29    77     9    56     7    96 0.78 tr|A0A1Z7WQG7|A0A1Z7WQG7_9GAMM Group 1 truncated hemoglobin OS=Methylophaga sp. 42_25_T18 OX=1856285 GN=A9Q79_09650 PE=3 SV=1
A0A087LDJ7/7-124     -            118 seed_msa             -            157   0.00038   19.3   0.0   1   1   0.00019   0.00063   18.6   0.0    29    70     9    52     7    64 0.86 tr|A0A087LDJ7|A0A087LDJ7_GEOSE Globin OS=Geobacillus stearothermophilus OX=1422 GN=GT94_16930 PE=4 SV=1
A0A150F6T1/9-123     -            115 seed_msa             -            157   0.00038   19.3   0.0   1   1   0.00016   0.00051   18.9   0.0    27    70     4    49     1    52 0.89 tr|A0A150F6T1|A0A150F6T1_9BACI Thiol management oxidoreductase OS=Bacillus nakamurai OX=1793963 GN=AXI58_16295 PE=4 SV=1
A0A0A1FK82/3-115     -            113 seed_msa             -            157   0.00038   19.3   0.0   1   1    0.0002   0.00064   18.6   0.0    29    74     9    53     7    97 0.85 tr|A0A0A1FK82|A0A0A1FK82_9MYCO Group 1 truncated hemoglobin OS=Mycobacterium sp. VKM Ac-1817D OX=1273687 GN=G155_05520 PE=3 SV=1
A0A117IDQ3/3-115     -            113 seed_msa             -            157   0.00038   19.3   0.0   1   1    0.0002   0.00064   18.6   0.0    29    74     9    53     7    97 0.85 tr|A0A117IDQ3|A0A117IDQ3_MYCFO Group 1 truncated hemoglobin OS=Mycolicibacterium fortuitum subsp. acetamidolyticum OX=144550 GN=RMCFA_1532 PE=3 SV=1
K0UD41/3-115         -            113 seed_msa             -            157   0.00038   19.3   0.0   1   1    0.0002   0.00064   18.6   0.0    29    74     9    53     7    97 0.85 tr|K0UD41|K0UD41_MYCFO Group 1 truncated hemoglobin OS=Mycolicibacterium fortuitum subsp. fortuitum DSM 46621 = ATCC 6841 OX=1214102 GN=MFORT_30694 PE=3 SV=1
A0A191WBX3/16-123    -            108 seed_msa             -            157   0.00038   19.3   0.0   1   1   0.00015   0.00048   19.0   0.0    29    78     7    55     3   106 0.81 tr|A0A191WBX3|A0A191WBX3_9MICO Group 1 truncated hemoglobin OS=Agromyces aureus OX=453304 GN=ATC03_02220 PE=3 SV=1
A0A1S2L7H5/9-124     -            116 seed_msa             -            157   0.00038   19.3   0.0   1   1   0.00036    0.0012   17.7   0.0    30    74     8    50     5    60 0.75 tr|A0A1S2L7H5|A0A1S2L7H5_9BACI Globin OS=Anaerobacillus isosaccharinicus OX=1532552 GN=AWH56_18915 PE=4 SV=1
A0A1I6RRX3/9-124     -            116 seed_msa             -            157   0.00038   19.3   0.0   1   1   0.00017   0.00056   18.8   0.0    30    70     8    50     6    60 0.90 tr|A0A1I6RRX3|A0A1I6RRX3_9BACI Hemoglobin OS=Bacillus sp. 103mf OX=1761751 GN=SAMN04488145_102335 PE=4 SV=1
A0A1X9MDH0/9-124     -            116 seed_msa             -            157   0.00039   19.3   0.0   1   1   0.00017   0.00055   18.8   0.0    30    74     8    50     6    69 0.76 tr|A0A1X9MDH0|A0A1X9MDH0_9BACI Group 2 truncated hemoglobin YjbI OS=Bacillus krulwichiae OX=199441 GN=yjbI PE=4 SV=1
A0A1N7DFJ4/7-101     -             95 seed_msa             -            157   0.00039   19.3   0.0   1   1   0.00023   0.00075   18.4   0.0    30   103     9    77     6    92 0.85 tr|A0A1N7DFJ4|A0A1N7DFJ4_9ACTN Group 1 truncated hemoglobin OS=Microbispora rosea OX=58117 GN=SAMN05421833_114122 PE=3 SV=1
A0A0Q1EMD5/7-124     -            118 seed_msa             -            157   0.00039   19.3   0.0   1   1    0.0002   0.00064   18.6   0.0    29    70     9    52     7    64 0.86 tr|A0A0Q1EMD5|A0A0Q1EMD5_9BACI Group 2 truncated hemoglobin YjbI OS=Geobacillus sp. PA-3 OX=1699078 GN=yjbI PE=4 SV=1
A0A1W6VP53/7-124     -            118 seed_msa             -            157   0.00039   19.3   0.0   1   1    0.0002   0.00064   18.6   0.0    29    70     9    52     7    64 0.86 tr|A0A1W6VP53|A0A1W6VP53_GEOTD Group 2 truncated hemoglobin GlbO OS=Geobacillus thermodenitrificans OX=33940 GN=glbO PE=4 SV=1
A4IL81/7-124         -            118 seed_msa             -            157   0.00039   19.3   0.0   1   1    0.0002   0.00064   18.6   0.0    29    70     9    52     7    64 0.86 tr|A4IL81|A4IL81_GEOTN Protozoan/cyanobacterial globin family protein OS=Geobacillus thermodenitrificans (strain NG80-2) OX=420246 GN=GTNG_0705 PE=4 SV=1
A0A1Q4T124/3-115     -            113 seed_msa             -            157   0.00039   19.3   0.0   1   1   0.00016   0.00052   18.9   0.0    29    73     9    52     7    97 0.89 tr|A0A1Q4T124|A0A1Q4T124_9MYCO Group 1 truncated hemoglobin OS=Mycobacterium sp. SWH-M3 OX=1490482 GN=EB73_18955 PE=3 SV=1
A0A166DG97/12-125    -            114 seed_msa             -            157   0.00039   19.3   0.0   1   1    0.0002   0.00064   18.6   0.0    29    77     9    56     5   107 0.85 tr|A0A166DG97|A0A166DG97_9GAMM Methyl-accepting transducer domain-containing protein OS=Alcanivorax sp. HI0013 OX=1822221 GN=A3717_02935 PE=4 SV=1
A0A268FDM7/9-123     -            115 seed_msa             -            157    0.0004   19.3   0.0   1   1   0.00017   0.00054   18.8   0.0    26    73     3    48     1    58 0.75 tr|A0A268FDM7|A0A268FDM7_BACCI Globin OS=Bacillus circulans OX=1397 GN=C2I06_00690 PE=4 SV=1
A0A1W9QGL6/3-116     -            114 seed_msa             -            157    0.0004   19.3   0.1   1   1   0.00017   0.00054   18.8   0.1    29    77     9    56     7    92 0.87 tr|A0A1W9QGL6|A0A1W9QGL6_9DELT Group 1 truncated hemoglobin OS=Sorangiineae bacterium NIC37A_2 OX=1970199 GN=B6A08_03595 PE=3 SV=1
A0A0F5K3V8/12-125    -            114 seed_msa             -            157    0.0004   19.3   0.0   1   1   0.00016   0.00053   18.9   0.0    29    75     9    54     7    92 0.87 tr|A0A0F5K3V8|A0A0F5K3V8_9BURK Globin OS=Robbsia andropogonis OX=28092 GN=WM40_05100 PE=4 SV=1
A0A0P7KND8/9-123     -            115 seed_msa             -            157    0.0004   19.3   0.0   1   1   0.00015    0.0005   18.9   0.0    26    70     3    49     1    69 0.78 tr|A0A0P7KND8|A0A0P7KND8_9BACI Globin OS=Lysinibacillus sp. ZYM-1 OX=1681184 GN=AO843_13375 PE=4 SV=1
B1HNX8/9-123         -            115 seed_msa             -            157    0.0004   19.3   0.0   1   1   0.00015    0.0005   18.9   0.0    26    70     3    49     1    69 0.78 tr|B1HNX8|B1HNX8_LYSSC Hemoglobin-like protein yjbI (Truncated BHb) (TrBHb) OS=Lysinibacillus sphaericus (strain C3-41) OX=444177 GN=yjbI PE=4 SV=1
W7RRR6/9-123         -            115 seed_msa             -            157    0.0004   19.3   0.0   1   1   0.00015    0.0005   18.9   0.0    26    70     3    49     1    69 0.78 tr|W7RRR6|W7RRR6_LYSSH Globin OS=Lysinibacillus sphaericus CBAM5 OX=1400869 GN=P799_01870 PE=4 SV=1
A0A1Q5SZ64/7-124     -            118 seed_msa             -            157   0.00041   19.2   0.0   1   1   0.00018    0.0006   18.7   0.0    29    70     9    52     7    71 0.90 tr|A0A1Q5SZ64|A0A1Q5SZ64_9BACI Hemoglobin-like protein HbO OS=Geobacillus sp. 1017 OX=860353 GN=BRO54_2028 PE=4 SV=1
A0A1V4PBL2/7-124     -            118 seed_msa             -            157   0.00041   19.2   0.0   1   1   0.00018    0.0006   18.7   0.0    29    70     9    52     7    71 0.90 tr|A0A1V4PBL2|A0A1V4PBL2_9BACI Globin OS=Geobacillus sp. LEMMY01 OX=1954237 GN=B1A75_03160 PE=4 SV=1
A0A248TDD0/9-123     -            115 seed_msa             -            157   0.00041   19.2   0.0   1   1   0.00019   0.00063   18.6   0.0    29    70     6    49     2    52 0.89 tr|A0A248TDD0|A0A248TDD0_9BACI Globin OS=Bacillus kochii OX=859143 GN=CKF48_02040 PE=4 SV=1
A0A1V5EU33/9-129     -            121 seed_msa             -            157   0.00041   19.2   0.0   1   1   0.00023   0.00074   18.4   0.0    32    76    12    57    10    62 0.92 tr|A0A1V5EU33|A0A1V5EU33_9BRAD Globin OS=Bradyrhizobium sacchari OX=1399419 GN=A5906_33205 PE=4 SV=1
A0A1N6XGM9/4-117     -            114 seed_msa             -            157   0.00041   19.2   0.3   1   1   0.00026   0.00086   18.2   0.3    29   121     9    97     5   114 0.83 tr|A0A1N6XGM9|A0A1N6XGM9_9BACI Group 1 truncated hemoglobin OS=Bacillus simplex OX=1478 GN=SAMN05878482_102776 PE=3 SV=1
A0A220MP73/9-124     -            116 seed_msa             -            157   0.00041   19.2   0.0   1   1   0.00017   0.00054   18.8   0.0    32    77    10    53     6    70 0.89 tr|A0A220MP73|A0A220MP73_9BACL Globin OS=Brevibacillus formosus OX=54913 GN=BP422_26510 PE=4 SV=1
A0A1Q5CP17/11-104    -             94 seed_msa             -            157   0.00041   19.2   0.0   1   1   0.00043    0.0014   17.5   0.0    30   116     9    90     7    92 0.75 tr|A0A1Q5CP17|A0A1Q5CP17_9ACTN Group 1 truncated hemoglobin OS=Micromonospora sp. CB01531 OX=1718947 GN=A6A27_15350 PE=3 SV=1
A0A1H9VDY8/7-123     -            117 seed_msa             -            157   0.00041   19.2   0.0   1   1   0.00022   0.00072   18.4   0.0    28    76     7    53     4    61 0.83 tr|A0A1H9VDY8|A0A1H9VDY8_9BACI Hemoglobin OS=Salisediminibacterium haloalkalitolerans OX=1464123 GN=SAMN05444126_1207 PE=4 SV=1
A0A0C5CQR1/9-122     -            114 seed_msa             -            157   0.00041   19.2   0.0   1   1   0.00018   0.00057   18.8   0.0    30    75     7    50     4    59 0.79 tr|A0A0C5CQR1|A0A0C5CQR1_BACCO Globin OS=Bacillus coagulans OX=1398 GN=HMPREF3213_03090 PE=4 SV=1
G2TMS0/9-122         -            114 seed_msa             -            157   0.00041   19.2   0.0   1   1   0.00018   0.00057   18.8   0.0    30    75     7    50     4    59 0.79 tr|G2TMS0|G2TMS0_BACCO Globin OS=Bacillus coagulans 36D1 OX=345219 GN=Bcoa_0338 PE=4 SV=1
A0A0F7N3Z0/2-114     -            113 seed_msa             -            157   0.00042   19.2   0.0   1   1   0.00026   0.00086   18.2   0.0    30    73    10    52     8   105 0.88 tr|A0A0F7N3Z0|A0A0F7N3Z0_9ACTN Group 1 truncated hemoglobin OS=Streptomyces sp. CNQ-509 OX=444103 GN=AA958_07430 PE=3 SV=1
A0A150JUL3/9-122     -            114 seed_msa             -            157   0.00042   19.2   0.0   1   1   0.00018   0.00057   18.8   0.0    30    75     7    50     4    59 0.79 tr|A0A150JUL3|A0A150JUL3_BACCO Globin OS=Bacillus coagulans OX=1398 GN=B4099_0425 PE=4 SV=1
A0A150K0Z5/9-122     -            114 seed_msa             -            157   0.00042   19.2   0.0   1   1   0.00018   0.00057   18.8   0.0    30    75     7    50     4    59 0.79 tr|A0A150K0Z5|A0A150K0Z5_BACCO Uncharacterized protein OS=Bacillus coagulans OX=1398 GN=B4100_0286 PE=4 SV=1
F7Z386/9-122         -            114 seed_msa             -            157   0.00042   19.2   0.0   1   1   0.00018   0.00057   18.8   0.0    30    75     7    50     4    59 0.79 tr|F7Z386|F7Z386_BACC6 Globin OS=Bacillus coagulans (strain 2-6) OX=941639 GN=BCO26_0837 PE=4 SV=1
X2GKG7/9-123         -            115 seed_msa             -            157   0.00042   19.2   0.0   1   1   0.00016   0.00052   18.9   0.0    26    70     3    49     1    69 0.78 tr|X2GKG7|X2GKG7_9BACI Globin OS=Lysinibacillus varians OX=1145276 GN=T479_03560 PE=4 SV=1
A0A0D8BS42/7-124     -            118 seed_msa             -            157   0.00042   19.2   0.0   1   1   0.00019   0.00062   18.6   0.0    29    70     9    52     7    71 0.90 tr|A0A0D8BS42|A0A0D8BS42_GEOKU Hemoglobin yjbI OS=Geobacillus kaustophilus OX=1462 GN=yjbI PE=4 SV=1
A0A1G8EY51/9-123     -            115 seed_msa             -            157   0.00042   19.2   0.0   1   1   0.00018   0.00059   18.7   0.0    26    70     3    49     1    57 0.88 tr|A0A1G8EY51|A0A1G8EY51_9BACL Hemoglobin OS=Planomicrobium glaciei OX=459472 GN=SAMN04487975_107151 PE=4 SV=1
A0A0D8B8J4/2-114     -            113 seed_msa             -            157   0.00042   19.2   0.0   1   1   0.00014   0.00045   19.1   0.0    30    75    10    54     7   104 0.85 tr|A0A0D8B8J4|A0A0D8B8J4_9ACTN Group 1 truncated hemoglobin OS=Frankia torreyi OX=1856 GN=FF36_05188 PE=3 SV=1
A0A0Q0Y377/2-114     -            113 seed_msa             -            157   0.00042   19.2   0.0   1   1   0.00014   0.00045   19.1   0.0    30    75    10    54     7   104 0.85 tr|A0A0Q0Y377|A0A0Q0Y377_9ACTN Group 1 truncated hemoglobin OS=Frankia sp. ACN1ag OX=102891 GN=UK82_19120 PE=3 SV=1
A0A160FEP1/9-124     -            116 seed_msa             -            157   0.00042   19.2   0.0   1   1   0.00024   0.00077   18.3   0.0    29    70     7    50     6    53 0.87 tr|A0A160FEP1|A0A160FEP1_9BACI Group 2 hemoglobin yjbI OS=Anoxybacillus sp. B7M1 OX=1490057 GN=yjbI PE=4 SV=1
A0A095SQ96/12-125    -            114 seed_msa             -            157   0.00042   19.2   0.0   1   1    0.0002   0.00066   18.5   0.0    29    77     9    56     5   109 0.74 tr|A0A095SQ96|A0A095SQ96_9GAMM Putative methyl-accepting chemotaxis protein OS=Alcanivorax nanhaiticus OX=1177154 GN=Y5S_00186 PE=4 SV=1
A0A075B076/7-101     -             95 seed_msa             -            157   0.00042   19.2   0.1   1   1   0.00018    0.0006   18.7   0.1    31    85    11    65     8    92 0.89 tr|A0A075B076|A0A075B076_ROZAC Globin, structural domain-containing protein OS=Rozella allomycis (strain CSF55) OX=988480 GN=O9G_000546 PE=4 SV=1
W7L1Q3/6-118         -            113 seed_msa             -            157   0.00043   19.2   0.3   1   1   0.00031     0.001   18.0   0.3    30   135     9   108     7   110 0.85 tr|W7L1Q3|W7L1Q3_BACFI Group 1 truncated hemoglobin OS=Bacillus firmus DS1 OX=1307436 GN=PBF_19483 PE=3 SV=1
Q0RMX2/2-114         -            113 seed_msa             -            157   0.00043   19.2   0.0   1   1   0.00014   0.00045   19.1   0.0    30    75    10    54     7   104 0.85 tr|Q0RMX2|Q0RMX2_FRAAA Group 1 truncated hemoglobin OS=Frankia alni (strain ACN14a) OX=326424 GN=glbN PE=3 SV=1
A0A150KMX9/9-122     -            114 seed_msa             -            157   0.00043   19.2   0.0   1   1   0.00017   0.00056   18.8   0.0    29    70     6    49     1    68 0.84 tr|A0A150KMX9|A0A150KMX9_9BACI Globin OS=Bacillus sporothermodurans OX=46224 GN=B4102_0910 PE=4 SV=1
A0A2A8MQR1/4-118     -            115 seed_msa             -            157   0.00043   19.2   0.2   1   1   0.00037    0.0012   17.7   0.2    29   121     9    97     6   111 0.85 tr|A0A2A8MQR1|A0A2A8MQR1_9BACI Group 1 truncated hemoglobin OS=Bacillus sp. AFS001701 OX=2033480 GN=CN514_01705 PE=3 SV=1
A0A1Q4RDI9/7-118     -            112 seed_msa             -            157   0.00044   19.1   0.5   1   1   0.00049    0.0016   17.3   0.5    31   115    10    89     7   110 0.78 tr|A0A1Q4RDI9|A0A1Q4RDI9_9CYAN Group 1 truncated hemoglobin OS=Calothrix sp. HK-06 OX=1137096 GN=NIES2101_37050 PE=3 SV=1
A0A060LZA5/10-125    -            116 seed_msa             -            157   0.00044   19.1   0.0   1   1   0.00016   0.00051   18.9   0.0    30    82     8    60     6    95 0.87 tr|A0A060LZA5|A0A060LZA5_9BACI Globin OS=Bacillus lehensis G1 OX=1246626 GN=BleG1_2518 PE=4 SV=1
A0A1B9AN06/4-117     -            114 seed_msa             -            157   0.00044   19.1   0.5   1   1   0.00032     0.001   17.9   0.5    29   122     9    98     7   114 0.82 tr|A0A1B9AN06|A0A1B9AN06_9BACI Group 1 truncated hemoglobin OS=Bacillus wudalianchiensis OX=1743143 GN=A8F95_11555 PE=3 SV=1
A0A1A2L3Z2/3-115     -            113 seed_msa             -            157   0.00044   19.1   0.0   1   1   0.00029   0.00094   18.0   0.0    29    78     9    57     7   109 0.77 tr|A0A1A2L3Z2|A0A1A2L3Z2_9MYCO Group 1 truncated hemoglobin OS=Mycobacterium sp. E802 OX=1834152 GN=A5699_24575 PE=3 SV=1
A0A223KPD1/4-118     -            115 seed_msa             -            157   0.00045   19.1   1.0   1   1   0.00057    0.0019   17.1   1.0    29    77     9    57     7   115 0.81 tr|A0A223KPD1|A0A223KPD1_9BACI Group 1 truncated hemoglobin OS=Bacillus cohnii OX=33932 GN=BC6307_08715 PE=3 SV=1
A0A150JUD4/9-122     -            114 seed_msa             -            157   0.00046   19.1   0.0   1   1    0.0002   0.00064   18.6   0.0    30    74     7    49     4    58 0.79 tr|A0A150JUD4|A0A150JUD4_BACCO Uncharacterized protein OS=Bacillus coagulans OX=1398 GN=B4098_0325 PE=4 SV=1
A0A1I6IRQ3/15-122    -            108 seed_msa             -            157   0.00046   19.1   0.0   1   1   0.00018   0.00058   18.7   0.0    29    82     7    55     3   107 0.74 tr|A0A1I6IRQ3|A0A1I6IRQ3_9MICO Group 1 truncated hemoglobin OS=Agromyces sp. CF514 OX=1881031 GN=SAMN05428970_0660 PE=3 SV=1
A0A0N0CVY9/9-123     -            115 seed_msa             -            157   0.00047   19.0   0.0   1   1   0.00018   0.00059   18.7   0.0    26    70     3    49     1    69 0.86 tr|A0A0N0CVY9|A0A0N0CVY9_9BACI Globin OS=Lysinibacillus macroides OX=33935 GN=ADM90_03520 PE=4 SV=1
A0A098EW38/9-122     -            114 seed_msa             -            157   0.00047   19.0   0.0   1   1   0.00022   0.00073   18.4   0.0    27    70     4    49     1    55 0.84 tr|A0A098EW38|A0A098EW38_9BACI Globin-like protein OS=Bacillus sp. B-jedd OX=1476857 GN=BN1002_00959 PE=4 SV=1
A0A268ITR8/5-118     -            114 seed_msa             -            157   0.00047   19.0   0.2   1   1   0.00035    0.0011   17.8   0.2    30   135    10   109     7   111 0.84 tr|A0A268ITR8|A0A268ITR8_9BACI Group 1 truncated hemoglobin OS=Bacillus sp. 7894-2 OX=2021695 GN=CHI10_07385 PE=3 SV=1
A0A177NA30/11-125    -            115 seed_msa             -            157   0.00047   19.0   0.0   1   1   0.00052    0.0017   17.2   0.0    29    66     9    49     7    51 0.93 tr|A0A177NA30|A0A177NA30_9GAMM Group 1 truncated hemoglobin OS=Methylomonas koyamae OX=702114 GN=A1355_12350 PE=3 SV=1
A0A1S1Y3D8/11-125    -            115 seed_msa             -            157   0.00047   19.0   0.0   1   1   0.00052    0.0017   17.2   0.0    29    66     9    49     7    51 0.93 tr|A0A1S1Y3D8|A0A1S1Y3D8_9GAMM Group 1 truncated hemoglobin OS=Methylomonas sp. LWB OX=1905845 GN=BJL95_15100 PE=3 SV=1
A0A0Q3WKC2/9-124     -            116 seed_msa             -            157   0.00048   19.0   0.0   1   1   0.00016   0.00051   18.9   0.0    32    77    10    53     6   108 0.83 tr|A0A0Q3WKC2|A0A0Q3WKC2_BRECH Globin OS=Brevibacillus choshinensis OX=54911 GN=AN963_19980 PE=4 SV=1
C0ZIH8/9-124         -            116 seed_msa             -            157   0.00048   19.0   0.0   1   1    0.0002   0.00064   18.6   0.0    32    77    10    53     6    69 0.89 tr|C0ZIH8|C0ZIH8_BREBN Probable hemoglobin-like protein OS=Brevibacillus brevis (strain 47 / JCM 6285 / NBRC 100599) OX=358681 GN=BBR47_02190 PE=4 SV=1
A0A161HYK1/9-124     -            116 seed_msa             -            157   0.00048   19.0   0.0   1   1   0.00024   0.00077   18.3   0.0    30    70     8    50     6    53 0.90 tr|A0A161HYK1|A0A161HYK1_9BACI Group 2 hemoglobin yjbI OS=Anoxybacillus amylolyticus OX=294699 GN=yjbI PE=4 SV=1
A0A268IEY2/8-121     -            114 seed_msa             -            157   0.00049   19.0   0.0   1   1   0.00023   0.00074   18.4   0.0    28    72     5    47     2    58 0.73 tr|A0A268IEY2|A0A268IEY2_9BACI Globin OS=Bacillus sp. 7504-2 OX=2022547 GN=CHH80_10355 PE=4 SV=1
A0A1H7X5D1/9-123     -            115 seed_msa             -            157   0.00049   19.0   0.0   1   1   0.00027    0.0009   18.1   0.0    27    70     4    49     1    53 0.88 tr|A0A1H7X5D1|A0A1H7X5D1_9BACL Hemoglobin OS=Paenisporosarcina quisquiliarum OX=365346 GN=SAMN04487786_1617 PE=4 SV=1
A0A291BQ81/4-115     -            112 seed_msa             -            157   0.00049   19.0   0.3   1   1   0.00045    0.0015   17.4   0.3    29   122     8    96     6   109 0.82 tr|A0A291BQ81|A0A291BQ81_BREBE Group 1 truncated hemoglobin OS=Brevibacillus brevis X23 OX=1200792 GN=A616_25310 PE=3 SV=1
A0A1H8E978/9-123     -            115 seed_msa             -            157    0.0005   18.9   0.0   1   1   0.00026   0.00085   18.2   0.0    32    70     9    49     2    61 0.87 tr|A0A1H8E978|A0A1H8E978_9BACI Hemoglobin OS=Bacillus persicus OX=930146 GN=SAMN05192533_109187 PE=4 SV=1
A0A1H1BYI0/6-115     -            110 seed_msa             -            157    0.0005   18.9   0.0   1   1   0.00031     0.001   18.0   0.0    30   123    10    94     8   109 0.76 tr|A0A1H1BYI0|A0A1H1BYI0_9ACTN Group 1 truncated hemoglobin OS=Thermostaphylospora chromogena OX=35622 GN=SAMN04489764_1195 PE=3 SV=1
A0A0A6VA99/9-123     -            115 seed_msa             -            157    0.0005   18.9   0.0   1   1   0.00023   0.00076   18.3   0.0    29    76     6    51     2    59 0.81 tr|A0A0A6VA99|A0A0A6VA99_9BACI Globin OS=Bacillus ginsengihumi OX=363870 GN=NG54_10835 PE=4 SV=1
A0A0C2HM15/1-112     -            112 seed_msa             -            157   0.00051   18.9   0.0   1   1   0.00019   0.00061   18.7   0.0    29   117     8    95     3   110 0.74 tr|A0A0C2HM15|A0A0C2HM15_9DELT Group 1 truncated hemoglobin OS=Geoalkalibacter ferrihydriticus DSM 17813 OX=1121915 GN=GFER_13995 PE=3 SV=1
A0A1J4LLH8/9-123     -            115 seed_msa             -            157   0.00051   18.9   0.0   1   1   0.00026   0.00085   18.2   0.0    26    70     3    49     1    56 0.89 tr|A0A1J4LLH8|A0A1J4LLH8_9BACL Globin OS=Planococcus salinarum OX=622695 GN=BB776_03800 PE=4 SV=1
M0CAU8/4-115         -            112 seed_msa             -            157   0.00052   18.9   0.2   1   1   0.00025   0.00081   18.3   0.2    29    72     9    51     7   107 0.81 tr|M0CAU8|M0CAU8_9EURY Globin OS=Haloterrigena limicola JCM 13563 OX=1230457 GN=C476_13078 PE=4 SV=1
W1SCJ5/9-122         -            114 seed_msa             -            157   0.00052   18.9   0.0   1   1   0.00025   0.00083   18.2   0.0    29    70     6    49     2    52 0.82 tr|W1SCJ5|W1SCJ5_9BACI Globin OS=Bacillus vireti LMG 21834 OX=1131730 GN=BAVI_20868 PE=4 SV=1
A0A2D1I664/12-110    -             99 seed_msa             -            157   0.00052   18.9   0.1   1   1   0.00051    0.0017   17.2   0.1    29    63     8    42     6    93 0.79 tr|A0A2D1I664|A0A2D1I664_9ACTN Group 1 truncated hemoglobin OS=Micromonospora sp. WMMA2032 OX=2039870 GN=CO540_03895 PE=3 SV=1
X5KWK3/3-115         -            113 seed_msa             -            157   0.00053   18.9   0.0   1   1   0.00025    0.0008   18.3   0.0    29    72     9    51     7    62 0.86 tr|X5KWK3|X5KWK3_9MYCO Group 1 truncated hemoglobin OS=Mycolicibacterium mageritense DSM 44476 = CIP 104973 OX=1209984 GN=BN978_03967 PE=3 SV=1
A0A1G9UI78/46-157    -            112 seed_msa             -            157   0.00053   18.9   0.0   1   1   0.00019   0.00063   18.6   0.0    29   117     9    96     4   110 0.73 tr|A0A1G9UI78|A0A1G9UI78_9DELT Group 1 truncated hemoglobin OS=Geoalkalibacter ferrihydriticus OX=392333 GN=SAMN05660860_02843 PE=3 SV=1
D2S2I8/2-102         -            101 seed_msa             -            157   0.00053   18.8   0.0   1   1   0.00037    0.0012   17.7   0.0    32    79     1    47     1   101 0.75 tr|D2S2I8|D2S2I8_HALTV Globin OS=Haloterrigena turkmenica (strain ATCC 51198 / DSM 5511 / NCIMB 13204 / VKM B-1734) OX=543526 GN=Htur_4821 PE=4 SV=1
A0A1Z5JP70/22-134    -            113 seed_msa             -            157   0.00054   18.8   0.1   1   1   0.00024   0.00077   18.3   0.1    30    61     7    39     4   107 0.79 tr|A0A1Z5JP70|A0A1Z5JP70_FISSO Uncharacterized protein OS=Fistulifera solaris OX=1519565 GN=FisN_3Hh104 PE=4 SV=1
A0A0M2S2H7/13-106    -             94 seed_msa             -            157   0.00054   18.8   0.0   1   1    0.0017    0.0057   15.5   0.0    29    63     8    45     6    55 0.81 tr|A0A0M2S2H7|A0A0M2S2H7_9ACTN Group 1 truncated hemoglobin OS=Micromonospora sp. HK10 OX=1538294 GN=LQ51_00890 PE=3 SV=1
A0A072NFQ4/7-121     -            115 seed_msa             -            157   0.00055   18.8   0.0   1   1    0.0014    0.0045   15.8   0.0    29    77     7    53     6    68 0.81 tr|A0A072NFQ4|A0A072NFQ4_BACAZ Truncated hemoglobin OS=Bacillus azotoformans MEV2011 OX=1348973 GN=M670_04771 PE=4 SV=1
K6D758/7-121         -            115 seed_msa             -            157   0.00055   18.8   0.0   1   1    0.0014    0.0045   15.8   0.0    29    77     7    53     6    68 0.81 tr|K6D758|K6D758_BACAZ Uncharacterized protein OS=Bacillus azotoformans LMG 9581 OX=1131731 GN=BAZO_04950 PE=4 SV=1
A0A0A0E4M2/9-122     -            114 seed_msa             -            157   0.00055   18.8   0.0   1   1   0.00028   0.00091   18.1   0.0    28    70     5    49     1    56 0.83 tr|A0A0A0E4M2|A0A0A0E4M2_9BACI Globin OS=Bacillus niacini OX=86668 GN=NP83_03180 PE=4 SV=1
A0A0G4GK30/80-158    -             79 seed_msa             -            157   0.00055   18.8   0.0   1   1   0.00019   0.00061   18.7   0.0    30    86    10    65     7    78 0.87 tr|A0A0G4GK30|A0A0G4GK30_VITBC Uncharacterized protein OS=Vitrella brassicaformis (strain CCMP3155) OX=1169540 GN=Vbra_18055 PE=4 SV=1
A0A166RB07/4-114     -            111 seed_msa             -            157   0.00055   18.8   0.0   1   1   0.00024   0.00078   18.3   0.0    30    77    10    56     8    74 0.87 tr|A0A166RB07|A0A166RB07_9EURY Globin OS=Haladaptatus sp. R4 OX=1679489 GN=A4G99_18255 PE=4 SV=1
A0A1N7LDF8/7-119     -            113 seed_msa             -            157   0.00055   18.8   0.1   1   1   0.00036    0.0012   17.7   0.1    29   117     9    92     7   111 0.71 tr|A0A1N7LDF8|A0A1N7LDF8_9BACL Group 1 truncated hemoglobin OS=Kroppenstedtia eburnea OX=714067 GN=SAMN05421790_104107 PE=3 SV=1
F5SKL4/7-119         -            113 seed_msa             -            157   0.00055   18.8   0.1   1   1   0.00036    0.0012   17.7   0.1    29   117     9    92     7   111 0.71 tr|F5SKL4|F5SKL4_9BACL Group 1 truncated hemoglobin OS=Desmospora sp. 8437 OX=997346 GN=HMPREF9374_3646 PE=3 SV=1
A0A126T2A9/11-125    -            115 seed_msa             -            157   0.00055   18.8   0.1   1   1   0.00034    0.0011   17.8   0.1    29    71     9    50     7   113 0.74 tr|A0A126T2A9|A0A126T2A9_9GAMM Group 1 truncated hemoglobin OS=Methylomonas denitrificans OX=1538553 GN=JT25_006840 PE=3 SV=1
A0A1G6V7U7/12-119    -            108 seed_msa             -            157   0.00055   18.8   0.0   1   1   0.00021   0.00068   18.5   0.0    29   111     7    84     5   102 0.82 tr|A0A1G6V7U7|A0A1G6V7U7_9ACTN Group 1 truncated hemoglobin OS=Glycomyces harbinensis OX=58114 GN=SAMN05216270_104268 PE=3 SV=1
K6DKJ3/8-122         -            115 seed_msa             -            157   0.00056   18.8   0.0   1   1    0.0003   0.00097   18.0   0.0    29    70     6    49     2    53 0.80 tr|K6DKJ3|K6DKJ3_9BACI Uncharacterized protein OS=Bacillus bataviensis LMG 21833 OX=1117379 GN=BABA_12281 PE=4 SV=1
A0A127W336/9-123     -            115 seed_msa             -            157   0.00056   18.8   0.0   1   1   0.00023   0.00074   18.4   0.0    27    70     4    49     1    59 0.92 tr|A0A127W336|A0A127W336_SPOPS Globin OS=Sporosarcina psychrophila OX=1476 GN=AZE41_16865 PE=4 SV=1
A0A0B4RD76/10-124    -            115 seed_msa             -            157   0.00056   18.8   0.0   1   1   0.00024    0.0008   18.3   0.0    28    70     5    49     1    53 0.87 tr|A0A0B4RD76|A0A0B4RD76_9BACL Hemoglobin-like protein OS=Planococcus sp. PAMC 21323 OX=1526927 GN=Plano_2094 PE=4 SV=1
A0A2B2CC51/9-122     -            114 seed_msa             -            157   0.00056   18.8   0.0   1   1   0.00027   0.00088   18.1   0.0    29    70     6    49     2    58 0.79 tr|A0A2B2CC51|A0A2B2CC51_9BACI Globin OS=Bacillus sp. AFS073361 OX=2033511 GN=COJ96_08210 PE=4 SV=1
A0A1X2AGB3/14-126    -            113 seed_msa             -            157   0.00057   18.8   0.0   1   1   0.00073    0.0024   16.7   0.0    30    77    10    56     8   110 0.75 tr|A0A1X2AGB3|A0A1X2AGB3_9MYCO Group 1 truncated hemoglobin OS=Mycobacterium paraense OX=767916 GN=AWB90_07880 PE=3 SV=1
E7RF73/9-123         -            115 seed_msa             -            157   0.00057   18.8   0.0   1   1   0.00024    0.0008   18.3   0.0    28    70     5    49     1    53 0.87 tr|E7RF73|E7RF73_9BACL Hemoglobin-like protein yjbI (Truncated BHb) (TrBHb) OS=Planococcus donghaensis MPA1U2 OX=933115 GN=GPDM_05576 PE=4 SV=1
A0A1C7EGA9/9-123     -            115 seed_msa             -            157   0.00057   18.8   0.0   1   1   0.00024    0.0008   18.3   0.0    28    70     5    49     1    53 0.87 tr|A0A1C7EGA9|A0A1C7EGA9_9BACL Globin OS=Planococcus donghaensis OX=414778 GN=BCM40_04775 PE=4 SV=1
A0A098EK93/9-123     -            115 seed_msa             -            157   0.00057   18.7   0.0   1   1   0.00026   0.00086   18.2   0.0    26    70     3    49     1    53 0.88 tr|A0A098EK93|A0A098EK93_9BACL Group 2 truncated hemoglobin YjbI OS=Planococcus massiliensis OX=1499687 GN=yjbI PE=4 SV=1
A0A0P6W6V0/9-123     -            115 seed_msa             -            157   0.00058   18.7   0.0   1   1   0.00027   0.00087   18.2   0.0    29    70     6    49     3    58 0.89 tr|A0A0P6W6V0|A0A0P6W6V0_9BACI Globin OS=Bacillus vietnamensis OX=218284 GN=AM506_01910 PE=4 SV=1
A0A2G5XHP0/9-123     -            115 seed_msa             -            157   0.00059   18.7   0.0   1   1   0.00022   0.00071   18.4   0.0    32    71     9    50     2    68 0.89 tr|A0A2G5XHP0|A0A2G5XHP0_9BACL Globin OS=Sporosarcina sp. P19 OX=2048258 GN=CSV74_14175 PE=4 SV=1
A0A1E5LBZ4/8-124     -            117 seed_msa             -            157   0.00059   18.7   0.0   1   1   0.00025   0.00081   18.3   0.0    30    70     9    51     7    69 0.93 tr|A0A1E5LBZ4|A0A1E5LBZ4_9BACI Globin OS=Bacillus solimangrovi OX=1305675 GN=BFG57_04335 PE=4 SV=1
A0A0S2TIE2/6-120     -            115 seed_msa             -            157   0.00059   18.7   0.0   1   1   0.00022   0.00073   18.4   0.0    29   115     9    93     7   110 0.77 tr|A0A0S2TIE2|A0A0S2TIE2_9GAMM Group 1 truncated hemoglobin OS=Candidatus Tenderia electrophaga OX=1748243 GN=Tel_13090 PE=3 SV=1
A0A1U7PJH0/9-122     -            114 seed_msa             -            157   0.00059   18.7   0.0   1   1   0.00029   0.00094   18.1   0.0    26    73     3    48     1    59 0.74 tr|A0A1U7PJH0|A0A1U7PJH0_9BACI Hemoglobin OS=Edaphobacillus lindanitolerans OX=550447 GN=SAMN05428946_0406 PE=4 SV=1
A0A1L3MU94/9-123     -            115 seed_msa             -            157   0.00059   18.7   0.0   1   1   0.00026   0.00086   18.2   0.0    30    70     7    49     2    59 0.83 tr|A0A1L3MU94|A0A1L3MU94_9BACI Uncharacterized protein OS=Bacillus weihaiensis OX=1547283 GN=A9C19_14830 PE=4 SV=1
A0A1D7QWI0/8-124     -            117 seed_msa             -            157   0.00059   18.7   0.1   1   1   0.00021   0.00068   18.5   0.1    29    68     8    49     3   114 0.83 tr|A0A1D7QWI0|A0A1D7QWI0_9BACI Group 2 truncated hemoglobin yjbI OS=Bacillus beveridgei OX=632773 GN=yjbI PE=4 SV=1
G0A440/8-123         -            116 seed_msa             -            157   0.00059   18.7   0.1   1   1   0.00026   0.00085   18.2   0.1    29    67     9    50     7    96 0.87 tr|G0A440|G0A440_METMM Group 1 truncated hemoglobin OS=Methylomonas methanica (strain MC09) OX=857087 GN=Metme_0643 PE=3 SV=1
A0A1C4U0W8/12-120    -            109 seed_msa             -            157    0.0006   18.7   0.0   1   1   0.00093     0.003   16.4   0.0    29    63     8    45     6   107 0.75 tr|A0A1C4U0W8|A0A1C4U0W8_9ACTN Group 1 truncated hemoglobin OS=Micromonospora chaiyaphumensis OX=307119 GN=GA0070214_101227 PE=3 SV=1
A0A1I4Q8X4/9-123     -            115 seed_msa             -            157    0.0006   18.7   0.0   1   1   0.00027    0.0009   18.1   0.0    27    70     4    49     1    53 0.88 tr|A0A1I4Q8X4|A0A1I4Q8X4_9BACI Hemoglobin OS=Psychrobacillus psychrodurans OX=126157 GN=SAMN05421832_102141 PE=4 SV=1
F5L510/8-125         -            118 seed_msa             -            157    0.0006   18.7   0.0   1   1   0.00025    0.0008   18.3   0.0    30    74    10    52     7   109 0.77 tr|F5L510|F5L510_CALTT Globin OS=Caldalkalibacillus thermarum (strain TA2.A1) OX=986075 GN=CathTA2_0873 PE=4 SV=1
A0A160M8L8/9-122     -            114 seed_msa             -            157   0.00061   18.7   0.0   1   1   0.00028   0.00092   18.1   0.0    29    70     6    49     2    57 0.85 tr|A0A160M8L8|A0A160M8L8_9BACI Globin OS=Bacillus oceanisediminis 2691 OX=1196031 GN=A361_07600 PE=4 SV=1
E5WE36/9-122         -            114 seed_msa             -            157   0.00061   18.7   0.0   1   1   0.00028   0.00092   18.1   0.0    29    70     6    49     2    57 0.85 tr|E5WE36|E5WE36_9BACI Protozoan/cyano globin family protein OS=Bacillus sp. 2_A_57_CT2 OX=665959 GN=HMPREF1013_00711 PE=4 SV=1
A0A1B3LSL5/26-140    -            115 seed_msa             -            157   0.00061   18.7   0.0   1   1    0.0004    0.0013   17.6   0.0    29    76     7    55     5    63 0.91 tr|A0A1B3LSL5|A0A1B3LSL5_9PROT Bacterial-like globin family protein OS=Methyloversatilis sp. RAC08 OX=1842540 GN=BSY238_1220 PE=4 SV=1
A0A095S6E3/12-125    -            114 seed_msa             -            157   0.00061   18.7   0.0   1   1   0.00025    0.0008   18.3   0.0    29    77     9    56     5   106 0.90 tr|A0A095S6E3|A0A095S6E3_9GAMM Putative methyl-accepting chemotaxis protein OS=Alcanivorax jadensis T9 OX=1177181 GN=T9A_03107 PE=4 SV=1
A0A1A3JNA8/14-126    -            113 seed_msa             -            157   0.00062   18.6   0.0   1   1   0.00032     0.001   17.9   0.0    30    72    10    51     8   107 0.86 tr|A0A1A3JNA8|A0A1A3JNA8_9MYCO Group 1 truncated hemoglobin OS=Mycobacterium marseillense OX=701042 GN=A5626_22280 PE=3 SV=1
E6TX59/10-124        -            115 seed_msa             -            157   0.00062   18.6   0.0   1   1   0.00027   0.00088   18.1   0.0    27    70     4    49     2    68 0.92 tr|E6TX59|E6TX59_BACCJ Globin OS=Bacillus cellulosilyticus (strain ATCC 21833 / DSM 2522 / FERM P-1141 / JCM 9156 / N-4) OX=649639 GN=Bcell_2897 PE=4 SV=1
A0A074M8W3/2-114     -            113 seed_msa             -            157   0.00062   18.6   0.1   1   1   0.00039    0.0013   17.6   0.1    29    70     9    49     7   109 0.80 tr|A0A074M8W3|A0A074M8W3_9BACL Group 1 truncated hemoglobin OS=Tumebacillus flagellatus OX=1157490 GN=EL26_15910 PE=3 SV=1
A0A1X2BEZ9/3-115     -            113 seed_msa             -            157   0.00063   18.6   0.0   1   1   0.00026   0.00085   18.2   0.0    30    77    10    56     8    96 0.87 tr|A0A1X2BEZ9|A0A1X2BEZ9_MYCPR Group 1 truncated hemoglobin OS=Mycolicibacterium peregrinum OX=43304 GN=AWC21_05430 PE=3 SV=1
B5VZ87/3-95          -             93 seed_msa             -            157   0.00063   18.6   0.1   1   1   0.00024   0.00078   18.3   0.1    29    88     9    69     7    93 0.80 tr|B5VZ87|B5VZ87_LIMMA Globin OS=Arthrospira maxima CS-328 OX=513049 GN=AmaxDRAFT_1829 PE=4 SV=1
K1WNJ5/3-95          -             93 seed_msa             -            157   0.00063   18.6   0.1   1   1   0.00024   0.00078   18.3   0.1    29    88     9    69     7    93 0.80 tr|K1WNJ5|K1WNJ5_ARTPT Globin OS=Arthrospira platensis C1 OX=459495 GN=SPLC1_S101980 PE=4 SV=1
A0A1R1QDT3/9-123     -            115 seed_msa             -            157   0.00065   18.6   0.0   1   1   0.00028   0.00093   18.1   0.0    27    70     4    49     1    52 0.90 tr|A0A1R1QDT3|A0A1R1QDT3_9BACI Thiol management oxidoreductase OS=Bacillus swezeyi OX=1925020 GN=BTA30_05545 PE=4 SV=1
A0A1S8VJ88/4-111     -            108 seed_msa             -            157   0.00065   18.6   0.0   1   1   0.00035    0.0011   17.8   0.0    29    78     8    57     4   107 0.74 tr|A0A1S8VJ88|A0A1S8VJ88_9FUNG Uncharacterized protein OS=Batrachochytrium salamandrivorans OX=1357716 GN=BSLG_07266 PE=4 SV=1
A0A1Q9Q5E8/9-123     -            115 seed_msa             -            157   0.00066   18.6   0.0   1   1    0.0003   0.00098   18.0   0.0    28    70     5    49     1    51 0.82 tr|A0A1Q9Q5E8|A0A1Q9Q5E8_9BACI Globin OS=Bacillus sp. MRMR6 OX=1928617 GN=BTR25_00160 PE=4 SV=1
A0A2A8IIT6/9-122     -            114 seed_msa             -            157   0.00066   18.5   0.0   1   1   0.00035    0.0011   17.8   0.0    29    70     6    49     2    58 0.80 tr|A0A2A8IIT6|A0A2A8IIT6_9BACI Globin OS=Bacillus sp. AFS006103 OX=2033483 GN=CN481_07785 PE=4 SV=1
A0A0F7RL11/9-124     -            116 seed_msa             -            157   0.00066   18.5   0.0   1   1   0.00029   0.00094   18.0   0.0    31    70     9    50     6    60 0.90 tr|A0A0F7RL11|A0A0F7RL11_BACAN Protozoan/cyanobacterial globin family protein OS=Bacillus anthracis OX=1392 GN=GBAA_1209 PE=1 SV=1
A0A291BCK9/9-124     -            116 seed_msa             -            157   0.00066   18.5   0.0   1   1   0.00023   0.00074   18.4   0.0    32    77    10    53     6    90 0.89 tr|A0A291BCK9|A0A291BCK9_BREBE Globin OS=Brevibacillus brevis X23 OX=1200792 GN=A616_01385 PE=4 SV=1
A0A1Y1W676/22-129    -            108 seed_msa             -            157   0.00067   18.5   0.1   1   1   0.00032     0.001   17.9   0.1    29    77     4    51     2   101 0.90 tr|A0A1Y1W676|A0A1Y1W676_9FUNG Globin-like protein OS=Basidiobolus meristosporus CBS 931.73 OX=1314790 GN=K493DRAFT_248099 PE=4 SV=1
M5P9J3/9-123         -            115 seed_msa             -            157   0.00067   18.5   0.0   1   1   0.00028   0.00093   18.1   0.0    27    70     4    49     1    52 0.90 tr|M5P9J3|M5P9J3_9BACI Hemoglobin YjbI OS=Bacillus sonorensis L12 OX=1274524 GN=BSONL12_04099 PE=4 SV=1
A0A0M0GR86/9-123     -            115 seed_msa             -            157   0.00068   18.5   0.0   1   1   0.00035    0.0011   17.8   0.0    29    70     6    49     3    51 0.89 tr|A0A0M0GR86|A0A0M0GR86_9BACI Globin OS=Bacillus marisflavi OX=189381 GN=AF331_07945 PE=4 SV=1
A0A1C7DQK2/9-123     -            115 seed_msa             -            157   0.00069   18.5   0.0   1   1   0.00029   0.00096   18.0   0.0    28    70     5    49     1    53 0.87 tr|A0A1C7DQK2|A0A1C7DQK2_9BACL Globin OS=Planococcus halocryophilus OX=1215089 GN=BBI08_07725 PE=4 SV=1
A0A172UD46/11-125    -            115 seed_msa             -            157   0.00069   18.5   0.0   1   1    0.0016    0.0052   15.6   0.0    29    66     9    49     7    54 0.93 tr|A0A172UD46|A0A172UD46_9GAMM Group 1 truncated hemoglobin OS=Methylomonas sp. DH-1 OX=1727196 GN=AYM39_18885 PE=3 SV=1
A0A177P5E3/11-125    -            115 seed_msa             -            157   0.00069   18.5   0.0   1   1    0.0016    0.0052   15.6   0.0    29    66     9    49     7    54 0.93 tr|A0A177P5E3|A0A177P5E3_9GAMM Group 1 truncated hemoglobin OS=Methylomonas koyamae OX=702114 GN=A1507_06875 PE=3 SV=1
F9ZWQ0/6-120         -            115 seed_msa             -            157   0.00069   18.5   0.0   1   1   0.00026   0.00084   18.2   0.0    29   120     9    98     6   112 0.89 tr|F9ZWQ0|F9ZWQ0_METMM Group 1 truncated hemoglobin OS=Methylomonas methanica (strain MC09) OX=857087 GN=Metme_2506 PE=3 SV=1
A0A1G8TWE2/4-113     -            110 seed_msa             -            157   0.00069   18.5   0.0   1   1   0.00034    0.0011   17.8   0.0    26   125     4    94     1   107 0.78 tr|A0A1G8TWE2|A0A1G8TWE2_9ACTN Hemoglobin OS=Nonomuraea jiangxiensis OX=633440 GN=SAMN05421869_110287 PE=4 SV=1
D5WXG9/3-114         -            112 seed_msa             -            157    0.0007   18.5   0.0   1   1    0.0016    0.0052   15.6   0.0    29    66     9    47     7    49 0.92 tr|D5WXG9|D5WXG9_KYRT2 Group 1 truncated hemoglobin OS=Kyrpidia tusciae (strain DSM 2912 / NBRC 15312 / T2) OX=562970 GN=Btus_1160 PE=3 SV=1
A0A0Q6THS8/43-151    -            109 seed_msa             -            157    0.0007   18.5   0.0   1   1    0.0003   0.00099   18.0   0.0    29    77     8    55     6    85 0.91 tr|A0A0Q6THS8|A0A0Q6THS8_9BURK Group 1 truncated hemoglobin OS=Pelomonas sp. Root1217 OX=1736430 GN=ASC95_11570 PE=3 SV=1
A0A1Y1Y646/16-122    -            107 seed_msa             -            157    0.0007   18.5   0.2   1   1   0.00059    0.0019   17.1   0.2    29    77     4    51     2    75 0.87 tr|A0A1Y1Y646|A0A1Y1Y646_9FUNG Globin-like protein OS=Basidiobolus meristosporus CBS 931.73 OX=1314790 GN=K493DRAFT_223465 PE=4 SV=1
A0A1V8MAV0/6-121     -            116 seed_msa             -            157   0.00071   18.5   0.0   1   1   0.00027   0.00087   18.2   0.0    29   121     9    99     6   113 0.89 tr|A0A1V8MAV0|A0A1V8MAV0_9GAMM Group 1 truncated hemoglobin OS=Methyloprofundus sedimenti OX=1420851 GN=AU255_12720 PE=3 SV=1
W4QYA2/9-123         -            115 seed_msa             -            157   0.00071   18.5   0.0   1   1   0.00029   0.00096   18.0   0.0    28    74     5    49     1    69 0.79 tr|W4QYA2|W4QYA2_BACA3 Hemoglobin-like protein HbO OS=Bacillus akibai (strain ATCC 43226 / DSM 21942 / JCM 9157 / 1139) OX=1236973 GN=JCM9157_4304 PE=4 SV=1
A0A2A8V860/9-123     -            115 seed_msa             -            157   0.00071   18.4   0.0   1   1   0.00033    0.0011   17.8   0.0    29    70     6    49     3    58 0.89 tr|A0A2A8V860|A0A2A8V860_9BACI Globin OS=Bacillus sp. AFS015802 OX=2033486 GN=CN378_13925 PE=4 SV=1
A0A1C4ZFF9/48-159    -            112 seed_msa             -            157   0.00071   18.4   0.1   1   1    0.0013    0.0044   15.9   0.1    29   122     8    92     6   109 0.62 tr|A0A1C4ZFF9|A0A1C4ZFF9_MICEC Group 1 truncated hemoglobin OS=Micromonospora echinospora OX=1877 GN=GA0070618_5176 PE=3 SV=1
A0A1Q5HDK8/12-105    -             94 seed_msa             -            157   0.00071   18.4   0.0   1   1   0.00084    0.0027   16.5   0.0    29    63     8    42     6    53 0.83 tr|A0A1Q5HDK8|A0A1Q5HDK8_9ACTN Group 1 truncated hemoglobin OS=Micromonospora sp. TSRI0369 OX=1703936 GN=AMK25_17555 PE=3 SV=1
A0A1A9BCB8/12-110    -             99 seed_msa             -            157   0.00072   18.4   0.1   1   1   0.00053    0.0017   17.2   0.1    29    63     8    42     6    93 0.81 tr|A0A1A9BCB8|A0A1A9BCB8_9ACTN Group 1 truncated hemoglobin OS=Micromonospora sediminicola OX=946078 GN=GA0070622_3663 PE=3 SV=1
A0A148N7L1/4-118     -            115 seed_msa             -            157   0.00072   18.4   0.0   1   1    0.0003   0.00097   18.0   0.0    29   121     9    99     7   111 0.83 tr|A0A148N7L1|A0A148N7L1_9GAMM Group 1 truncated hemoglobin OS=Methylothermaceae bacteria B42 OX=1798802 GN=AXA67_09395 PE=3 SV=1
A0A1X2LVR0/14-126    -            113 seed_msa             -            157   0.00073   18.4   0.0   1   1   0.00047    0.0015   17.3   0.0    30    76    10    55     8   107 0.78 tr|A0A1X2LVR0|A0A1X2LVR0_9MYCO Group 1 truncated hemoglobin OS=Mycobacterium decipiens OX=1430326 GN=B8W66_09125 PE=3 SV=1
H5X4Y0/4-115         -            112 seed_msa             -            157   0.00073   18.4   0.0   1   1   0.00038    0.0012   17.7   0.0    30    73     9    51     7    62 0.84 tr|H5X4Y0|H5X4Y0_9PSEU Group 1 truncated hemoglobin OS=Saccharomonospora marina XMU15 OX=882083 GN=SacmaDRAFT_4064 PE=3 SV=1
A0A0K9GR21/9-123     -            115 seed_msa             -            157   0.00074   18.4   0.0   1   1   0.00031     0.001   18.0   0.0    29    70     6    49     2    60 0.91 tr|A0A0K9GR21|A0A0K9GR21_9BACI Globin OS=Bacillus loiseleuriae OX=1679170 GN=AC625_05865 PE=4 SV=1
A0A2A5H150/7-124     -            118 seed_msa             -            157   0.00074   18.4   0.1   1   1    0.0004    0.0013   17.6   0.1    29   119     9    98     7   114 0.72 tr|A0A2A5H150|A0A2A5H150_9PROT Group 1 truncated hemoglobin OS=Zetaproteobacteria bacterium OX=2026807 GN=COA45_07195 PE=3 SV=1
A0A0A3IK80/9-123     -            115 seed_msa             -            157   0.00074   18.4   0.1   1   1   0.00026   0.00086   18.2   0.1    26    70     3    49     1   111 0.91 tr|A0A0A3IK80|A0A0A3IK80_9BACI Globin OS=Lysinibacillus odysseyi 34hs-1 = NBRC 100172 OX=1220589 GN=CD32_14245 PE=4 SV=1
A0A1Z4EHI8/13-125    -            113 seed_msa             -            157   0.00074   18.4   0.0   1   1   0.00054    0.0018   17.2   0.0    30    74    10    53     8   109 0.81 tr|A0A1Z4EHI8|A0A1Z4EHI8_9MYCO Group 1 truncated hemoglobin OS=Mycobacterium shigaense OX=722731 GN=glbN PE=3 SV=1
A0A158D6T6/25-136    -            112 seed_msa             -            157   0.00075   18.4   0.0   1   1   0.00029   0.00093   18.1   0.0    32    77    11    55     6    90 0.89 tr|A0A158D6T6|A0A158D6T6_9BURK Group 1 truncated hemoglobin OS=Caballeronia calidae OX=1777139 GN=glbN PE=3 SV=1
A0A161Q7C5/9-124     -            116 seed_msa             -            157   0.00075   18.4   0.0   1   1   0.00037    0.0012   17.7   0.0    29    66     7    50     5    57 0.82 tr|A0A161Q7C5|A0A161Q7C5_9BACI Globin OS=Bacillus trypoxylicola OX=519424 GN=AZF04_06560 PE=4 SV=1
A0A073K1A5/9-124     -            116 seed_msa             -            157   0.00075   18.4   0.0   1   1    0.0003   0.00096   18.0   0.0    29    74     7    50     5    66 0.77 tr|A0A073K1A5|A0A073K1A5_9BACI Globin OS=Bacillus manliponensis OX=574376 GN=BAMA_17435 PE=4 SV=1
X0RUZ3/9-124         -            116 seed_msa             -            157   0.00076   18.3   0.0   1   1    0.0004    0.0013   17.6   0.0    30    66     8    50     6    57 0.82 tr|X0RUZ3|X0RUZ3_9BACI Globin family protein OS=Bacillus sp. TS-2 OX=1450694 GN=BTS2_3771 PE=4 SV=1
A0A1J6H9E6/9-123     -            115 seed_msa             -            157   0.00076   18.3   0.0   1   1   0.00033    0.0011   17.8   0.0    27    70     4    49     1    52 0.90 tr|A0A1J6H9E6|A0A1J6H9E6_9BACI Hemoglobin-like protein HbO OS=Bacillus paralicheniformis OX=1648923 GN=B4121_2007 PE=4 SV=1
T5HU59/9-123         -            115 seed_msa             -            157   0.00076   18.3   0.0   1   1   0.00033    0.0011   17.8   0.0    27    70     4    49     1    52 0.90 tr|T5HU59|T5HU59_BACLI Thiol management oxidoreductase OS=Bacillus licheniformis CG-B52 OX=1368424 GN=N399_06685 PE=4 SV=1
A0A1Y2ZYN5/12-117    -            106 seed_msa             -            157   0.00076   18.3   0.0   1   1    0.0003   0.00099   18.0   0.0    29    91     9    70     7    98 0.72 tr|A0A1Y2ZYN5|A0A1Y2ZYN5_9GAMM Group 1 truncated hemoglobin OS=Crenothrix sp. D3 OX=1880899 GN=BCS42_03320 PE=3 SV=1
A0A1V0A5N2/3-115     -            113 seed_msa             -            157   0.00077   18.3   0.0   1   1    0.0003   0.00098   18.0   0.0    30    76    10    55     7    90 0.82 tr|A0A1V0A5N2|A0A1V0A5N2_9ACTN Group 1 truncated hemoglobin OS=Nonomuraea sp. ATCC 55076 OX=1909395 GN=BKM31_32300 PE=3 SV=1
A0A0C1RCQ0/4-117     -            114 seed_msa             -            157   0.00078   18.3   0.0   1   1   0.00044    0.0014   17.5   0.0    30   133     9   109     7   114 0.81 tr|A0A0C1RCQ0|A0A0C1RCQ0_9CYAN Group 1 truncated hemoglobin OS=Tolypothrix bouteillei VB521301 OX=1479485 GN=DA73_0205165 PE=3 SV=1
Q65LA7/9-123         -            115 seed_msa             -            157   0.00078   18.3   0.0   1   1   0.00035    0.0011   17.8   0.0    27    70     4    49     1    51 0.90 tr|Q65LA7|Q65LA7_BACLD Truncated form of bacterial hemoglobin YjbI OS=Bacillus licheniformis (strain ATCC 14580 / DSM 13 / JCM 2505 / NBRC 12200 / NCIMB 9375 / NRRL NRS-1264 / Gibson 46) OX=279010 GN=yjbI PE=4 SV=1
A0A1I2KSW4/3-115     -            113 seed_msa             -            157   0.00078   18.3   0.0   1   1   0.00029   0.00096   18.0   0.0    29    79     9    58     7   107 0.79 tr|A0A1I2KSW4|A0A1I2KSW4_9MYCO Group 1 truncated hemoglobin OS=Mycobacterium sp. 455mf OX=1761812 GN=SAMN04488582_103862 PE=3 SV=1
Q8EKQ1/24-144        -            121 seed_msa             -            157   0.00078   18.3   0.2   1   1   0.00072    0.0023   16.8   0.2    30    92    10    75     8   117 0.79 tr|Q8EKQ1|Q8EKQ1_SHEON Globin OS=Shewanella oneidensis (strain MR-1) OX=211586 GN=SO_0039 PE=4 SV=1
A0A1M4ZJ60/5-120     -            116 seed_msa             -            157   0.00078   18.3   0.0   1   1   0.00038    0.0012   17.7   0.0    29    62     7    42     5    59 0.77 tr|A0A1M4ZJ60|A0A1M4ZJ60_9BACL Hemoglobin OS=Seinonella peptonophila OX=112248 GN=SAMN05444392_10985 PE=4 SV=1
C0ZJJ2/3-115         -            113 seed_msa             -            157   0.00079   18.3   0.2   1   1    0.0006     0.002   17.0   0.2    29   121     9    96     7   110 0.82 tr|C0ZJJ2|C0ZJJ2_BREBN Group 1 truncated hemoglobin OS=Brevibacillus brevis (strain 47 / JCM 6285 / NBRC 100599) OX=358681 GN=BBR47_45900 PE=3 SV=1
A0A256BEP4/3-107     -            105 seed_msa             -            157   0.00079   18.3   0.1   1   1   0.00027   0.00088   18.1   0.1    29    86     9    67     7    94 0.82 tr|A0A256BEP4|A0A256BEP4_9CYAN Group 1 truncated hemoglobin OS=Pseudanabaena sp. SR411 OX=1980935 GN=B9G53_11675 PE=3 SV=1
A0A231H5B1/20-132    -            113 seed_msa             -            157    0.0008   18.3   0.0   1   1   0.00084    0.0027   16.5   0.0    30   120    10    95     8   109 0.76 tr|A0A231H5B1|A0A231H5B1_9NOCA Group 1 truncated hemoglobin OS=Nocardia cerradoensis OX=85688 GN=glbN_2 PE=3 SV=1
W7IE84/2-114         -            113 seed_msa             -            157    0.0008   18.3   0.0   1   1   0.00039    0.0013   17.6   0.0    31    76    11    55     8   107 0.76 tr|W7IE84|W7IE84_9PSEU Group 1 truncated hemoglobin OS=Actinokineospora spheciospongiae OX=909613 GN=UO65_5577 PE=3 SV=1
A0A1Y6F0C0/9-123     -            115 seed_msa             -            157    0.0008   18.3   0.0   1   1   0.00041    0.0013   17.6   0.0    29    70     6    49     2    66 0.81 tr|A0A1Y6F0C0|A0A1Y6F0C0_9BACI Hemoglobin OS=Bacillus sp. OV166 OX=1882763 GN=SAMN05444673_1634 PE=4 SV=1
V6T2J6/9-122         -            114 seed_msa             -            157    0.0008   18.3   0.0   1   1   0.00039    0.0013   17.6   0.0    32    70     9    49     3    57 0.90 tr|V6T2J6|V6T2J6_9BACI Uncharacterized protein OS=Bacillus sp. 17376 OX=977905 GN=G3A_10205 PE=4 SV=1
W4RLE5/9-122         -            114 seed_msa             -            157    0.0008   18.3   0.0   1   1   0.00039    0.0013   17.6   0.0    32    70     9    49     3    57 0.90 tr|W4RLE5|W4RLE5_9BACI Hemoglobin-like protein HbO OS=Bacillus boroniphilus JCM 21738 OX=1294265 GN=JCM21738_1920 PE=4 SV=1
A0A1V4ENM9/15-107    -             93 seed_msa             -            157   0.00081   18.3   0.0   1   1   0.00049    0.0016   17.3   0.0    30   103     9    77     6    90 0.85 tr|A0A1V4ENM9|A0A1V4ENM9_9ACTN Group 1 truncated hemoglobin OS=Microbispora sp. GKU 823 OX=1652100 GN=B1L11_02600 PE=3 SV=1
A0A1G8X8B3/6-123     -            118 seed_msa             -            157   0.00081   18.3   0.0   1   1    0.0004    0.0013   17.6   0.0    31    77    11    55     9    62 0.86 tr|A0A1G8X8B3|A0A1G8X8B3_9BACI Hemoglobin OS=Sediminibacillus albus OX=407036 GN=SAMN05216243_1224 PE=4 SV=1
A0A2A8TGX4/4-117     -            114 seed_msa             -            157   0.00082   18.3   0.3   1   1   0.00053    0.0017   17.2   0.3    29   121     9    97     5   114 0.83 tr|A0A2A8TGX4|A0A2A8TGX4_9BACI Group 1 truncated hemoglobin OS=Bacillus sp. AFS017274 OX=2033488 GN=CN380_24140 PE=3 SV=1
A0A2B1SAG8/9-123     -            115 seed_msa             -            157   0.00082   18.2   0.0   1   1   0.00041    0.0013   17.6   0.0    30    70     7    49     2    52 0.81 tr|A0A2B1SAG8|A0A2B1SAG8_9BACI Globin OS=Bacillus sp. AFS076308 OX=2033512 GN=COJ85_07735 PE=4 SV=1
A0A2C1YSV7/9-123     -            115 seed_msa             -            157   0.00082   18.2   0.0   1   1   0.00041    0.0013   17.6   0.0    30    70     7    49     2    52 0.81 tr|A0A2C1YSV7|A0A2C1YSV7_9BACI Globin OS=Bacillus sp. AFS037270 OX=2033499 GN=COD92_28060 PE=4 SV=1
A0A0J6D0P4/4-120     -            117 seed_msa             -            157   0.00083   18.2   0.0   1   1   0.00038    0.0013   17.6   0.0    30    61     9    46     1    59 0.76 tr|A0A0J6D0P4|A0A0J6D0P4_9BACI Globin OS=Anaerobacillus macyae OX=157733 GN=AB986_06425 PE=4 SV=1
A0A0A8X014/3-115     -            113 seed_msa             -            157   0.00083   18.2   0.0   1   1    0.0011    0.0035   16.2   0.0    29    66     9    47     7    54 0.88 tr|A0A0A8X014|A0A0A8X014_9BACI Group 1 truncated hemoglobin OS=Bacillus selenatarsenatis SF-1 OX=1321606 GN=SAMD00020551_1457 PE=3 SV=1
A0A2B5QZE1/9-124     -            116 seed_msa             -            157   0.00083   18.2   0.0   1   1    0.0004    0.0013   17.6   0.0    30    70     8    50     6    53 0.90 tr|A0A2B5QZE1|A0A2B5QZE1_9BACI Globin OS=Bacillus pseudomycoides OX=64104 GN=COL79_20340 PE=4 SV=1
A0A1S2QYE9/9-123     -            115 seed_msa             -            157   0.00083   18.2   0.0   1   1   0.00042    0.0014   17.5   0.0    28    70     5    49     1    52 0.80 tr|A0A1S2QYE9|A0A1S2QYE9_9BACI Globin OS=Bacillus sp. MUM 116 OX=1678002 GN=BIV60_18570 PE=4 SV=1
A0A117I7Y6/11-123    -            113 seed_msa             -            157   0.00083   18.2   0.0   1   1   0.00039    0.0013   17.6   0.0    30    77    10    56     8   107 0.85 tr|A0A117I7Y6|A0A117I7Y6_9MYCO Group 1 truncated hemoglobin OS=Mycolicibacterium brisbanense OX=146020 GN=RMCB_6499 PE=3 SV=1
A0A0Q3QM05/9-122     -            114 seed_msa             -            157   0.00083   18.2   0.0   1   1   0.00048    0.0016   17.3   0.0    30    70     7    49     4    68 0.89 tr|A0A0Q3QM05|A0A0Q3QM05_9BACI Globin OS=Bacillus solani OX=1637975 GN=AN957_08955 PE=4 SV=1
A0A1Y0IN08/6-118     -            113 seed_msa             -            157   0.00083   18.2   1.1   1   1    0.0016    0.0052   15.6   1.1    29   117     9    92     7   109 0.71 tr|A0A1Y0IN08|A0A1Y0IN08_9BACL Group 1 truncated hemoglobin OS=Tumebacillus avium OX=1903704 GN=CBW65_13175 PE=3 SV=1
A0A2I0R5Y3/9-124     -            116 seed_msa             -            157   0.00085   18.2   0.0   1   1    0.0003   0.00098   18.0   0.0    28    79     6    57     2   112 0.77 tr|A0A2I0R5Y3|A0A2I0R5Y3_9FLAO Globin OS=Brumimicrobium salinarum OX=2058658 GN=CW751_01220 PE=4 SV=1
A0A1A2MD85/3-115     -            113 seed_msa             -            157   0.00085   18.2   0.0   1   1    0.0004    0.0013   17.6   0.0    30    77    10    56     8   107 0.77 tr|A0A1A2MD85|A0A1A2MD85_9MYCO Group 1 truncated hemoglobin OS=Mycobacterium sp. E136 OX=1834125 GN=A5698_08090 PE=3 SV=1
A0A1I4DWA3/9-124     -            116 seed_msa             -            157   0.00085   18.2   0.0   1   1   0.00028   0.00092   18.1   0.0    31    78     9    54     6   110 0.79 tr|A0A1I4DWA3|A0A1I4DWA3_9BACL Hemoglobin OS=Brevibacillus sp. OK042 OX=1884381 GN=SAMN05518846_12638 PE=4 SV=1
A0A0H5SBJ9/3-115     -            113 seed_msa             -            157   0.00085   18.2   0.0   1   1   0.00053    0.0017   17.2   0.0    29    77     9    56     7   106 0.79 tr|A0A0H5SBJ9|A0A0H5SBJ9_9MYCO Group 1 truncated hemoglobin OS=Mycolicibacterium neworleansense OX=146018 GN=BN2156_05716 PE=3 SV=1
A0A1Q4HYT4/14-126    -            113 seed_msa             -            157   0.00085   18.2   0.0   1   1   0.00038    0.0012   17.7   0.0    30    72    10    51     8   107 0.88 tr|A0A1Q4HYT4|A0A1Q4HYT4_9MYCO Group 1 truncated hemoglobin OS=Mycobacterium paraffinicum OX=53378 GN=BRW65_06100 PE=3 SV=1
A0A2E9EC29/11-127    -            117 seed_msa             -            157   0.00086   18.2   0.0   1   1   0.00052    0.0017   17.2   0.0    30    71     7    49     3    56 0.92 tr|A0A2E9EC29|A0A2E9EC29_9GAMM Globin OS=Gammaproteobacteria bacterium OX=1913989 GN=CMQ27_08205 PE=4 SV=1
A0A2C2VE79/9-123     -            115 seed_msa             -            157   0.00086   18.2   0.0   1   1   0.00047    0.0015   17.4   0.0    29    70     6    49     2    58 0.80 tr|A0A2C2VE79|A0A2C2VE79_9BACI Globin OS=Bacillus sp. AFS031507 OX=2033496 GN=COE25_12530 PE=4 SV=1
A0A1Y5FNV2/11-123    -            113 seed_msa             -            157   0.00088   18.2   0.0   1   1   0.00031     0.001   17.9   0.0    29   114     8    88     6   109 0.74 tr|A0A1Y5FNV2|A0A1Y5FNV2_9GAMM Group 1 truncated hemoglobin OS=Gammaproteobacteria bacterium 53_120_T64 OX=1856295 GN=A9Q89_06540 PE=3 SV=1
A0A0A8X9H7/9-122     -            114 seed_msa             -            157   0.00088   18.2   0.0   1   1   0.00042    0.0014   17.5   0.0    31    70     8    49     2    57 0.89 tr|A0A0A8X9H7|A0A0A8X9H7_9BACI Hemoglobin-like protein HbO OS=Bacillus selenatarsenatis SF-1 OX=1321606 GN=SAMD00020551_4817 PE=4 SV=1
A0A0M4G703/9-123     -            115 seed_msa             -            157   0.00088   18.1   0.0   1   1   0.00035    0.0011   17.8   0.0    27    70     4    49     1    60 0.89 tr|A0A0M4G703|A0A0M4G703_9BACI Thiol management oxidoreductase OS=Bacillus gobiensis OX=1441095 GN=AM592_03425 PE=4 SV=1
A0A256KEB0/5-95      -             91 seed_msa             -            157   0.00088   18.1   0.0   1   1   0.00033    0.0011   17.9   0.0    31    77    11    56     8    91 0.73 tr|A0A256KEB0|A0A256KEB0_9EURY Group 1 truncated hemoglobin (Fragment) OS=Halorubrum ezzemoulense OX=337243 GN=DJ84_20045 PE=4 SV=1
A0A2E3QL91/11-127    -            117 seed_msa             -            157    0.0009   18.1   0.0   1   1   0.00052    0.0017   17.2   0.0    30    71     7    49     3    56 0.92 tr|A0A2E3QL91|A0A2E3QL91_9GAMM Globin OS=Gammaproteobacteria bacterium OX=1913989 GN=CMQ39_05440 PE=4 SV=1
A0A0I9UKT6/14-126    -            113 seed_msa             -            157    0.0009   18.1   0.0   1   1   0.00044    0.0014   17.5   0.0    30    77    10    56     8   106 0.77 tr|A0A0I9UKT6|A0A0I9UKT6_9MYCO Group 1 truncated hemoglobin OS=Mycobacterium haemophilum OX=29311 GN=ABH38_09380 PE=3 SV=1
A0A2G8ITB3/9-123     -            115 seed_msa             -            157    0.0009   18.1   0.0   1   1   0.00034    0.0011   17.8   0.0    26    70     3    49     1    67 0.89 tr|A0A2G8ITB3|A0A2G8ITB3_BACPU Thiol management oxidoreductase OS=Bacillus pumilus OX=1408 GN=CTV99_10895 PE=4 SV=1
A0A1S2M1L2/9-124     -            116 seed_msa             -            157    0.0009   18.1   0.0   1   1   0.00042    0.0014   17.5   0.0    29    74     7    50     6    70 0.75 tr|A0A1S2M1L2|A0A1S2M1L2_9BACI Globin OS=Anaerobacillus alkalidiazotrophicus OX=472963 GN=BKP45_13125 PE=4 SV=1
A0A158AI55/25-136    -            112 seed_msa             -            157   0.00091   18.1   0.0   1   1   0.00045    0.0015   17.4   0.0    32    77    11    55     8    90 0.88 tr|A0A158AI55|A0A158AI55_9BURK Group 1 truncated hemoglobin GlbN OS=Caballeronia catudaia OX=1777136 GN=glbN PE=4 SV=1
A0A0C2W0P8/9-123     -            115 seed_msa             -            157   0.00091   18.1   0.0   1   1    0.0004    0.0013   17.6   0.0    29    70     6    49     3    58 0.90 tr|A0A0C2W0P8|A0A0C2W0P8_9BACL Globin OS=Jeotgalibacillus alimentarius OX=135826 GN=KP77_15810 PE=4 SV=1
D1A239/8-120         -            113 seed_msa             -            157   0.00091   18.1   0.0   1   1   0.00049    0.0016   17.3   0.0    30   116    10    91     8   107 0.86 tr|D1A239|D1A239_THECD Group 1 truncated hemoglobin OS=Thermomonospora curvata (strain ATCC 19995 / DSM 43183 / JCM 3096 / NBRC 15933 / NCIMB 10081 / Henssen B9) OX=471852 GN=Tcur_4165 PE=3 SV=1
A0A1A3MLB3/3-115     -            113 seed_msa             -            157   0.00091   18.1   0.0   1   1   0.00066    0.0022   16.9   0.0    30    74    10    53     8    97 0.82 tr|A0A1A3MLB3|A0A1A3MLB3_MYCFO Group 1 truncated hemoglobin OS=Mycolicibacterium fortuitum OX=1766 GN=A5637_28590 PE=3 SV=1
A0A0D6Z4V1/9-122     -            114 seed_msa             -            157   0.00091   18.1   0.0   1   1   0.00036    0.0012   17.7   0.0    31    70     8    49     2    67 0.89 tr|A0A0D6Z4V1|A0A0D6Z4V1_9BACI Globin OS=Bacillus subterraneus OX=285983 GN=UB32_18235 PE=4 SV=1
A0A2E9SJL1/3-115     -            113 seed_msa             -            157   0.00091   18.1   0.1   1   1   0.00049    0.0016   17.3   0.1    29    77     9    56     7   108 0.76 tr|A0A2E9SJL1|A0A2E9SJL1_9GAMM Group 1 truncated hemoglobin OS=Spongiibacter sp. OX=2024860 GN=CMN81_03535 PE=3 SV=1
A0A1B4Y4B1/14-85     -             72 seed_msa             -            157   0.00092   18.1   0.0   1   1   0.00031     0.001   17.9   0.0    30    72    10    51     8    67 0.89 tr|A0A1B4Y4B1|A0A1B4Y4B1_MYCUL Globin family protein OS=Mycobacterium ulcerans subsp. shinshuense OX=1124626 GN=glbN PE=4 SV=1
A0A0P4V192/3-62      -             60 seed_msa             -            157   0.00092   18.1   0.0   1   1   0.00032     0.001   17.9   0.0    29    66     9    49     7    58 0.77 tr|A0A0P4V192|A0A0P4V192_9CYAN Cyanoglobin OS=Leptolyngbya sp. NIES-2104 OX=1552121 GN=NIES2104_49940 PE=4 SV=1
A0A2B1RTU8/7-108     -            102 seed_msa             -            157   0.00092   18.1   0.0   1   1   0.00038    0.0012   17.7   0.0    29    74     9    52     7    63 0.76 tr|A0A2B1RTU8|A0A2B1RTU8_9BACI Globin OS=Bacillus sp. AFS076308 OX=2033512 GN=COJ85_18240 PE=4 SV=1
A0A2E9G542/7-119     -            113 seed_msa             -            157   0.00093   18.1   0.2   1   1   0.00051    0.0017   17.2   0.2    30    65    10    46     8   108 0.91 tr|A0A2E9G542|A0A2E9G542_9RHOB Group 1 truncated hemoglobin OS=Thalassobius sp. OX=1979401 GN=CMO01_16810 PE=3 SV=1
A0A0K9MJN1/3-115     -            113 seed_msa             -            157   0.00093   18.1   0.2   1   1   0.00069    0.0022   16.8   0.2    29   120     9    95     7   109 0.83 tr|A0A0K9MJN1|A0A0K9MJN1_9BACI Group 1 truncated hemoglobin OS=Bacillus sp. FJAT-27238 OX=1679167 GN=AC624_28185 PE=3 SV=1
A0A2A3A9B5/7-123     -            117 seed_msa             -            157   0.00093   18.1   0.0   1   1   0.00039    0.0013   17.6   0.0    29    77     8    54     3    61 0.87 tr|A0A2A3A9B5|A0A2A3A9B5_9BACI Globin OS=Salimicrobium sp. WN024 OX=2029857 GN=CKW00_05095 PE=4 SV=1
A0A2E5TM97/3-115     -            113 seed_msa             -            157   0.00093   18.1   0.1   1   1   0.00048    0.0016   17.3   0.1    29    77     9    56     7   108 0.76 tr|A0A2E5TM97|A0A2E5TM97_9GAMM Group 1 truncated hemoglobin OS=Spongiibacter sp. OX=2024860 GN=CMN82_04700 PE=3 SV=1
A0A162D7I9/14-126    -            113 seed_msa             -            157   0.00093   18.1   0.0   1   1   0.00052    0.0017   17.2   0.0    30    74    10    53     8   107 0.82 tr|A0A162D7I9|A0A162D7I9_MYCKA Group 1 truncated hemoglobin OS=Mycobacterium kansasii OX=1768 GN=A4G26_00990 PE=3 SV=1
I0L4K0/13-123        -            111 seed_msa             -            157   0.00093   18.1   0.0   1   1    0.0018    0.0059   15.5   0.0    30   121     8    90     6   108 0.62 tr|I0L4K0|I0L4K0_9ACTN Group 1 truncated hemoglobin OS=Micromonospora lupini str. Lupac 08 OX=1150864 GN=MILUP08_43658 PE=3 SV=1
A0A0G4H7N6/78-185    -            108 seed_msa             -            157   0.00094   18.1   0.0   1   1   0.00031     0.001   18.0   0.0    29    62     9    45     6    95 0.82 tr|A0A0G4H7N6|A0A0G4H7N6_VITBC Uncharacterized protein OS=Vitrella brassicaformis (strain CCMP3155) OX=1169540 GN=Vbra_19844 PE=4 SV=1
L9ZR83/4-115         -            112 seed_msa             -            157   0.00094   18.1   0.1   1   1   0.00046    0.0015   17.4   0.1    29    71     9    50     7    76 0.77 tr|L9ZR83|L9ZR83_9EURY Globin OS=Natrialba taiwanensis DSM 12281 OX=1230458 GN=C484_16664 PE=4 SV=1
N0AMU2/10-123        -            114 seed_msa             -            157   0.00094   18.1   0.2   1   1   0.00091     0.003   16.4   0.2    29   122     9    98     5   114 0.84 tr|N0AMU2|N0AMU2_9BACI Group 1 truncated hemoglobin OS=Bacillus sp. 1NLA3E OX=666686 GN=B1NLA3E_04265 PE=3 SV=1
A0A267XFR0/9-123     -            115 seed_msa             -            157   0.00094   18.0   0.0   1   1   0.00039    0.0013   17.6   0.0    26    70     3    49     1    59 0.89 tr|A0A267XFR0|A0A267XFR0_9BACI Thiol management oxidoreductase OS=Bacillus sp. 7788 OX=2021692 GN=CHI05_01320 PE=4 SV=1
L0K5L5/4-115         -            112 seed_msa             -            157   0.00095   18.0   0.1   1   1   0.00051    0.0017   17.3   0.1    30    77    10    56     8   109 0.71 tr|L0K5L5|L0K5L5_9EURY Truncated hemoglobin OS=Natronococcus occultus SP4 OX=694430 GN=Natoc_3986 PE=4 SV=1
A3QVH3/7-121         -            115 seed_msa             -            157   0.00095   18.0   0.0   1   1   0.00038    0.0012   17.7   0.0    29   115     9    93     7   110 0.79 tr|A3QVH3|A3QVH3_9GAMM Group 1 truncated hemoglobin OS=Methylomonas sp. 16a OX=318114 GN=thbN1 PE=3 SV=1
A0A0P8A6W1/3-116     -            114 seed_msa             -            157   0.00095   18.0   0.2   1   1   0.00048    0.0016   17.3   0.1    29    71     9    50     7    65 0.84 tr|A0A0P8A6W1|A0A0P8A6W1_9CYAN Group 1 truncated hemoglobin OS=Phormidium sp. OSCR OX=1666905 GN=glbN PE=3 SV=1
A0A1Q9B7W6/9-122     -            114 seed_msa             -            157   0.00096   18.0   0.0   1   1   0.00039    0.0013   17.6   0.0    26    70     3    49     1    58 0.90 tr|A0A1Q9B7W6|A0A1Q9B7W6_BACPU Group 2 truncated hemoglobin YjbI OS=Bacillus pumilus OX=1408 GN=yjbI PE=4 SV=1
A0A1Y1YRZ5/5-112     -            108 seed_msa             -            157   0.00097   18.0   0.2   1   1   0.00051    0.0016   17.3   0.2    29    77     4    51     2   101 0.86 tr|A0A1Y1YRZ5|A0A1Y1YRZ5_9FUNG Globin-like protein (Fragment) OS=Basidiobolus meristosporus CBS 931.73 OX=1314790 GN=K493DRAFT_142112 PE=4 SV=1
A0A1I7FMG9/9-129     -            121 seed_msa             -            157   0.00097   18.0   0.0   1   1   0.00076    0.0025   16.7   0.0    30    76    10    57     8    64 0.90 tr|A0A1I7FMG9|A0A1I7FMG9_9BRAD Hemoglobin OS=Bradyrhizobium arachidis OX=858423 GN=SAMN05192541_101573 PE=4 SV=1
M0HKI7/5-118         -            114 seed_msa             -            157   0.00097   18.0   0.1   1   1   0.00062     0.002   17.0   0.1    30    77    10    56     8    74 0.83 tr|M0HKI7|M0HKI7_9EURY Cyanoglobin OS=Haloferax elongans ATCC BAA-1513 OX=1230453 GN=C453_10755 PE=4 SV=1
A0A1A0QZY9/3-115     -            113 seed_msa             -            157   0.00097   18.0   0.0   1   1   0.00039    0.0013   17.6   0.0    30    72    10    51     8    93 0.88 tr|A0A1A0QZY9|A0A1A0QZY9_MYCPR Group 1 truncated hemoglobin OS=Mycolicibacterium peregrinum OX=43304 GN=A5792_23305 PE=3 SV=1
A0A0M0X6F5/9-121     -            113 seed_msa             -            157   0.00097   18.0   0.0   1   1   0.00047    0.0015   17.4   0.0    30    70     7    49     4    68 0.89 tr|A0A0M0X6F5|A0A0M0X6F5_9BACI Globin OS=Bacillus sp. FJAT-21945 OX=1581033 GN=AMS60_04190 PE=4 SV=1
M0NVX5/5-117         -            113 seed_msa             -            157   0.00098   18.0   0.1   1   1   0.00044    0.0014   17.4   0.1    30    73    10    52     8   109 0.77 tr|M0NVX5|M0NVX5_9EURY Globin OS=Halorubrum lipolyticum DSM 21995 OX=1227482 GN=C469_05892 PE=4 SV=1
A0A2E4UTT8/6-125     -            120 seed_msa             -            157   0.00099   18.0   0.0   1   1   0.00032    0.0011   17.9   0.0    30    99    10    81     7   110 0.84 tr|A0A2E4UTT8|A0A2E4UTT8_9GAMM Uncharacterized protein OS=Gammaproteobacteria bacterium OX=1913989 GN=CMQ29_08325 PE=4 SV=1
A0A1Z9IE47/9-121     -            113 seed_msa             -            157   0.00099   18.0   0.0   1   1    0.0017    0.0057   15.5   0.0    30    66     9    48     7    59 0.83 tr|A0A1Z9IE47|A0A1Z9IE47_9BACT Group 1 truncated hemoglobin OS=Opitutales bacterium TMED158 OX=1986794 GN=CBD18_06300 PE=3 SV=1
M0PAZ0/5-117         -            113 seed_msa             -            157     0.001   18.0   0.0   1   1   0.00059    0.0019   17.0   0.0    30    66    10    47     8    58 0.85 tr|M0PAZ0|M0PAZ0_9EURY Globin OS=Halorubrum aidingense JCM 13560 OX=1230454 GN=C461_09083 PE=4 SV=1
A0A1Y4X8W8/9-124     -            116 seed_msa             -            157     0.001   17.9   0.0   1   1   0.00041    0.0013   17.6   0.0    32    77    10    53     6    70 0.88 tr|A0A1Y4X8W8|A0A1Y4X8W8_BREBE Globin OS=Brevibacillus brevis OX=1393 GN=B5G50_00235 PE=4 SV=1
A0A1A2BJB3/20-132    -            113 seed_msa             -            157     0.001   17.9   0.0   1   1   0.00099    0.0032   16.3   0.0    30   120    10    95     8   109 0.74 tr|A0A1A2BJB3|A0A1A2BJB3_9MYCO Group 1 truncated hemoglobin OS=Mycobacterium sp. 852002-51759_SCH5129042 OX=1856866 GN=A9X06_34930 PE=3 SV=1
A0A1A1XQY6/2-114     -            113 seed_msa             -            157     0.001   17.9   0.0   1   1   0.00042    0.0014   17.5   0.0    31    75    11    54     8    90 0.88 tr|A0A1A1XQY6|A0A1A1XQY6_9MYCO Group 1 truncated hemoglobin OS=Mycobacterium sp. ACS4331 OX=1834121 GN=A5727_08525 PE=3 SV=1
A0A0E1MLJ7/9-124     -            116 seed_msa             -            157     0.001   17.9   0.0   1   1   0.00043    0.0014   17.5   0.0    33    70    11    50     6    60 0.89 tr|A0A0E1MLJ7|A0A0E1MLJ7_BACCE Globin OS=Bacillus cereus OX=1396 GN=yjbI PE=4 SV=1
A0A0P7F3R4/9-123     -            115 seed_msa             -            157     0.001   17.9   0.0   1   1   0.00045    0.0015   17.4   0.0    26    70     3    49     1    52 0.90 tr|A0A0P7F3R4|A0A0P7F3R4_9BACI Thiol management oxidoreductase OS=Bacillus australimaris OX=1326968 GN=AKG37_13095 PE=4 SV=1
D5WU47/12-127        -            116 seed_msa             -            157     0.001   17.9   0.0   1   1   0.00044    0.0014   17.5   0.0    30    78     8    56     6    70 0.79 tr|D5WU47|D5WU47_KYRT2 Globin OS=Kyrpidia tusciae (strain DSM 2912 / NBRC 15312 / T2) OX=562970 GN=Btus_2643 PE=4 SV=1
A0A081L9D9/9-123     -            115 seed_msa             -            157     0.001   17.9   0.0   1   1   0.00045    0.0015   17.4   0.0    26    70     3    49     1    52 0.90 tr|A0A081L9D9|A0A081L9D9_9BACI Thiol management oxidoreductase OS=Bacillus zhangzhouensis OX=1178540 GN=BA70_05090 PE=4 SV=1
A0A0B0QDE1/9-123     -            115 seed_msa             -            157     0.001   17.9   0.0   1   1   0.00045    0.0015   17.4   0.0    26    70     3    49     1    52 0.90 tr|A0A0B0QDE1|A0A0B0QDE1_9BACI Thiol management oxidoreductase OS=Bacillus altitudinis OX=293387 GN=EVS87_03655 PE=4 SV=1
A0A0B4S6B2/9-123     -            115 seed_msa             -            157     0.001   17.9   0.0   1   1   0.00045    0.0015   17.4   0.0    26    70     3    49     1    52 0.90 tr|A0A0B4S6B2|A0A0B4S6B2_9BACI Thiol management oxidoreductase OS=Bacillus sp. WP8 OX=756828 GN=QR42_05600 PE=4 SV=1
A0A0C2SAD8/9-123     -            115 seed_msa             -            157     0.001   17.9   0.0   1   1   0.00045    0.0015   17.4   0.0    26    70     3    49     1    52 0.90 tr|A0A0C2SAD8|A0A0C2SAD8_BACPU Thiol management oxidoreductase OS=Bacillus pumilus OX=1408 GN=C6X99_01330 PE=4 SV=1
A0A0Q3T153/9-123     -            115 seed_msa             -            157     0.001   17.9   0.0   1   1   0.00045    0.0015   17.4   0.0    26    70     3    49     1    52 0.90 tr|A0A0Q3T153|A0A0Q3T153_9BACI Thiol management oxidoreductase OS=Bacillus sp. FJAT-21955 OX=1581034 GN=AN962_03150 PE=4 SV=1
A0A120PZI6/9-123     -            115 seed_msa             -            157     0.001   17.9   0.0   1   1   0.00045    0.0015   17.4   0.0    26    70     3    49     1    52 0.90 tr|A0A120PZI6|A0A120PZI6_STREE Truncated BHb OS=Streptococcus pneumoniae OX=1313 GN=yjbI PE=4 SV=1
A0A1C4CPJ0/9-123     -            115 seed_msa             -            157     0.001   17.9   0.0   1   1   0.00045    0.0015   17.4   0.0    26    70     3    49     1    52 0.90 tr|A0A1C4CPJ0|A0A1C4CPJ0_9BACI Hemoglobin OS=Bacillus sp. nio-1130 OX=1761765 GN=GA0061086_104268 PE=4 SV=1
A0A1K1WY44/9-123     -            115 seed_msa             -            157     0.001   17.9   0.0   1   1   0.00045    0.0015   17.4   0.0    26    70     3    49     1    52 0.90 tr|A0A1K1WY44|A0A1K1WY44_9BACI Hemoglobin OS=Bacillus sp. ru9509.4 OX=1761768 GN=SAMN04487921_105104 PE=4 SV=1
A0A1L7A6Z1/9-123     -            115 seed_msa             -            157     0.001   17.9   0.0   1   1   0.00045    0.0015   17.4   0.0    26    70     3    49     1    52 0.90 tr|A0A1L7A6Z1|A0A1L7A6Z1_9BACI Thiol management oxidoreductase OS=Bacillus safensis OX=561879 GN=BSA145_13685 PE=4 SV=1
A0A1V1Z3P0/9-123     -            115 seed_msa             -            157     0.001   17.9   0.0   1   1   0.00045    0.0015   17.4   0.0    26    70     3    49     1    52 0.90 tr|A0A1V1Z3P0|A0A1V1Z3P0_9BACI Thiol management oxidoreductase OS=Bacillus sp. I-2 OX=1857572 GN=BAE31_11585 PE=4 SV=1
A0A1V9CF48/9-123     -            115 seed_msa             -            157     0.001   17.9   0.0   1   1   0.00045    0.0015   17.4   0.0    26    70     3    49     1    52 0.90 tr|A0A1V9CF48|A0A1V9CF48_9BACI Thiol management oxidoreductase OS=Bacillus stratosphericus OX=293386 GN=B2I20_11950 PE=4 SV=1
A8FC02/9-123         -            115 seed_msa             -            157     0.001   17.9   0.0   1   1   0.00045    0.0015   17.4   0.0    26    70     3    49     1    52 0.90 tr|A8FC02|A8FC02_BACP2 Thiol management oxidoreductase OS=Bacillus pumilus (strain SAFR-032) OX=315750 GN=BPUM_1085 PE=4 SV=1
K2NQE1/9-123         -            115 seed_msa             -            157     0.001   17.9   0.0   1   1   0.00045    0.0015   17.4   0.0    26    70     3    49     1    52 0.90 tr|K2NQE1|K2NQE1_9BACI Hemoglobin OS=Bacillus xiamenensis OX=1178537 GN=BA1_02395 PE=4 SV=1
M5RIH7/9-123         -            115 seed_msa             -            157     0.001   17.9   0.0   1   1   0.00045    0.0015   17.4   0.0    26    70     3    49     1    52 0.90 tr|M5RIH7|M5RIH7_9BACI Group 2 hemoglobin yjbi OS=Bacillus stratosphericus LAMA 585 OX=1236481 GN=C883_1275 PE=4 SV=1
A0A1A3TFP8/3-115     -            113 seed_msa             -            157     0.001   17.9   0.0   1   1   0.00057    0.0018   17.1   0.0    30    74    10    53     8    98 0.82 tr|A0A1A3TFP8|A0A1A3TFP8_9MYCO Group 1 truncated hemoglobin OS=Mycobacterium sp. 1164985.4 OX=1834069 GN=A5650_25840 PE=3 SV=1
A0A1X1SU22/2-114     -            113 seed_msa             -            157     0.001   17.9   0.0   1   1   0.00045    0.0015   17.4   0.0    31    77    11    56     8    96 0.85 tr|A0A1X1SU22|A0A1X1SU22_9MYCO Group 1 truncated hemoglobin OS=Mycolicibacterium confluentis OX=28047 GN=AWB99_00975 PE=3 SV=1
A0A1I4IJT1/6-122     -            117 seed_msa             -            157     0.001   17.9   0.0   1   1   0.00051    0.0017   17.2   0.0    29    74     9    52     7    62 0.76 tr|A0A1I4IJT1|A0A1I4IJT1_9BACI Hemoglobin OS=Salibacterium qingdaonense OX=266892 GN=SAMN04488054_10279 PE=4 SV=1
A0A254N229/51-162    -            112 seed_msa             -            157     0.001   17.9   0.0   1   1   0.00078    0.0025   16.7   0.0    30    77     9    55     7    92 0.84 tr|A0A254N229|A0A254N229_9BURK Group 1 truncated hemoglobin OS=Pelomonas puraquae OX=431059 GN=CDO81_21220 PE=3 SV=1
W8QLS7/9-123         -            115 seed_msa             -            157     0.001   17.9   0.0   1   1   0.00045    0.0015   17.4   0.0    26    70     3    49     1    52 0.90 tr|W8QLS7|W8QLS7_BACPU Thiol management oxidoreductase OS=Bacillus pumilus OX=1408 GN=BW16_06165 PE=4 SV=1
A0A0P8C0S6/3-111     -            109 seed_msa             -            157     0.001   17.9   0.0   1   1    0.0004    0.0013   17.6   0.0    29   120     9    99     7   109 0.78 tr|A0A0P8C0S6|A0A0P8C0S6_9CYAN Group 1 truncated hemoglobin OS=Phormidesmis priestleyi Ana OX=1666911 GN=glbN PE=3 SV=1
A0A1H7SHH6/5-118     -            114 seed_msa             -            157     0.001   17.9   0.1   1   1   0.00062     0.002   17.0   0.1    30    77    10    56     8    74 0.84 tr|A0A1H7SHH6|A0A1H7SHH6_9EURY Hemoglobin OS=Haloferax larsenii OX=302484 GN=SAMN04488691_10776 PE=4 SV=1
A0A261GM40/2-116     -            115 seed_msa             -            157    0.0011   17.9   0.0   1   1     0.001    0.0034   16.2   0.0    29    77     9    56     7    69 0.83 tr|A0A261GM40|A0A261GM40_9GAMM Group 1 truncated hemoglobin OS=Hahella sp. CCB-MM4 OX=1926491 GN=BTA51_15695 PE=3 SV=1
L9YXF4/4-116         -            113 seed_msa             -            157    0.0011   17.9   0.0   1   1   0.00063    0.0021   16.9   0.0    29    78     9    57     7   112 0.84 tr|L9YXF4|L9YXF4_9EURY Globin OS=Natrinema pallidum DSM 3751 OX=1227495 GN=C487_06755 PE=4 SV=1
A0A0A3JIP9/9-123     -            115 seed_msa             -            157    0.0011   17.9   0.0   1   1   0.00041    0.0013   17.6   0.0    26    70     3    49     1    69 0.78 tr|A0A0A3JIP9|A0A0A3JIP9_9BACI Globin OS=Lysinibacillus boronitolerans JCM 21713 = 10a = NBRC 103108 OX=1294264 GN=CD31_08215 PE=4 SV=1
A0A0W7Y9L4/9-123     -            115 seed_msa             -            157    0.0011   17.9   0.0   1   1   0.00041    0.0013   17.6   0.0    26    70     3    49     1    69 0.78 tr|A0A0W7Y9L4|A0A0W7Y9L4_9BACI Globin OS=Lysinibacillus sp. F5 OX=1700846 GN=AK833_15050 PE=4 SV=1
A0A2I0V5R1/9-123     -            115 seed_msa             -            157    0.0011   17.9   0.0   1   1   0.00041    0.0013   17.6   0.0    26    70     3    49     1    69 0.78 tr|A0A2I0V5R1|A0A2I0V5R1_9BACI Globin OS=Lysinibacillus fusiformis OX=28031 GN=CRI88_04370 PE=4 SV=1
A0A2I7YZG3/9-123     -            115 seed_msa             -            157    0.0011   17.9   0.0   1   1   0.00041    0.0013   17.6   0.0    26    70     3    49     1    69 0.78 tr|A0A2I7YZG3|A0A2I7YZG3_9BACI Globin OS=Lysinibacillus sp. YS11 OX=2072025 GN=LBYS11_03550 PE=4 SV=1
D7WR58/9-123         -            115 seed_msa             -            157    0.0011   17.9   0.0   1   1   0.00041    0.0013   17.6   0.0    26    70     3    49     1    69 0.78 tr|D7WR58|D7WR58_9BACI Hemoglobin-like protein yjbI OS=Lysinibacillus fusiformis ZC1 OX=714961 GN=BFZC1_07960 PE=4 SV=1
A0A0K9F539/9-123     -            115 seed_msa             -            157    0.0011   17.9   0.0   1   1   0.00041    0.0013   17.6   0.0    26    70     3    49     1    69 0.78 tr|A0A0K9F539|A0A0K9F539_9BACI Globin OS=Lysinibacillus xylanilyticus OX=582475 GN=ACZ11_19245 PE=4 SV=1
A0A1A0RNW0/3-115     -            113 seed_msa             -            157    0.0011   17.9   0.0   1   1   0.00055    0.0018   17.2   0.0    30    75    10    54     8   106 0.82 tr|A0A1A0RNW0|A0A1A0RNW0_9MYCO Group 1 truncated hemoglobin OS=Mycobacterium sp. 852002-51961_SCH5331710 OX=1834105 GN=A5752_19580 PE=3 SV=1
M0EAZ1/5-115         -            111 seed_msa             -            157    0.0011   17.9   0.0   1   1   0.00049    0.0016   17.3   0.0    31   117    11    92     8   108 0.78 tr|M0EAZ1|M0EAZ1_9EURY Globin OS=Halorubrum distributum JCM 9100 OX=1227467 GN=C465_15137 PE=4 SV=1
M0ETP8/5-115         -            111 seed_msa             -            157    0.0011   17.9   0.0   1   1   0.00049    0.0016   17.3   0.0    31   117    11    92     8   108 0.78 tr|M0ETP8|M0ETP8_9EURY Globin OS=Halorubrum distributum JCM 10118 OX=1227468 GN=C466_14054 PE=4 SV=1
N0APT2/9-122         -            114 seed_msa             -            157    0.0011   17.9   0.0   1   1   0.00048    0.0016   17.3   0.0    29    70     6    49     2    67 0.85 tr|N0APT2|N0APT2_9BACI Globin OS=Bacillus sp. 1NLA3E OX=666686 GN=B1NLA3E_04845 PE=4 SV=1
A0A077J991/9-123     -            115 seed_msa             -            157    0.0011   17.9   0.0   1   1   0.00057    0.0019   17.1   0.0    29    70     6    49     2    52 0.83 tr|A0A077J991|A0A077J991_9BACI Globin OS=Bacillus sp. X1(2014) OX=1565991 GN=HW35_15370 PE=4 SV=1
A0A143H9T7/9-123     -            115 seed_msa             -            157    0.0011   17.9   0.0   1   1   0.00049    0.0016   17.3   0.0    27    70     4    49     1    57 0.91 tr|A0A143H9T7|A0A143H9T7_9BACL Globin OS=Rummeliibacillus stabekisii OX=241244 GN=ATY39_01515 PE=4 SV=1
A0A1C7DFY0/9-123     -            115 seed_msa             -            157    0.0011   17.9   0.0   1   1   0.00045    0.0015   17.4   0.0    27    70     4    49     1    57 0.87 tr|A0A1C7DFY0|A0A1C7DFY0_9BACL Globin OS=Planococcus antarcticus DSM 14505 OX=1185653 GN=BBH88_08580 PE=4 SV=1
A0A1J4LP46/4-113     -            110 seed_msa             -            157    0.0011   17.8   0.1   1   1    0.0006     0.002   17.0   0.1    29    78     9    57     7   107 0.83 tr|A0A1J4LP46|A0A1J4LP46_9EURY Globin OS=Natrialba sp. SSL1 OX=1869245 GN=BBD46_04630 PE=4 SV=1
L9WMR0/4-116         -            113 seed_msa             -            157    0.0011   17.8   0.4   1   1     0.001    0.0034   16.2   0.1    29    78     9    57     7    66 0.80 tr|L9WMR0|L9WMR0_9EURY Globin OS=Natronorubrum bangense JCM 10635 OX=1227500 GN=C494_05370 PE=4 SV=1
M0HCG6/5-118         -            114 seed_msa             -            157    0.0011   17.8   0.1   1   1   0.00075    0.0024   16.7   0.1    30    77    10    56     8    70 0.83 tr|M0HCG6|M0HCG6_9EURY Cyanoglobin OS=Haloferax larsenii JCM 13917 OX=1227460 GN=C455_04801 PE=4 SV=1
A0A0G2ZUR0/6-121     -            116 seed_msa             -            157    0.0011   17.8   0.0   1   1   0.00034    0.0011   17.8   0.0    30    77    10    56     7   109 0.91 tr|A0A0G2ZUR0|A0A0G2ZUR0_9DELT Group 1 truncated hemoglobin OS=Archangium gephyra OX=48 GN=AA314_06992 PE=3 SV=1
A0A1H1HR58/4-116     -            113 seed_msa             -            157    0.0011   17.8   0.3   1   1   0.00059    0.0019   17.1   0.2    30    70    10    49     8    73 0.78 tr|A0A1H1HR58|A0A1H1HR58_9EURY Hemoglobin OS=Natronobacterium texcoconense OX=1095778 GN=SAMN04489842_2980 PE=4 SV=1
A0A1A0VXP6/3-115     -            113 seed_msa             -            157    0.0011   17.8   0.0   1   1    0.0004    0.0013   17.6   0.0    30    72    10    51     8    92 0.89 tr|A0A1A0VXP6|A0A1A0VXP6_MYCPR Group 1 truncated hemoglobin OS=Mycolicibacterium peregrinum OX=43304 GN=A5779_32245 PE=3 SV=1
A0A1A2ZFY2/14-126    -            113 seed_msa             -            157    0.0011   17.8   0.0   1   1   0.00091     0.003   16.4   0.0    29    76     9    55     7   110 0.79 tr|A0A1A2ZFY2|A0A1A2ZFY2_9MYCO Group 1 truncated hemoglobin OS=Mycobacterium sp. E787 OX=1834150 GN=A5705_13775 PE=3 SV=1
A0A2E1N784/11-127    -            117 seed_msa             -            157    0.0011   17.8   0.0   1   1   0.00054    0.0018   17.2   0.0    30    71     7    49     3    56 0.92 tr|A0A2E1N784|A0A2E1N784_9GAMM Globin OS=Gammaproteobacteria bacterium OX=1913989 GN=CMQ79_06240 PE=4 SV=1
A0A1C3XQB3/9-129     -            121 seed_msa             -            157    0.0011   17.8   0.0   1   1   0.00055    0.0018   17.1   0.0    30    77    10    58     8   120 0.87 tr|A0A1C3XQB3|A0A1C3XQB3_9BRAD Hemoglobin OS=Bradyrhizobium shewense OX=1761772 GN=GA0061098_102684 PE=4 SV=1
Q15ZA2/29-141        -            113 seed_msa             -            157    0.0011   17.8   0.0   1   1   0.00043    0.0014   17.5   0.0    29    94     9    69     4   111 0.76 tr|Q15ZA2|Q15ZA2_PSEA6 Globin OS=Pseudoalteromonas atlantica (strain T6c / ATCC BAA-1087) OX=342610 GN=Patl_0254 PE=4 SV=1
A0A0A2TJW5/7-124     -            118 seed_msa             -            157    0.0011   17.8   0.0   1   1    0.0005    0.0016   17.3   0.0    31    69    11    51     8    61 0.76 tr|A0A0A2TJW5|A0A0A2TJW5_9BACI Globin OS=Pontibacillus yanchengensis Y32 OX=1385514 GN=N782_15490 PE=4 SV=1
A0A1T2X979/5-117     -            113 seed_msa             -            157    0.0011   17.8   0.3   1   1    0.0011    0.0037   16.1   0.3    29   117     8    91     6   109 0.78 tr|A0A1T2X979|A0A1T2X979_9BACL Group 1 truncated hemoglobin OS=Paenibacillus selenitireducens OX=1324314 GN=BVG16_18855 PE=3 SV=1
M0CGH3/4-116         -            113 seed_msa             -            157    0.0011   17.8   0.0   1   1   0.00057    0.0019   17.1   0.0    29    73     9    52     7    66 0.76 tr|M0CGH3|M0CGH3_9EURY Globin OS=Haloterrigena salina JCM 13891 OX=1227488 GN=C477_05304 PE=4 SV=1
R7ZHB3/9-123         -            115 seed_msa             -            157    0.0011   17.8   0.0   1   1   0.00043    0.0014   17.5   0.0    26    70     3    49     1    74 0.79 tr|R7ZHB3|R7ZHB3_LYSSH Hemoglobin-like protein yjbI OS=Lysinibacillus sphaericus OT4b.31 OX=1285586 GN=H131_05743 PE=4 SV=1
A0A1Z7YT96/4-116     -            113 seed_msa             -            157    0.0011   17.8   0.0   1   1   0.00088    0.0029   16.5   0.0    33    99    13    74    10   110 0.68 tr|A0A1Z7YT96|A0A1Z7YT96_9GAMM Group 1 truncated hemoglobin OS=Gammaproteobacteria bacterium 42_54_T18 OX=1856293 GN=A9Q81_22565 PE=3 SV=1
A0A1I4BBQ5/3-115     -            113 seed_msa             -            157    0.0011   17.8   0.3   1   1   0.00079    0.0026   16.6   0.3    29   114     9    89     7   109 0.83 tr|A0A1I4BBQ5|A0A1I4BBQ5_9BACL Group 1 truncated hemoglobin OS=Brevibacillus sp. OK042 OX=1884381 GN=SAMN05518846_11749 PE=3 SV=1
A0A259L172/16-136    -            121 seed_msa             -            157    0.0011   17.8   0.0   1   1   0.00044    0.0014   17.5   0.0    29   121     9   106     7   120 0.89 tr|A0A259L172|A0A259L172_9GAMM Hemoglobin-like oxygen-binding protein OS=Idiomarina sp. 34-48-12 OX=1970393 GN=B7X54_04265 PE=4 SV=1
E6U0N9/5-118         -            114 seed_msa             -            157    0.0011   17.8   0.2   1   1    0.0009    0.0029   16.4   0.2    29   108     9    84     7   110 0.83 tr|E6U0N9|E6U0N9_BACCJ Group 1 truncated hemoglobin OS=Bacillus cellulosilyticus (strain ATCC 21833 / DSM 2522 / FERM P-1141 / JCM 9156 / N-4) OX=649639 GN=Bcell_0806 PE=3 SV=1
A0A0Q3WH47/3-115     -            113 seed_msa             -            157    0.0011   17.8   0.2   1   1   0.00087    0.0028   16.5   0.2    29   122     9    97     7   110 0.82 tr|A0A0Q3WH47|A0A0Q3WH47_BRECH Group 1 truncated hemoglobin OS=Brevibacillus choshinensis OX=54911 GN=AN963_27575 PE=3 SV=1
A0A2A4ZWV4/3-120     -            118 seed_msa             -            157    0.0011   17.8   0.0   1   1   0.00043    0.0014   17.5   0.0    29    71     9    50     7    96 0.90 tr|A0A2A4ZWV4|A0A2A4ZWV4_9GAMM Group 1 truncated hemoglobin OS=Gammaproteobacteria bacterium OX=1913989 GN=COB04_16805 PE=3 SV=1
A0A0K9Z0I2/3-115     -            113 seed_msa             -            157    0.0011   17.8   0.0   1   1   0.00054    0.0017   17.2   0.0    29   122     9    97     7   110 0.84 tr|A0A0K9Z0I2|A0A0K9Z0I2_9BACL Group 1 truncated hemoglobin OS=Brevibacillus reuszeri OX=54915 GN=ADS79_08625 PE=3 SV=1
M0IWG3/5-115         -            111 seed_msa             -            157    0.0012   17.8   0.2   1   1   0.00076    0.0025   16.7   0.1    30    77    10    56     5    67 0.77 tr|M0IWG3|M0IWG3_9EURY Myoglobin OS=Haloferax denitrificans ATCC 35960 OX=662478 GN=C438_15799 PE=4 SV=1
M0IHA4/5-115         -            111 seed_msa             -            157    0.0012   17.8   0.2   1   1   0.00079    0.0026   16.6   0.1    30    76    10    55     5    68 0.77 tr|M0IHA4|M0IHA4_9EURY Myoglobin OS=Haloferax sulfurifontis ATCC BAA-897 OX=662480 GN=C441_06919 PE=4 SV=1
A0A1Y1Y9W2/18-119    -            102 seed_msa             -            157    0.0012   17.8   0.2   1   1   0.00062     0.002   17.0   0.1    32    77     3    47     1    59 0.86 tr|A0A1Y1Y9W2|A0A1Y1Y9W2_9FUNG Globin-like protein OS=Basidiobolus meristosporus CBS 931.73 OX=1314790 GN=K493DRAFT_220669 PE=4 SV=1
I0YPV1/423-534       -            112 seed_msa             -            157    0.0012   17.8   0.0   1   1   0.00077    0.0025   16.7   0.0    29    71     8    49     6   107 0.75 tr|I0YPV1|I0YPV1_COCSC UPF0187-domain-containing protein OS=Coccomyxa subellipsoidea (strain C-169) OX=574566 GN=COCSUDRAFT_67356 PE=4 SV=1
A0A0K1ITE5/5-115     -            111 seed_msa             -            157    0.0012   17.8   0.2   1   1   0.00079    0.0026   16.6   0.1    30    76    10    55     5    68 0.77 tr|A0A0K1ITE5|A0A0K1ITE5_HALGI Globin OS=Haloferax gibbonsii OX=35746 GN=ABY42_08115 PE=4 SV=1
L5N2F1/5-115         -            111 seed_msa             -            157    0.0012   17.8   0.2   1   1   0.00079    0.0026   16.6   0.1    30    76    10    55     5    68 0.77 tr|L5N2F1|L5N2F1_9EURY Myoglobin OS=Haloferax sp. BAB2207 OX=1243180 GN=D320_21925 PE=4 SV=1
M0GU97/5-115         -            111 seed_msa             -            157    0.0012   17.8   0.2   1   1   0.00079    0.0026   16.6   0.1    30    76    10    55     5    68 0.77 tr|M0GU97|M0GU97_HALL2 Myoglobin OS=Haloferax lucentense (strain DSM 14919 / JCM 9276 / NCIMB 13854 / Aa 2.2) OX=1230452 GN=C456_08703 PE=4 SV=1
M0H3K8/5-115         -            111 seed_msa             -            157    0.0012   17.8   0.2   1   1   0.00079    0.0026   16.6   0.1    30    76    10    55     5    68 0.77 tr|M0H3K8|M0H3K8_HALGM Myoglobin OS=Haloferax gibbonsii (strain ATCC 33959 / DSM 4427 / JCM 8863 / NBRC 102184 / NCIMB 2188 / Ma 2.38) OX=1227459 GN=C454_14360 PE=4 SV=1
D2RRR9/4-116         -            113 seed_msa             -            157    0.0012   17.8   0.0   1   1   0.00066    0.0021   16.9   0.0    29    70     9    49     7    61 0.76 tr|D2RRR9|D2RRR9_HALTV Globin OS=Haloterrigena turkmenica (strain ATCC 51198 / DSM 5511 / NCIMB 13204 / VKM B-1734) OX=543526 GN=Htur_3674 PE=4 SV=1
A0A1C5GYZ6/12-112    -            101 seed_msa             -            157    0.0012   17.8   0.0   1   1    0.0017    0.0055   15.6   0.0    29    61     8    43     6    54 0.79 tr|A0A1C5GYZ6|A0A1C5GYZ6_9ACTN Group 1 truncated hemoglobin OS=Micromonospora humi OX=745366 GN=GA0070213_10239 PE=3 SV=1
M0FLA6/5-115         -            111 seed_msa             -            157    0.0012   17.7   0.1   1   1   0.00078    0.0025   16.7   0.0    30    76    10    55     5    68 0.77 tr|M0FLA6|M0FLA6_9EURY Myoglobin OS=Haloferax sp. ATCC BAA-646 OX=1227464 GN=C460_02869 PE=4 SV=1
M0G1S9/5-115         -            111 seed_msa             -            157    0.0012   17.7   0.1   1   1   0.00078    0.0025   16.7   0.0    30    76    10    55     5    68 0.77 tr|M0G1S9|M0G1S9_9EURY Myoglobin OS=Haloferax sp. ATCC BAA-645 OX=1227463 GN=C459_05871 PE=4 SV=1
M0GBY9/5-115         -            111 seed_msa             -            157    0.0012   17.7   0.1   1   1   0.00078    0.0025   16.7   0.0    30    76    10    55     5    68 0.77 tr|M0GBY9|M0GBY9_9EURY Myoglobin OS=Haloferax sp. ATCC BAA-644 OX=1227462 GN=C458_07631 PE=4 SV=1
A0A0H4PEW5/9-123     -            115 seed_msa             -            157    0.0012   17.7   0.0   1   1   0.00051    0.0017   17.2   0.0    29    73     6    48     2    59 0.75 tr|A0A0H4PEW5|A0A0H4PEW5_9BACI Hemoglobin-like protein HbO OS=Bacillus smithii OX=1479 GN=BSM4216_1122 PE=4 SV=1
G9QK17/9-123         -            115 seed_msa             -            157    0.0012   17.7   0.0   1   1   0.00051    0.0017   17.2   0.0    29    73     6    48     2    59 0.75 tr|G9QK17|G9QK17_9BACI Group 2 hemoglobin yjbI OS=Bacillus smithii 7_3_47FAA OX=665952 GN=HMPREF1015_01556 PE=4 SV=1
J2ZMR0/3-115         -            113 seed_msa             -            157    0.0012   17.7   0.2   1   1   0.00079    0.0026   16.6   0.2    29   121     9    96     7   109 0.84 tr|J2ZMR0|J2ZMR0_9BACL Group 1 truncated hemoglobin OS=Brevibacillus sp. BC25 OX=1144308 GN=PMI05_06038 PE=3 SV=1
X1JA85/6-89          -             84 seed_msa             -            157    0.0012   17.7   0.0   1   1    0.0004    0.0013   17.6   0.0    30    72     8    49     6    76 0.79 tr|X1JA85|X1JA85_9ZZZZ Uncharacterized protein (Fragment) OS=marine sediment metagenome OX=412755 GN=S03H2_54433 PE=4 SV=1
A0A0D6JPM8/5-115     -            111 seed_msa             -            157    0.0012   17.7   0.1   1   1   0.00081    0.0026   16.6   0.1    30    76    10    55     5    67 0.77 tr|A0A0D6JPM8|A0A0D6JPM8_9EURY Group 1 truncated hemoglobin GlbN OS=Haloferax massiliensis OX=1476858 GN=glbN PE=4 SV=1
A0A0V0R0D4/3-104     -            102 seed_msa             -            157    0.0012   17.7   0.1   1   1   0.00088    0.0029   16.5   0.1    34   137     1    97     1   101 0.84 tr|A0A0V0R0D4|A0A0V0R0D4_PSEPJ Globin-like protein OS=Pseudocohnilembus persalinus OX=266149 GN=PPERSA_11186 PE=4 SV=1
A0A212RPA1/5-124     -            120 seed_msa             -            157    0.0012   17.7   0.1   1   1   0.00061     0.002   17.0   0.1    30    77     9    57     6   116 0.90 tr|A0A212RPA1|A0A212RPA1_RHOAC Hemoglobin OS=Rhodoblastus acidophilus OX=1074 GN=SAMN06265338_10651 PE=4 SV=1
A0A1Y0CGN2/3-115     -            113 seed_msa             -            157    0.0012   17.7   0.0   1   1   0.00042    0.0014   17.5   0.0    29    71     9    50     7   109 0.91 tr|A0A1Y0CGN2|A0A1Y0CGN2_9MYCO Group 1 truncated hemoglobin OS=Mycobacterium dioxanotrophicus OX=482462 GN=BTO20_38145 PE=3 SV=1
A0A0B0I5T6/23-134    -            112 seed_msa             -            157    0.0012   17.7   0.0   1   1   0.00062     0.002   17.0   0.0    30    70     9    51     7   111 0.90 tr|A0A0B0I5T6|A0A0B0I5T6_9BACL Group 2 truncated hemoglobin YjbI OS=Paenibacillus sp. P1XP2 OX=1472719 GN=yjbI PE=4 SV=1
U7FPM1/4-116         -            113 seed_msa             -            157    0.0012   17.7   0.0   1   1   0.00065    0.0021   16.9   0.0    32   136    12   106    10   109 0.83 tr|U7FPM1|U7FPM1_9RHOB Uncharacterized protein OS=Labrenzia sp. C1B10 OX=1397530 GN=Q669_12290 PE=4 SV=1
A0A177NQG0/6-121     -            116 seed_msa             -            157    0.0012   17.7   0.0   1   1   0.00045    0.0015   17.4   0.0    29   120     9    98     6   113 0.88 tr|A0A177NQG0|A0A177NQG0_9GAMM Group 1 truncated hemoglobin OS=Methylomonas lenta OX=980561 GN=A1359_03930 PE=3 SV=1
A0A176J441/9-123     -            115 seed_msa             -            157    0.0012   17.7   0.0   1   1   0.00042    0.0014   17.5   0.0    27    71     4    50     1    68 0.84 tr|A0A176J441|A0A176J441_9BACI Thiol management oxidoreductase OS=Bacillus sp. SJS OX=1423321 GN=AS29_015485 PE=4 SV=1
W7LBQ1/9-122         -            114 seed_msa             -            157    0.0012   17.7   0.0   1   1   0.00059    0.0019   17.0   0.0    29    70     6    49     2    52 0.89 tr|W7LBQ1|W7LBQ1_BACFI Globin OS=Bacillus firmus DS1 OX=1307436 GN=PBF_03685 PE=4 SV=1
A0A1N7EW79/4-116     -            113 seed_msa             -            157    0.0012   17.7   0.0   1   1   0.00054    0.0018   17.2   0.0    29    78     9    57     7    75 0.83 tr|A0A1N7EW79|A0A1N7EW79_9EURY Hemoglobin OS=Natronorubrum thiooxidans OX=308853 GN=SAMN05421752_105113 PE=4 SV=1
A0A258ZK29/6-120     -            115 seed_msa             -            157    0.0012   17.7   0.0   1   1   0.00049    0.0016   17.3   0.0    29   122     9   100     7   113 0.78 tr|A0A258ZK29|A0A258ZK29_9PROT Group 1 truncated hemoglobin OS=Gallionellales bacterium 24-53-125 OX=1970510 GN=B7Y04_01160 PE=3 SV=1
A0A268ISW2/9-122     -            114 seed_msa             -            157    0.0012   17.7   0.0   1   1   0.00059    0.0019   17.0   0.0    29    70     6    49     2    52 0.89 tr|A0A268ISW2|A0A268ISW2_9BACI Globin OS=Bacillus sp. 7894-2 OX=2021695 GN=CHI10_08740 PE=4 SV=1
A0A0J5VNG2/9-122     -            114 seed_msa             -            157    0.0012   17.7   0.0   1   1   0.00059    0.0019   17.0   0.0    29    70     6    49     2    52 0.89 tr|A0A0J5VNG2|A0A0J5VNG2_BACFI Globin OS=Bacillus firmus OX=1399 GN=VL14_17050 PE=4 SV=1
A0A1R1FE48/9-122     -            114 seed_msa             -            157    0.0012   17.7   0.0   1   1   0.00059    0.0019   17.0   0.0    29    70     6    49     2    52 0.89 tr|A0A1R1FE48|A0A1R1FE48_9BACL Globin OS=Paenibacillus sp. FSL R5-0490 OX=1920424 GN=BK139_03145 PE=4 SV=1
A0A0S6UX26/4-124     -            121 seed_msa             -            157    0.0012   17.7   0.0   1   1   0.00093     0.003   16.4   0.0    32    76    12    57    10    62 0.92 tr|A0A0S6UX26|A0A0S6UX26_9BRAD Hemoglobin-like protein HbO OS=Bradyrhizobium sp. DOA9 OX=1126627 GN=BDOA9_0160970 PE=4 SV=1
M0GG50/5-115         -            111 seed_msa             -            157    0.0012   17.6   0.2   1   1   0.00085    0.0028   16.5   0.1    30    76    10    55     5    68 0.77 tr|M0GG50|M0GG50_HALPT Myoglobin OS=Haloferax prahovense (strain DSM 18310 / JCM 13924 / TL6) OX=1227461 GN=C457_08579 PE=4 SV=1
A0A1C6T4D4/12-122    -            111 seed_msa             -            157    0.0013   17.6   0.1   1   1    0.0019    0.0063   15.4   0.1    29   114     8    88     6    93 0.65 tr|A0A1C6T4D4|A0A1C6T4D4_9ACTN Group 1 truncated hemoglobin OS=Micromonospora nigra OX=145857 GN=GA0070616_5503 PE=3 SV=1
A0A0K9MHK0/9-124     -            116 seed_msa             -            157    0.0013   17.6   0.0   1   1   0.00043    0.0014   17.5   0.0    32    77    10    53     6    87 0.90 tr|A0A0K9MHK0|A0A0K9MHK0_9BACI Globin OS=Bacillus sp. FJAT-27238 OX=1679167 GN=AC624_20505 PE=4 SV=1
A0A2E1CW32/3-119     -            117 seed_msa             -            157    0.0013   17.6   0.1   1   1   0.00051    0.0017   17.2   0.0    30    77    10    56     8   107 0.86 tr|A0A2E1CW32|A0A2E1CW32_9PROT Group 1 truncated hemoglobin OS=Kordiimonas sp. OX=1970157 GN=CMF31_07880 PE=3 SV=1
A0A139X2B6/4-117     -            114 seed_msa             -            157    0.0013   17.6   0.1   1   1    0.0007    0.0023   16.8   0.1    30   128     9   104     7   114 0.75 tr|A0A139X2B6|A0A139X2B6_9CYAN Group 1 truncated hemoglobin OS=Scytonema hofmannii PCC 7110 OX=128403 GN=WA1_34900 PE=3 SV=1
A0A1Y6BNE4/2-114     -            113 seed_msa             -            157    0.0013   17.6   0.1   1   1   0.00078    0.0026   16.6   0.1    30    77    10    56     8    97 0.76 tr|A0A1Y6BNE4|A0A1Y6BNE4_9ALTE Group 1 truncated hemoglobin OS=Alteromonadaceae bacterium Bs31 OX=1304903 GN=SAMN02745866_01246 PE=3 SV=1
A0A100WAJ6/2-114     -            113 seed_msa             -            157    0.0013   17.6   0.0   1   1   0.00053    0.0017   17.2   0.0    30    72    10    51     8   109 0.88 tr|A0A100WAJ6|A0A100WAJ6_9MYCO Group 1 truncated hemoglobin OS=Mycolicibacterium canariasense OX=228230 GN=RMCC_1422 PE=3 SV=1
M0MG92/13-123        -            111 seed_msa             -            157    0.0013   17.6   0.0   1   1   0.00059    0.0019   17.1   0.0    30    78    10    57     8    89 0.83 tr|M0MG92|M0MG92_9EURY Myoglobin OS=Halococcus saccharolyticus DSM 5350 OX=1227455 GN=C449_08714 PE=4 SV=1
A0A1X1Y523/14-126    -            113 seed_msa             -            157    0.0013   17.6   0.0   1   1   0.00067    0.0022   16.9   0.0    30    73    10    52     8   103 0.83 tr|A0A1X1Y523|A0A1X1Y523_9MYCO Group 1 truncated hemoglobin OS=Mycobacterium lacus OX=169765 GN=AWC15_01345 PE=3 SV=1
M0PES9/5-115         -            111 seed_msa             -            157    0.0013   17.6   0.0   1   1   0.00052    0.0017   17.2   0.0    31    82    11    59     8   107 0.77 tr|M0PES9|M0PES9_9EURY Globin OS=Halorubrum kocurii JCM 14978 OX=1230456 GN=C468_02599 PE=4 SV=1
A0A077JAL7/7-122     -            116 seed_msa             -            157    0.0013   17.6   0.0   1   1   0.00089    0.0029   16.5   0.0    29    66     9    47     7    62 0.83 tr|A0A077JAL7|A0A077JAL7_9BACI Globin OS=Bacillus sp. X1(2014) OX=1565991 GN=HW35_13125 PE=4 SV=1
M0ICC3/5-115         -            111 seed_msa             -            157    0.0013   17.6   0.2   1   1    0.0009    0.0029   16.4   0.1    30    73    10    52     5    68 0.78 tr|M0ICC3|M0ICC3_9EURY Myoglobin OS=Haloferax alexandrinus JCM 10717 OX=1227458 GN=C452_02512 PE=4 SV=1
A0A1V3XFR3/14-109    -             96 seed_msa             -            157    0.0013   17.6   0.0   1   1   0.00048    0.0016   17.3   0.0    30    72    10    51     8    92 0.86 tr|A0A1V3XFR3|A0A1V3XFR3_MYCKA Group 1 hemoglobin glbN OS=Mycobacterium kansasii OX=1768 GN=glbN PE=4 SV=1
M8DTM3/8-124         -            117 seed_msa             -            157    0.0013   17.6   0.0   1   1   0.00052    0.0017   17.2   0.0    31    77    10    54     7    91 0.86 tr|M8DTM3|M8DTM3_9BACL Hemoglobin-like protein OS=Brevibacillus borstelensis AK1 OX=1300222 GN=I532_22992 PE=4 SV=1
A0BGI7/5-117         -            113 seed_msa             -            157    0.0013   17.6   0.0   1   1   0.00058    0.0019   17.1   0.0    29   116     9    91     7   109 0.79 tr|A0BGI7|A0BGI7_PARTE Group 1 truncated hemoglobin OS=Paramecium tetraurelia OX=5888 GN=GSPATT00028689001 PE=3 SV=1
A0A1S2WNB6/14-126    -            113 seed_msa             -            157    0.0013   17.6   0.0   1   1   0.00067    0.0022   16.9   0.0    30    72    10    51     8   107 0.88 tr|A0A1S2WNB6|A0A1S2WNB6_MYCMA Group 1 truncated hemoglobin OS=Mycobacterium malmoense OX=1780 GN=BMG05_08000 PE=3 SV=1
A0A143MHG9/7-124     -            118 seed_msa             -            157    0.0013   17.6   0.0   1   1   0.00068    0.0022   16.8   0.0    29    70     9    52     7    64 0.85 tr|A0A143MHG9|A0A143MHG9_9BACI Globin OS=Geobacillus subterraneus OX=129338 GN=GS3922_05850 PE=4 SV=1
D5CR69/36-148        -            113 seed_msa             -            157    0.0013   17.6   0.0   1   1   0.00052    0.0017   17.2   0.0    29   116     9    94     5   100 0.86 tr|D5CR69|D5CR69_SIDLE Group 1 truncated hemoglobin OS=Sideroxydans lithotrophicus (strain ES-1) OX=580332 GN=Slit_1217 PE=3 SV=1
A0A1V9B8A4/7-124     -            118 seed_msa             -            157    0.0013   17.6   0.0   1   1   0.00068    0.0022   16.8   0.0    29    70     9    52     7    64 0.85 tr|A0A1V9B8A4|A0A1V9B8A4_9BACI Globin OS=Geobacillus sp. 46C-IIa OX=1963025 GN=B1690_13170 PE=4 SV=1
A0A1C6SBT7/11-122    -            112 seed_msa             -            157    0.0013   17.6   0.0   1   1     0.001    0.0034   16.2   0.0    29    63     8    42     6   108 0.76 tr|A0A1C6SBT7|A0A1C6SBT7_9ACTN Group 1 truncated hemoglobin OS=Micromonospora inyonensis OX=47866 GN=GA0074694_4643 PE=3 SV=1
A0A2I8ADW2/3-108     -            106 seed_msa             -            157    0.0013   17.6   0.3   1   1   0.00064    0.0021   16.9   0.3    30   118    10    97     8   105 0.78 tr|A0A2I8ADW2|A0A2I8ADW2_9NOSO Group 1 truncated hemoglobin OS=Nostoc sp. CENA543 OX=1869241 GN=CLI64_25945 PE=3 SV=1
J2GQ73/9-124         -            116 seed_msa             -            157    0.0013   17.5   0.0   1   1   0.00054    0.0018   17.2   0.0    32    77    10    53     6    70 0.88 tr|J2GQ73|J2GQ73_9BACL Hemoglobin like protein OS=Brevibacillus sp. BC25 OX=1144308 GN=PMI05_00266 PE=4 SV=1
A0A1X9M6D6/4-117     -            114 seed_msa             -            157    0.0014   17.5   0.3   1   1   0.00095    0.0031   16.4   0.3    29   122     9    98     7   114 0.82 tr|A0A1X9M6D6|A0A1X9M6D6_9BACI Group 1 truncated hemoglobin OS=Bacillus krulwichiae OX=199441 GN=glbN PE=3 SV=1
A0A1A0MQL9/3-115     -            113 seed_msa             -            157    0.0014   17.5   0.0   1   1   0.00084    0.0027   16.6   0.0    29    77     9    56     7   109 0.78 tr|A0A1A0MQL9|A0A1A0MQL9_9MYCO Group 1 truncated hemoglobin OS=Mycolicibacterium mucogenicum OX=56689 GN=A5642_18630 PE=3 SV=1
A0A0D6J0R7/3-115     -            113 seed_msa             -            157    0.0014   17.5   0.0   1   1    0.0005    0.0016   17.3   0.0    29    72     9    51     7   107 0.87 tr|A0A0D6J0R7|A0A0D6J0R7_MYCSM Group 1 truncated hemoglobin OS=Mycolicibacterium smegmatis OX=1772 GN=glbN PE=3 SV=1
A0R4A6/3-115         -            113 seed_msa             -            157    0.0014   17.5   0.0   1   1    0.0005    0.0016   17.3   0.0    29    72     9    51     7   107 0.87 tr|A0R4A6|A0R4A6_MYCS2 Group 1 truncated hemoglobin OS=Mycolicibacterium smegmatis (strain ATCC 700084 / mc(2)155) OX=246196 GN=MSMEG_5765 PE=3 SV=1
I7FT46/3-115         -            113 seed_msa             -            157    0.0014   17.5   0.0   1   1    0.0005    0.0016   17.3   0.0    29    72     9    51     7   107 0.87 tr|I7FT46|I7FT46_MYCS2 Group 1 truncated hemoglobin OS=Mycolicibacterium smegmatis (strain ATCC 700084 / mc(2)155) OX=246196 GN=glbN PE=3 SV=1
A0A101BL86/3-115     -            113 seed_msa             -            157    0.0014   17.5   0.0   1   1   0.00075    0.0024   16.7   0.0    30    74    10    53     8    98 0.82 tr|A0A101BL86|A0A101BL86_9MYCO Group 1 truncated hemoglobin OS=Mycobacterium sp. IS-1590 OX=1772286 GN=AU197_25435 PE=3 SV=1
A0A1A3QBG9/14-126    -            113 seed_msa             -            157    0.0014   17.5   0.0   1   1   0.00072    0.0023   16.8   0.0    30    73    10    52     8   107 0.85 tr|A0A1A3QBG9|A0A1A3QBG9_9MYCO Group 1 truncated hemoglobin OS=Mycobacterium sp. 1081908.1 OX=1834066 GN=A5655_16830 PE=3 SV=1
A0A1U6JX87/9-123     -            115 seed_msa             -            157    0.0014   17.5   0.0   1   1   0.00063    0.0021   16.9   0.0    29    70     6    49     3    58 0.89 tr|A0A1U6JX87|A0A1U6JX87_9BACI Hemoglobin OS=Bacillus sp. V-88 OX=1938744 GN=B0G93_13322 PE=4 SV=1
A0A231R657/9-123     -            115 seed_msa             -            157    0.0014   17.5   0.0   1   1   0.00063    0.0021   16.9   0.0    29    70     6    49     3    58 0.89 tr|A0A231R657|A0A231R657_9BACI Globin OS=Bacillus sp. DSM 27956 OX=1955699 GN=B1B00_20310 PE=4 SV=1
A0A1I6AI94/9-122     -            114 seed_msa             -            157    0.0014   17.5   0.0   1   1   0.00061     0.002   17.0   0.0    28    70     5    49     2    67 0.87 tr|A0A1I6AI94|A0A1I6AI94_9BACI Hemoglobin OS=Bacillus sp. cl95 OX=1761761 GN=SAMN04488577_1033 PE=4 SV=1
A0A1G8J6U1/8-123     -            116 seed_msa             -            157    0.0014   17.5   0.0   1   1   0.00059    0.0019   17.0   0.0    31    73     9    49     6    59 0.74 tr|A0A1G8J6U1|A0A1G8J6U1_9BACI Hemoglobin OS=Alteribacillus bidgolensis OX=930129 GN=SAMN05216352_10671 PE=4 SV=1
A0A1I3PQL2/3-115     -            113 seed_msa             -            157    0.0014   17.5   0.0   1   1    0.0005    0.0016   17.3   0.0    29    73     9    52     7    91 0.88 tr|A0A1I3PQL2|A0A1I3PQL2_9PSEU Group 1 truncated hemoglobin OS=Amycolatopsis sacchari OX=115433 GN=SAMN05421835_10413 PE=3 SV=1
A0A1G9GGQ4/4-116     -            113 seed_msa             -            157    0.0014   17.5   0.1   1   1   0.00071    0.0023   16.8   0.1    29    79     9    58     7    67 0.81 tr|A0A1G9GGQ4|A0A1G9GGQ4_9EURY Hemoglobin OS=Natronorubrum texcoconense OX=1095776 GN=SAMN04515672_4495 PE=4 SV=1
L9ZW06/4-114         -            111 seed_msa             -            157    0.0014   17.5   0.1   1   1   0.00098    0.0032   16.3   0.1    29    77     9    56     7   111 0.78 tr|L9ZW06|L9ZW06_9EURY Globin OS=Natrialba hulunbeirensis JCM 10989 OX=1227493 GN=C483_11411 PE=4 SV=1
A0A1Y1Z1Y0/9-109     -            101 seed_msa             -            157    0.0014   17.5   0.4   1   1   0.00092     0.003   16.4   0.1    32    77     3    47     1    60 0.87 tr|A0A1Y1Z1Y0|A0A1Y1Z1Y0_9FUNG Globin-like protein (Fragment) OS=Basidiobolus meristosporus CBS 931.73 OX=1314790 GN=K493DRAFT_150119 PE=4 SV=1
A0A0Q5Z4J3/9-129     -            121 seed_msa             -            157    0.0014   17.5   0.0   1   1     0.002    0.0064   15.3   0.0    30    76    10    57     8    64 0.86 tr|A0A0Q5Z4J3|A0A0Q5Z4J3_9BRAD Globin OS=Bradyrhizobium sp. Leaf396 OX=1736363 GN=ASG57_07075 PE=4 SV=1
A0A1W0B221/14-126    -            113 seed_msa             -            157    0.0014   17.5   0.0   1   1   0.00076    0.0025   16.7   0.0    30    72     9    50     7   105 0.81 tr|A0A1W0B221|A0A1W0B221_9NOCA Group 1 truncated hemoglobin OS=Nocardia donostiensis OX=1538463 GN=B0T46_01970 PE=3 SV=1
A0A1X1WDZ1/14-126    -            113 seed_msa             -            157    0.0014   17.5   0.0   1   1    0.0014    0.0045   15.8   0.0    29    77     9    56     7   110 0.75 tr|A0A1X1WDZ1|A0A1X1WDZ1_9MYCO Group 1 truncated hemoglobin OS=Mycobacterium interjectum OX=33895 GN=AWC11_21180 PE=3 SV=1
A0A0B1ZFS0/7-127     -            121 seed_msa             -            157    0.0014   17.4   0.0   1   1    0.0015    0.0048   15.8   0.0    30    76    10    57     8    67 0.89 tr|A0A0B1ZFS0|A0A0B1ZFS0_9SPHN Globin OS=Novosphingobium malaysiense OX=1348853 GN=LK12_18780 PE=4 SV=1
A0A0C2RAS7/9-123     -            115 seed_msa             -            157    0.0014   17.4   0.0   1   1   0.00069    0.0023   16.8   0.0    29    70     6    49     2    52 0.92 tr|A0A0C2RAS7|A0A0C2RAS7_9BACL Globin OS=Jeotgalibacillus campisalis OX=220754 GN=KR50_15870 PE=4 SV=1
A0KR68/24-144        -            121 seed_msa             -            157    0.0015   17.4   0.0   1   1    0.0023    0.0075   15.1   0.0    30    74    10    55     8    71 0.82 tr|A0KR68|A0KR68_SHESA Globin OS=Shewanella sp. (strain ANA-3) OX=94122 GN=Shewana3_0042 PE=4 SV=1
X7YUN0/14-126        -            113 seed_msa             -            157    0.0015   17.4   0.0   1   1   0.00062     0.002   17.0   0.0    30    72    10    51     8   107 0.87 tr|X7YUN0|X7YUN0_MYCKA Group 1 truncated hemoglobin OS=Mycobacterium kansasii 662 OX=1299326 GN=glbN PE=3 SV=1
X7Z0M6/14-126        -            113 seed_msa             -            157    0.0015   17.4   0.0   1   1   0.00062     0.002   17.0   0.0    30    72    10    51     8   107 0.87 tr|X7Z0M6|X7Z0M6_MYCKA Group 1 truncated hemoglobin OS=Mycobacterium kansasii 732 OX=1299327 GN=glbN PE=3 SV=1
A0A2E2XM61/2-115     -            114 seed_msa             -            157    0.0015   17.4   0.1   1   1   0.00094    0.0031   16.4   0.1    29   116     9    91     7   109 0.74 tr|A0A2E2XM61|A0A2E2XM61_9GAMM Group 1 truncated hemoglobin OS=Cellvibrionaceae bacterium OX=2026723 GN=CL693_18170 PE=3 SV=1
L9VHD9/31-143        -            113 seed_msa             -            157    0.0015   17.4   0.1   1   1   0.00077    0.0025   16.7   0.1    29    79     9    58     7    68 0.86 tr|L9VHD9|L9VHD9_9EURY Globin OS=Natronorubrum tibetense GA33 OX=1114856 GN=C496_22981 PE=4 SV=1
A0A1C5JLV3/12-118    -            107 seed_msa             -            157    0.0015   17.4   0.1   1   1    0.0012    0.0039   16.1   0.1    30   113     9    87     7    99 0.67 tr|A0A1C5JLV3|A0A1C5JLV3_9ACTN Group 1 truncated hemoglobin OS=Micromonospora inositola OX=47865 GN=GA0070613_4934 PE=3 SV=1
A0A2B4Z4X4/9-124     -            116 seed_msa             -            157    0.0015   17.4   0.0   1   1   0.00058    0.0019   17.1   0.0    33    70    11    50     6    68 0.88 tr|A0A2B4Z4X4|A0A2B4Z4X4_9BACI Globin OS=Bacillus toyonensis OX=155322 GN=COF68_03300 PE=4 SV=1
R8M3W1/9-124         -            116 seed_msa             -            157    0.0015   17.4   0.0   1   1   0.00058    0.0019   17.1   0.0    33    70    11    50     6    68 0.88 tr|R8M3W1|R8M3W1_BACCE Group 2 hemoglobin yjbI OS=Bacillus cereus VD131 OX=1053232 GN=IIS_00428 PE=4 SV=1
A0A1N7K1R2/5-122     -            118 seed_msa             -            157    0.0015   17.4   0.0   1   1   0.00062     0.002   17.0   0.0    32    84    12    60     8    97 0.87 tr|A0A1N7K1R2|A0A1N7K1R2_9BACL Hemoglobin OS=Alicyclobacillus vulcanalis OX=252246 GN=SAMN05421799_101301 PE=4 SV=1
A0A150U939/9-129     -            121 seed_msa             -            157    0.0015   17.4   0.0   1   1   0.00082    0.0027   16.6   0.0    32    74    12    55     9    62 0.92 tr|A0A150U939|A0A150U939_9BRAD Globin OS=Bradyrhizobium sp. AT1 OX=574934 GN=SE92_10680 PE=4 SV=1
A0A1H6WXE1/7-122     -            116 seed_msa             -            157    0.0015   17.4   0.0   1   1   0.00065    0.0021   16.9   0.0    29    85     7    59     2    77 0.89 tr|A0A1H6WXE1|A0A1H6WXE1_9BACT Hemoglobin OS=Cyclobacterium halophilum OX=1416801 GN=SAMN05192553_102836 PE=4 SV=1
A0A1H5QEF8/3-115     -            113 seed_msa             -            157    0.0015   17.4   0.0   1   1   0.00057    0.0019   17.1   0.0    30    77    10    56     8   104 0.85 tr|A0A1H5QEF8|A0A1H5QEF8_9PSEU Group 1 truncated hemoglobin OS=Amycolatopsis pretoriensis OX=218821 GN=SAMN05421837_102727 PE=3 SV=1
T0DCX4/7-124         -            118 seed_msa             -            157    0.0015   17.4   0.0   1   1   0.00051    0.0017   17.2   0.0    30    77    10    55     7   113 0.82 tr|T0DCX4|T0DCX4_ALIAG Uncharacterized protein OS=Alicyclobacillus acidoterrestris (strain ATCC 49025 / DSM 3922 / CIP 106132 / NCIMB 13137 / GD3B) OX=1356854 GN=N007_06000 PE=4 SV=1
A6CQW7/29-142        -            114 seed_msa             -            157    0.0015   17.4   0.0   1   1    0.0007    0.0023   16.8   0.0    27    70     4    49     1    52 0.86 tr|A6CQW7|A6CQW7_9BACI Uncharacterized protein OS=Bacillus sp. SG-1 OX=161544 GN=BSG1_15223 PE=4 SV=1
A0A158A728/28-140    -            113 seed_msa             -            157    0.0015   17.4   0.0   1   1   0.00064    0.0021   16.9   0.0    33    77    13    56     8    91 0.85 tr|A0A158A728|A0A158A728_9BURK Group 1 truncated hemoglobin GlbN OS=Caballeronia arationis OX=1777142 GN=glbN PE=4 SV=1
A0A2C8ZM62/28-140    -            113 seed_msa             -            157    0.0015   17.4   0.0   1   1   0.00064    0.0021   16.9   0.0    33    77    13    56     8    91 0.85 tr|A0A2C8ZM62|A0A2C8ZM62_9BURK Truncated hemoglobin YjbI OS=Burkholderia sp. OK806 OX=1882796 GN=SAMN05446927_2997 PE=4 SV=1
A0A242WK47/9-124     -            116 seed_msa             -            157    0.0015   17.4   0.0   1   1    0.0006     0.002   17.0   0.0    33    70    11    50     6    68 0.87 tr|A0A242WK47|A0A242WK47_BACTU Globin OS=Bacillus thuringiensis serovar cameroun OX=180885 GN=BK702_26085 PE=4 SV=1
A0A1H0RU41/5-118     -            114 seed_msa             -            157    0.0015   17.4   0.4   1   1    0.0012    0.0039   16.0   0.4    29   121     9    97     7   111 0.82 tr|A0A1H0RU41|A0A1H0RU41_9BACI Group 1 truncated hemoglobin OS=Bacillus salsus OX=930152 GN=SAMN05216565_102384 PE=3 SV=1
A0A1V3WIB3/14-126    -            113 seed_msa             -            157    0.0015   17.4   0.0   1   1   0.00063    0.0021   16.9   0.0    30    72    10    51     8   107 0.88 tr|A0A1V3WIB3|A0A1V3WIB3_MYCKA Group 1 truncated hemoglobin OS=Mycobacterium kansasii OX=1768 GN=glbN PE=3 SV=1
U5WWR1/14-126        -            113 seed_msa             -            157    0.0015   17.4   0.0   1   1   0.00063    0.0021   16.9   0.0    30    72    10    51     8   107 0.88 tr|U5WWR1|U5WWR1_MYCKA Group 1 truncated hemoglobin OS=Mycobacterium kansasii ATCC 12478 OX=557599 GN=MKAN_27665 PE=3 SV=1
X7XT40/14-126        -            113 seed_msa             -            157    0.0015   17.4   0.0   1   1   0.00063    0.0021   16.9   0.0    30    72    10    51     8   107 0.88 tr|X7XT40|X7XT40_MYCKA Group 1 truncated hemoglobin OS=Mycobacterium kansasii 824 OX=1299328 GN=glbN PE=3 SV=1
M0CSS8/5-117         -            113 seed_msa             -            157    0.0015   17.4   0.3   1   1    0.0033     0.011   14.6   0.3    30    71    10    50     7   110 0.69 tr|M0CSS8|M0CSS8_9EURY Uncharacterized protein OS=Halogeometricum pallidum JCM 14848 OX=1227487 GN=C474_21536 PE=4 SV=1
A0A158C7K8/24-136    -            113 seed_msa             -            157    0.0015   17.3   0.0   1   1   0.00082    0.0027   16.6   0.0    33    77    12    55     7    61 0.92 tr|A0A158C7K8|A0A158C7K8_9BURK Group 1 truncated hemoglobin GlbN OS=Caballeronia fortuita OX=1777138 GN=glbN PE=4 SV=1
A0A1H0S4H7/9-124     -            116 seed_msa             -            157    0.0015   17.3   0.0   1   1   0.00057    0.0019   17.1   0.0    30    70     8    50     6   109 0.82 tr|A0A1H0S4H7|A0A1H0S4H7_9BACI Hemoglobin OS=Bacillus salsus OX=930152 GN=SAMN05216565_102536 PE=4 SV=1
A0A0U1DGB3/15-126    -            112 seed_msa             -            157    0.0016   17.3   0.0   1   1   0.00099    0.0032   16.3   0.0    30    73     9    51     7   106 0.85 tr|A0A0U1DGB3|A0A0U1DGB3_9MYCO Group 1 truncated hemoglobin OS=Mycobacterium europaeum OX=761804 GN=AWC03_01990 PE=3 SV=1
A0A263BYN3/5-120     -            116 seed_msa             -            157    0.0016   17.3   0.0   1   1    0.0012    0.0039   16.1   0.0    29    66     7    50     6    59 0.80 tr|A0A263BYN3|A0A263BYN3_9BACI Globin OS=Bacillus sp. SA5d-4 OX=1904753 GN=CIB95_01515 PE=4 SV=1
A0A1Z4BX03/10-123    -            114 seed_msa             -            157    0.0016   17.3   0.0   1   1   0.00064    0.0021   16.9   0.0    29   117     9    95     7   109 0.82 tr|A0A1Z4BX03|A0A1Z4BX03_9GAMM Group 1 truncated hemoglobin OS=Methylovulum psychrotolerans OX=1704499 GN=AADEFJLK_02607 PE=3 SV=1
U6SMG3/7-123         -            117 seed_msa             -            157    0.0016   17.3   0.0   1   1   0.00074    0.0024   16.7   0.0    29    76     8    53     6    61 0.77 tr|U6SMG3|U6SMG3_9BACI Globin OS=Bacillus marmarensis DSM 21297 OX=1188261 GN=A33I_14495 PE=4 SV=1
A0A1E4R391/9-123     -            115 seed_msa             -            157    0.0016   17.3   0.0   1   1    0.0006     0.002   17.0   0.0    26    70     3    49     1    69 0.78 tr|A0A1E4R391|A0A1E4R391_9BACI Globin OS=Lysinibacillus fusiformis OX=28031 GN=BG258_02955 PE=4 SV=1
A0A0L0LS15/27-138    -            112 seed_msa             -            157    0.0016   17.3   0.0   1   1    0.0007    0.0023   16.8   0.0    32    77    11    55     7    66 0.87 tr|A0A0L0LS15|A0A0L0LS15_9BURK Group 1 truncated hemoglobin OS=Candidatus Burkholderia verschuerenii OX=242163 GN=BVER_05723 PE=3 SV=1
A0A1A2CFM8/14-126    -            113 seed_msa             -            157    0.0016   17.3   0.0   1   1    0.0012    0.0039   16.0   0.0    30    77    10    56     8   109 0.75 tr|A0A1A2CFM8|A0A1A2CFM8_9MYCO Group 1 truncated hemoglobin OS=Mycobacterium sp. 852002-51163_SCH5372311 OX=1834097 GN=A5791_11065 PE=3 SV=1
A0A1C4XNH8/12-110    -             99 seed_msa             -            157    0.0016   17.3   0.0   1   1    0.0015    0.0049   15.7   0.0    29    63     8    42     6    53 0.86 tr|A0A1C4XNH8|A0A1C4XNH8_9ACTN Group 1 truncated hemoglobin OS=Micromonospora tulbaghiae OX=479978 GN=GA0070562_0062 PE=3 SV=1
M0B7K3/4-113         -            110 seed_msa             -            157    0.0016   17.3   0.0   1   1    0.0009    0.0029   16.4   0.0    29    72     9    51     7    60 0.77 tr|M0B7K3|M0B7K3_9EURY Globin OS=Natrialba chahannaoensis JCM 10990 OX=1227492 GN=C482_01650 PE=4 SV=1
A0A1I5TAI8/6-122     -            117 seed_msa             -            157    0.0016   17.3   0.0   1   1   0.00077    0.0025   16.7   0.0    32    74    12    52     9    62 0.76 tr|A0A1I5TAI8|A0A1I5TAI8_9BACI Hemoglobin OS=Salibacterium halotolerans OX=1884432 GN=SAMN05518683_11081 PE=4 SV=1
I5CFL4/31-144        -            114 seed_msa             -            157    0.0016   17.3   0.0   1   1   0.00085    0.0028   16.5   0.0    30    76    10    55     7    92 0.75 tr|I5CFL4|I5CFL4_9BURK Protozoan/cyanobacterial globin family protein OS=Paraburkholderia terrae BS001 OX=1171375 GN=WQE_43144 PE=4 SV=1
A0A0M9WT45/9-123     -            115 seed_msa             -            157    0.0016   17.3   0.0   1   1   0.00061     0.002   17.0   0.0    26    70     3    49     1    69 0.78 tr|A0A0M9WT45|A0A0M9WT45_9BACI Globin OS=Lysinibacillus sp. FJAT-14222 OX=1932366 GN=AN161_21130 PE=4 SV=1
A0A1Q9PYU7/7-123     -            117 seed_msa             -            157    0.0016   17.3   0.0   1   1   0.00074    0.0024   16.7   0.0    29    75     8    52     6    61 0.76 tr|A0A1Q9PYU7|A0A1Q9PYU7_BACPF Globin OS=Bacillus pseudofirmus OX=79885 GN=BTR22_00985 PE=4 SV=1
D3FV17/7-123         -            117 seed_msa             -            157    0.0016   17.3   0.0   1   1   0.00074    0.0024   16.7   0.0    29    75     8    52     6    61 0.76 tr|D3FV17|D3FV17_BACPE Globin family protein OS=Bacillus pseudofirmus (strain OF4) OX=398511 GN=yjbI PE=4 SV=1
A0A1C4YKG7/2-114     -            113 seed_msa             -            157    0.0016   17.3   0.0   1   1    0.0006     0.002   17.0   0.0    29    73     9    52     8    91 0.89 tr|A0A1C4YKG7|A0A1C4YKG7_MICEC Group 1 truncated hemoglobin OS=Micromonospora echinospora OX=1877 GN=GA0070618_4083 PE=3 SV=1
E7QW03/4-116         -            113 seed_msa             -            157    0.0016   17.3   0.0   1   1   0.00083    0.0027   16.6   0.0    30    77    10    56     7    74 0.88 tr|E7QW03|E7QW03_9EURY Hemoglobin OS=Haladaptatus paucihalophilus DX253 OX=797209 GN=SAMN05444342_2707 PE=4 SV=1
A0A1I3VNU5/9-129     -            121 seed_msa             -            157    0.0016   17.3   0.0   1   1    0.0011    0.0037   16.1   0.0    30    76    10    57     8    64 0.87 tr|A0A1I3VNU5|A0A1I3VNU5_9BRAD Hemoglobin OS=Bradyrhizobium sp. Gha OX=1855318 GN=SAMN05216525_14537 PE=4 SV=1
A0A1N0KKE5/3-115     -            113 seed_msa             -            157    0.0017   17.3   0.0   1   1   0.00093     0.003   16.4   0.0    29    76     9    55     7   107 0.80 tr|A0A1N0KKE5|A0A1N0KKE5_9MYCO Group 1 truncated hemoglobin OS=Mycobacteroides abscessus subsp. abscessus OX=1185650 GN=glbN_2 PE=3 SV=1
A0A0K9GF74/9-123     -            115 seed_msa             -            157    0.0017   17.3   0.0   1   1    0.0007    0.0023   16.8   0.0    27    74     4    49     1    58 0.75 tr|A0A0K9GF74|A0A0K9GF74_9BACI Uncharacterized protein OS=Bacillus sp. FJAT-27916 OX=1679169 GN=AC622_14765 PE=4 SV=1
Q3SEB5/5-117         -            113 seed_msa             -            157    0.0017   17.3   0.0   1   1    0.0007    0.0023   16.8   0.0    29    77     9    56     7   109 0.80 tr|Q3SEB5|Q3SEB5_PARTE Group 1 truncated hemoglobin OS=Paramecium tetraurelia OX=5888 GN=GSPATT00028853001 PE=3 SV=1
D7CQD1/5-114         -            110 seed_msa             -            157    0.0017   17.3   0.0   1   1     0.001    0.0033   16.3   0.0    29   114     9    89     7    99 0.80 tr|D7CQD1|D7CQD1_TRURR Group 1 truncated hemoglobin OS=Truepera radiovictrix (strain DSM 17093 / CIP 108686 / LMG 22925 / RQ-24) OX=649638 GN=Trad_1797 PE=3 SV=1
A0A1H8RUS4/5-114     -            110 seed_msa             -            157    0.0017   17.3   0.0   1   1   0.00066    0.0022   16.9   0.0    31    81    11    62     8    91 0.87 tr|A0A1H8RUS4|A0A1H8RUS4_9EURY Hemoglobin OS=Halorientalis persicus OX=1367881 GN=SAMN05216388_101726 PE=4 SV=1
F4F1M9/12-122        -            111 seed_msa             -            157    0.0017   17.2   0.1   1   1    0.0015    0.0048   15.8   0.1    31   107    10    81     7   104 0.66 tr|F4F1M9|F4F1M9_VERMA Group 1 truncated hemoglobin OS=Verrucosispora maris (strain AB-18-032) OX=263358 GN=VAB18032_20790 PE=3 SV=1
A0A1L8ZEL0/8-105     -             98 seed_msa             -            157    0.0017   17.2   0.0   1   1   0.00053    0.0017   17.2   0.0    28    66     7    46     1    69 0.80 tr|A0A1L8ZEL0|A0A1L8ZEL0_9BACI Globin OS=Bacillus obstructivus OX=1914540 GN=BLX88_24730 PE=4 SV=1
A0A1D2QDT3/4-116     -            113 seed_msa             -            157    0.0017   17.2   0.0   1   1   0.00083    0.0027   16.6   0.0    30    77    10    56     7    74 0.88 tr|A0A1D2QDT3|A0A1D2QDT3_9EURY Globin OS=Haladaptatus sp. W1 OX=1897478 GN=BG842_22335 PE=4 SV=1
A0A135W4D3/8-121     -            114 seed_msa             -            157    0.0017   17.2   0.0   1   1   0.00066    0.0022   16.9   0.0    26    70     3    49     1    58 0.85 tr|A0A135W4D3|A0A135W4D3_9BACL Globin OS=Sporosarcina sp. HYO08 OX=1759557 GN=AU377_09885 PE=4 SV=1
A0A0K0X4T5/3-115     -            113 seed_msa             -            157    0.0017   17.2   0.0   1   1   0.00086    0.0028   16.5   0.0    29   110     9    85     7   107 0.74 tr|A0A0K0X4T5|A0A0K0X4T5_MYCGD Group 1 truncated hemoglobin OS=Mycobacterium goodii OX=134601 GN=AFA91_11795 PE=3 SV=1
A0A1S2LCA2/9-124     -            116 seed_msa             -            157    0.0017   17.2   0.0   1   1   0.00071    0.0023   16.8   0.0    29    70     7    50     5    70 0.85 tr|A0A1S2LCA2|A0A1S2LCA2_9BACI Globin OS=Anaerobacillus arseniciselenatis OX=85682 GN=BKP35_13480 PE=4 SV=1
A0A1A2H4V3/12-124    -            113 seed_msa             -            157    0.0017   17.2   0.0   1   1    0.0014    0.0047   15.8   0.0    30    74    10    53     8   110 0.80 tr|A0A1A2H4V3|A0A1A2H4V3_9MYCO Group 1 truncated hemoglobin OS=Mycobacterium sp. E3198 OX=1834143 GN=A5673_17075 PE=3 SV=1
J2QGE8/9-124         -            116 seed_msa             -            157    0.0017   17.2   0.0   1   1   0.00062     0.002   17.0   0.0    32    77    10    53     6    91 0.88 tr|J2QGE8|J2QGE8_9BACL Hemoglobin like protein OS=Brevibacillus sp. CF112 OX=1144311 GN=PMI08_05065 PE=4 SV=1
A0A0A1GYW7/3-116     -            114 seed_msa             -            157    0.0017   17.2   0.0   1   1   0.00067    0.0022   16.9   0.0    29    77     9    56     7   109 0.78 tr|A0A0A1GYW7|A0A0A1GYW7_9BURK Group 1 truncated hemoglobin OS=Burkholderiales bacterium GJ-E10 OX=1469502 GN=E1O_00800 PE=3 SV=1
A0A1H7WI86/7-124     -            118 seed_msa             -            157    0.0017   17.2   0.0   1   1    0.0028    0.0091   14.9   0.0    29    73     9    51     7    63 0.76 tr|A0A1H7WI86|A0A1H7WI86_9BACI Hemoglobin OS=Bacillus persicus OX=930146 GN=SAMN05192533_101417 PE=4 SV=1
A0A2A4UKZ0/3-116     -            114 seed_msa             -            157    0.0017   17.2   0.0   1   1   0.00058    0.0019   17.1   0.0    29    77     9    56     7   112 0.77 tr|A0A2A4UKZ0|A0A2A4UKZ0_9GAMM Group 1 truncated hemoglobin OS=Moraxellaceae bacterium OX=1889775 GN=COB51_07080 PE=3 SV=1
A0A1V3G9T8/5-118     -            114 seed_msa             -            157    0.0017   17.2   0.1   1   1    0.0014    0.0047   15.8   0.1    29   115     9    91     7   110 0.88 tr|A0A1V3G9T8|A0A1V3G9T8_9BACI Group 1 truncated hemoglobin OS=Fictibacillus arsenicus OX=255247 GN=UN64_10195 PE=3 SV=1
A0A1D8JIA8/8-121     -            114 seed_msa             -            157    0.0017   17.2   0.0   1   1   0.00063     0.002   17.0   0.0    26    70     3    49     1    67 0.89 tr|A0A1D8JIA8|A0A1D8JIA8_LYSSH Globin OS=Lysinibacillus sphaericus OX=1421 GN=BI350_13500 PE=4 SV=1
A0A0J5SHP2/9-123     -            115 seed_msa             -            157    0.0017   17.2   0.0   1   1   0.00087    0.0028   16.5   0.0    29    70     6    49     3    52 0.81 tr|A0A0J5SHP2|A0A0J5SHP2_9BACI Globin OS=Bacillus marisflavi OX=189381 GN=AV649_00520 PE=4 SV=1
A0A2B8U3P1/6-118     -            113 seed_msa             -            157    0.0017   17.2   0.3   1   1   0.00097    0.0032   16.3   0.3    29   122     9    97     7   111 0.76 tr|A0A2B8U3P1|A0A2B8U3P1_9BACI Group 1 truncated hemoglobin OS=Bacillus sp. AFS055030 OX=2033507 GN=CN925_00110 PE=3 SV=1
A0A0Q3X0W2/9-122     -            114 seed_msa             -            157    0.0017   17.2   0.0   1   1   0.00081    0.0026   16.6   0.0    29    76     6    51     3    58 0.80 tr|A0A0Q3X0W2|A0A0Q3X0W2_9BACI Globin OS=Bacillus shackletonii OX=157838 GN=AN964_16680 PE=4 SV=1
F8II72/5-122         -            118 seed_msa             -            157    0.0018   17.2   0.0   1   1   0.00097    0.0032   16.3   0.0    33    77    13    55     8    64 0.88 tr|F8II72|F8II72_ALIAT Globin OS=Alicyclobacillus acidocaldarius (strain Tc-4-1) OX=1048834 GN=glbN PE=4 SV=1
J8GU16/9-124         -            116 seed_msa             -            157    0.0018   17.2   0.0   1   1   0.00075    0.0025   16.7   0.0    33    70    11    50     6    60 0.89 tr|J8GU16|J8GU16_BACCE Group 2 hemoglobin yjbI OS=Bacillus cereus VD115 OX=1053230 GN=IIO_03879 PE=4 SV=1
A0A2B8IHG1/9-124     -            116 seed_msa             -            157    0.0018   17.2   0.0   1   1   0.00075    0.0025   16.7   0.0    33    70    11    50     6    60 0.89 tr|A0A2B8IHG1|A0A2B8IHG1_BACAN Globin OS=Bacillus anthracis OX=1392 GN=CN907_03810 PE=4 SV=1
A0A1E3TF24/14-126    -            113 seed_msa             -            157    0.0018   17.2   0.0   1   1   0.00076    0.0025   16.7   0.0    30    72    10    51     8    97 0.90 tr|A0A1E3TF24|A0A1E3TF24_MYCSH Group 1 truncated hemoglobin OS=Mycobacterium shimoidei OX=29313 GN=MSP7336_03686 PE=3 SV=1
A0A150MJ90/7-124     -            118 seed_msa             -            157    0.0018   17.2   0.0   1   1     0.001    0.0033   16.3   0.0    30    70    10    52     7    55 0.90 tr|A0A150MJ90|A0A150MJ90_9BACI Uncharacterized protein OS=Geobacillus sp. B4113_201601 OX=1586290 GN=B4113_2409 PE=4 SV=1
A0A1Q4RC59/5-117     -            113 seed_msa             -            157    0.0018   17.2   1.0   1   1    0.0015    0.0049   15.7   1.0    28    68     8    47     6   111 0.79 tr|A0A1Q4RC59|A0A1Q4RC59_9CYAN Group 1 truncated hemoglobin OS=Calothrix sp. HK-06 OX=1137096 GN=NIES2101_39345 PE=3 SV=1
A0A2A8PQP2/9-124     -            116 seed_msa             -            157    0.0018   17.1   0.0   1   1   0.00075    0.0025   16.7   0.0    33    70    11    50     6    60 0.89 tr|A0A2A8PQP2|A0A2A8PQP2_BACCE Globin OS=Bacillus cereus OX=1396 GN=CN425_23885 PE=4 SV=1
A0A2B2V6H5/9-124     -            116 seed_msa             -            157    0.0018   17.1   0.0   1   1   0.00075    0.0025   16.7   0.0    33    70    11    50     6    60 0.89 tr|A0A2B2V6H5|A0A2B2V6H5_BACCE Globin OS=Bacillus cereus OX=1396 GN=CN290_15335 PE=4 SV=1
A0A0B1Y0M5/9-123     -            115 seed_msa             -            157    0.0018   17.1   0.0   1   1   0.00068    0.0022   16.8   0.0    26    70     3    49     1    69 0.78 tr|A0A0B1Y0M5|A0A0B1Y0M5_9BACI Globin OS=Lysinibacillus sp. A1 OX=1571920 GN=PI85_10090 PE=4 SV=1
A0A1H8M9Q3/9-123     -            115 seed_msa             -            157    0.0018   17.1   0.0   1   1   0.00068    0.0022   16.8   0.0    26    70     3    49     1    69 0.78 tr|A0A1H8M9Q3|A0A1H8M9Q3_9BACI Hemoglobin OS=Lysinibacillus sp. SG45 OX=1500271 GN=SAMN02787103_03541 PE=4 SV=1
A3IFZ5/9-123         -            115 seed_msa             -            157    0.0018   17.1   0.0   1   1   0.00068    0.0022   16.8   0.0    26    70     3    49     1    69 0.78 tr|A3IFZ5|A3IFZ5_9BACI YjbI OS=Bacillus sp. B14905 OX=388400 GN=BB14905_17110 PE=4 SV=1
A0A0B6BBG9/9-124     -            116 seed_msa             -            157    0.0018   17.1   0.0   1   1   0.00075    0.0025   16.7   0.0    33    70    11    50     6    60 0.89 tr|A0A0B6BBG9|A0A0B6BBG9_BACTU Globin OS=Bacillus thuringiensis OX=1428 GN=yjbI PE=4 SV=1
A0A0E1MP47/9-124     -            116 seed_msa             -            157    0.0018   17.1   0.0   1   1   0.00075    0.0025   16.7   0.0    33    70    11    50     6    60 0.89 tr|A0A0E1MP47|A0A0E1MP47_BACAN Globin OS=Bacillus anthracis OX=1392 GN=A9486_21940 PE=4 SV=1
A0A0F5RMG0/9-124     -            116 seed_msa             -            157    0.0018   17.1   0.0   1   1   0.00075    0.0025   16.7   0.0    33    70    11    50     6    60 0.89 tr|A0A0F5RMG0|A0A0F5RMG0_9BACI Globin family protein OS=Bacillus sp. UMTAT18 OX=1565146 GN=OA45_03123 PE=4 SV=1
A0A0G8CEZ5/9-124     -            116 seed_msa             -            157    0.0018   17.1   0.0   1   1   0.00075    0.0025   16.7   0.0    33    70    11    50     6    60 0.89 tr|A0A0G8CEZ5|A0A0G8CEZ5_9BACI Globin OS=Bacillus wiedmannii OX=1890302 GN=A6280_16930 PE=4 SV=1
A0A0G8DI99/9-124     -            116 seed_msa             -            157    0.0018   17.1   0.0   1   1   0.00075    0.0025   16.7   0.0    33    70    11    50     6    60 0.89 tr|A0A0G8DI99|A0A0G8DI99_BACCE Globin OS=Bacillus cereus OX=1396 GN=yjbI_1 PE=4 SV=1
A0A0K6MFW7/9-124     -            116 seed_msa             -            157    0.0018   17.1   0.0   1   1   0.00075    0.0025   16.7   0.0    33    70    11    50     6    60 0.89 tr|A0A0K6MFW7|A0A0K6MFW7_BACIU Globin OS=Bacillus subtilis OX=1423 GN=yjbI PE=4 SV=1
A0A0P0PMH1/9-124     -            116 seed_msa             -            157    0.0018   17.1   0.0   1   1   0.00075    0.0025   16.7   0.0    33    70    11    50     6    60 0.89 tr|A0A0P0PMH1|A0A0P0PMH1_BACTU Globin OS=Bacillus thuringiensis OX=1428 GN=AYK81_13465 PE=4 SV=1
A0A0T8VP92/9-124     -            116 seed_msa             -            157    0.0018   17.1   0.0   1   1   0.00075    0.0025   16.7   0.0    33    70    11    50     6    60 0.89 tr|A0A0T8VP92|A0A0T8VP92_STREE Truncated BHb OS=Streptococcus pneumoniae OX=1313 GN=yjbI PE=4 SV=1
A0A0U0FDN5/9-124     -            116 seed_msa             -            157    0.0018   17.1   0.0   1   1   0.00075    0.0025   16.7   0.0    33    70    11    50     6    60 0.89 tr|A0A0U0FDN5|A0A0U0FDN5_STREE Truncated BHb OS=Streptococcus pneumoniae OX=1313 GN=yjbI PE=4 SV=1
A0A136CSS4/9-124     -            116 seed_msa             -            157    0.0018   17.1   0.0   1   1   0.00075    0.0025   16.7   0.0    33    70    11    50     6    60 0.89 tr|A0A136CSS4|A0A136CSS4_BACCE Globin OS=Bacillus cereus OX=1396 GN=AT267_08540 PE=4 SV=1
A0A154AZ77/9-124     -            116 seed_msa             -            157    0.0018   17.1   0.0   1   1   0.00075    0.0025   16.7   0.0    33    70    11    50     6    60 0.89 tr|A0A154AZ77|A0A154AZ77_9BACI Globin OS=Bacillus sp. GZT OX=936600 GN=A3782_20415 PE=4 SV=1
A0A158RHI1/9-124     -            116 seed_msa             -            157    0.0018   17.1   0.0   1   1   0.00075    0.0025   16.7   0.0    33    70    11    50     6    60 0.89 tr|A0A158RHI1|A0A158RHI1_BACC3 Protozoan/cyanobacterial globin family protein OS=Bacillus cereus (strain 03BB102) OX=572264 GN=BCA_1240 PE=4 SV=1
A0A1C4B9D5/9-124     -            116 seed_msa             -            157    0.0018   17.1   0.0   1   1   0.00075    0.0025   16.7   0.0    33    70    11    50     6    60 0.89 tr|A0A1C4B9D5|A0A1C4B9D5_BACTU Globin OS=Bacillus thuringiensis OX=1428 GN=BTT61001_01161 PE=4 SV=1
A0A1J9TKX1/9-124     -            116 seed_msa             -            157    0.0018   17.1   0.0   1   1   0.00075    0.0025   16.7   0.0    33    70    11    50     6    60 0.89 tr|A0A1J9TKX1|A0A1J9TKX1_9BACI Globin OS=Bacillus sp. N35-10-4 OX=1866315 GN=BAU26_20800 PE=4 SV=1
A0A1J9U1S3/9-124     -            116 seed_msa             -            157    0.0018   17.1   0.0   1   1   0.00075    0.0025   16.7   0.0    33    70    11    50     6    60 0.89 tr|A0A1J9U1S3|A0A1J9U1S3_9BACI Globin OS=Bacillus albus OX=2026189 GN=BAU25_22870 PE=4 SV=1
A0A1J9YP25/9-124     -            116 seed_msa             -            157    0.0018   17.1   0.0   1   1   0.00075    0.0025   16.7   0.0    33    70    11    50     6    60 0.89 tr|A0A1J9YP25|A0A1J9YP25_9BACI Globin OS=Bacillus paranthracis OX=2026186 GN=BAQ46_04000 PE=4 SV=1
A0A1J9Z448/9-124     -            116 seed_msa             -            157    0.0018   17.1   0.0   1   1   0.00075    0.0025   16.7   0.0    33    70    11    50     6    60 0.89 tr|A0A1J9Z448|A0A1J9Z448_9BACI Globin OS=Bacillus pacificus OX=2026187 GN=BAQ45_16690 PE=4 SV=1
A0A1K0AZ76/9-124     -            116 seed_msa             -            157    0.0018   17.1   0.0   1   1   0.00075    0.0025   16.7   0.0    33    70    11    50     6    60 0.89 tr|A0A1K0AZ76|A0A1K0AZ76_9BACI Globin OS=Bacillus mobilis OX=2026190 GN=BAQ44_05690 PE=4 SV=1
A0A1K0BMV7/9-124     -            116 seed_msa             -            157    0.0018   17.1   0.0   1   1   0.00075    0.0025   16.7   0.0    33    70    11    50     6    60 0.89 tr|A0A1K0BMV7|A0A1K0BMV7_9BACI Globin OS=Bacillus luti OX=2026191 GN=BAQ48_13025 PE=4 SV=1
A0A1N6QAX6/9-124     -            116 seed_msa             -            157    0.0018   17.1   0.0   1   1   0.00075    0.0025   16.7   0.0    33    70    11    50     6    60 0.89 tr|A0A1N6QAX6|A0A1N6QAX6_BACCE Hemoglobin OS=Bacillus cereus OX=1396 GN=SAMN05878494_0451 PE=4 SV=1
A0A1V6LL64/9-124     -            116 seed_msa             -            157    0.0018   17.1   0.0   1   1   0.00075    0.0025   16.7   0.0    33    70    11    50     6    60 0.89 tr|A0A1V6LL64|A0A1V6LL64_9BACI Globin OS=Bacillus toyonensis OX=155322 GN=C6353_01765 PE=4 SV=1
A0A242VYS4/9-124     -            116 seed_msa             -            157    0.0018   17.1   0.0   1   1   0.00075    0.0025   16.7   0.0    33    70    11    50     6    60 0.89 tr|A0A242VYS4|A0A242VYS4_BACTU Globin OS=Bacillus thuringiensis serovar mexicanensis OX=180868 GN=BK699_32475 PE=4 SV=1
A0A242X2C5/9-124     -            116 seed_msa             -            157    0.0018   17.1   0.0   1   1   0.00075    0.0025   16.7   0.0    33    70    11    50     6    60 0.89 tr|A0A242X2C5|A0A242X2C5_BACTU Globin OS=Bacillus thuringiensis serovar malayensis OX=180893 GN=BK717_25510 PE=4 SV=1
A0A242XLR3/9-124     -            116 seed_msa             -            157    0.0018   17.1   0.0   1   1   0.00075    0.0025   16.7   0.0    33    70    11    50     6    60 0.89 tr|A0A242XLR3|A0A242XLR3_BACTU Globin OS=Bacillus thuringiensis serovar guiyangiensis OX=180871 GN=BK725_15585 PE=4 SV=1
A0A243BHZ9/9-124     -            116 seed_msa             -            157    0.0018   17.1   0.0   1   1   0.00075    0.0025   16.7   0.0    33    70    11    50     6    60 0.89 tr|A0A243BHZ9|A0A243BHZ9_BACTU Globin OS=Bacillus thuringiensis serovar pingluonsis OX=180881 GN=BK742_09825 PE=4 SV=1
A0A243CSD4/9-124     -            116 seed_msa             -            157    0.0018   17.1   0.0   1   1   0.00075    0.0025   16.7   0.0    33    70    11    50     6    60 0.89 tr|A0A243CSD4|A0A243CSD4_BACTU Globin OS=Bacillus thuringiensis serovar vazensis OX=180867 GN=BK749_18975 PE=4 SV=1
A0A243HW58/9-124     -            116 seed_msa             -            157    0.0018   17.1   0.0   1   1   0.00075    0.0025   16.7   0.0    33    70    11    50     6    60 0.89 tr|A0A243HW58|A0A243HW58_BACTU Globin OS=Bacillus thuringiensis serovar thailandensis OX=1042874 GN=BK786_26645 PE=4 SV=1
A0A243JTH3/9-124     -            116 seed_msa             -            157    0.0018   17.1   0.0   1   1   0.00075    0.0025   16.7   0.0    33    70    11    50     6    60 0.89 tr|A0A243JTH3|A0A243JTH3_BACTU Globin OS=Bacillus thuringiensis serovar argentinensis OX=180880 GN=BK740_28410 PE=4 SV=1
A0A243MKU0/9-124     -            116 seed_msa             -            157    0.0018   17.1   0.0   1   1   0.00075    0.0025   16.7   0.0    33    70    11    50     6    60 0.89 tr|A0A243MKU0|A0A243MKU0_BACTU Globin OS=Bacillus thuringiensis serovar sinensis OX=1042875 GN=BK788_25860 PE=4 SV=1
A0A246PW22/9-124     -            116 seed_msa             -            157    0.0018   17.1   0.0   1   1   0.00075    0.0025   16.7   0.0    33    70    11    50     6    60 0.89 tr|A0A246PW22|A0A246PW22_9BACI Globin OS=Bacillus sp. K2I17 OX=2014743 GN=CER22_06000 PE=4 SV=1
A0A246UH20/9-124     -            116 seed_msa             -            157    0.0018   17.1   0.0   1   1   0.00075    0.0025   16.7   0.0    33    70    11    50     6    60 0.89 tr|A0A246UH20|A0A246UH20_9BACI Globin OS=Bacillus sp. MB353a OX=1982041 GN=BUE63_20130 PE=4 SV=1
A0A2A7E545/9-124     -            116 seed_msa             -            157    0.0018   17.1   0.0   1   1   0.00075    0.0025   16.7   0.0    33    70    11    50     6    60 0.89 tr|A0A2A7E545|A0A2A7E545_9BACI Globin OS=Bacillus sp. AFS094611 OX=2033516 GN=CON07_17365 PE=4 SV=1
A0A2A9AAK0/9-124     -            116 seed_msa             -            157    0.0018   17.1   0.0   1   1   0.00075    0.0025   16.7   0.0    33    70    11    50     6    60 0.89 tr|A0A2A9AAK0|A0A2A9AAK0_BACAN Globin OS=Bacillus anthracis OX=1392 GN=CN272_00975 PE=4 SV=1
A0A2B4EYS9/9-124     -            116 seed_msa             -            157    0.0018   17.1   0.0   1   1   0.00075    0.0025   16.7   0.0    33    70    11    50     6    60 0.89 tr|A0A2B4EYS9|A0A2B4EYS9_9BACI Globin OS=Bacillus sp. AFS059628 OX=2033508 GN=COL05_22770 PE=4 SV=1
A0A2B4NP46/9-124     -            116 seed_msa             -            157    0.0018   17.1   0.0   1   1   0.00075    0.0025   16.7   0.0    33    70    11    50     6    60 0.89 tr|A0A2B4NP46|A0A2B4NP46_9BACI Globin OS=Bacillus sp. AFS075960 OX=2034282 GN=COL27_20310 PE=4 SV=1
A0A2C4R714/9-124     -            116 seed_msa             -            157    0.0018   17.1   0.0   1   1   0.00075    0.0025   16.7   0.0    33    70    11    50     6    60 0.89 tr|A0A2C4R714|A0A2C4R714_9BACI Globin OS=Bacillus toyonensis OX=155322 GN=COF40_05295 PE=4 SV=1
A0A2G6QAC5/9-124     -            116 seed_msa             -            157    0.0018   17.1   0.0   1   1   0.00075    0.0025   16.7   0.0    33    70    11    50     6    60 0.89 tr|A0A2G6QAC5|A0A2G6QAC5_9BACI Globin OS=Bacillus sp. 17-SMS-01 OX=2039284 GN=CO726_21305 PE=4 SV=1
A0A2I0R932/9-124     -            116 seed_msa             -            157    0.0018   17.1   0.0   1   1   0.00075    0.0025   16.7   0.0    33    70    11    50     6    60 0.89 tr|A0A2I0R932|A0A2I0R932_BACCE Uncharacterized protein OS=Bacillus cereus Rock4-18 OX=526988 GN=bcere0024_055800 PE=4 SV=1
A0RB25/9-124         -            116 seed_msa             -            157    0.0018   17.1   0.0   1   1   0.00075    0.0025   16.7   0.0    33    70    11    50     6    60 0.89 tr|A0RB25|A0RB25_BACAH Globin family protein OS=Bacillus thuringiensis (strain Al Hakam) OX=412694 GN=BALH_1057 PE=4 SV=1
B3Z3F3/9-124         -            116 seed_msa             -            157    0.0018   17.1   0.0   1   1   0.00075    0.0025   16.7   0.0    33    70    11    50     6    60 0.89 tr|B3Z3F3|B3Z3F3_BACCE Protozoan/cyanobacterial globin family protein OS=Bacillus cereus NVH0597-99 OX=451707 GN=BC059799_1219 PE=4 SV=1
B3ZMH4/9-124         -            116 seed_msa             -            157    0.0018   17.1   0.0   1   1   0.00075    0.0025   16.7   0.0    33    70    11    50     6    60 0.89 tr|B3ZMH4|B3ZMH4_BACCE Group 2 hemoglobin yjbI OS=Bacillus cereus 03BB108 OX=451709 GN=yjbI PE=4 SV=1
B7JEN8/9-124         -            116 seed_msa             -            157    0.0018   17.1   0.0   1   1   0.00075    0.0025   16.7   0.0    33    70    11    50     6    60 0.89 tr|B7JEN8|B7JEN8_BACC0 Protozoan/cyanobacterial globin family protein OS=Bacillus cereus (strain AH820) OX=405535 GN=BCAH820_1279 PE=4 SV=1
C2MHL9/9-124         -            116 seed_msa             -            157    0.0018   17.1   0.0   1   1   0.00075    0.0025   16.7   0.0    33    70    11    50     6    60 0.89 tr|C2MHL9|C2MHL9_BACCE Globin OS=Bacillus cereus m1293 OX=526973 GN=bcere0001_10660 PE=4 SV=1
C2NEH0/9-124         -            116 seed_msa             -            157    0.0018   17.1   0.0   1   1   0.00075    0.0025   16.7   0.0    33    70    11    50     6    60 0.89 tr|C2NEH0|C2NEH0_BACCE Globin OS=Bacillus cereus BGSC 6E1 OX=526970 GN=bcere0004_10730 PE=4 SV=1
C2Q8U4/9-124         -            116 seed_msa             -            157    0.0018   17.1   0.0   1   1   0.00075    0.0025   16.7   0.0    33    70    11    50     6    60 0.89 tr|C2Q8U4|C2Q8U4_BACCE Globin OS=Bacillus cereus R309803 OX=526968 GN=bcere0009_10520 PE=4 SV=1
C2QPU6/9-124         -            116 seed_msa             -            157    0.0018   17.1   0.0   1   1   0.00075    0.0025   16.7   0.0    33    70    11    50     6    60 0.89 tr|C2QPU6|C2QPU6_BACCE Globin OS=Bacillus cereus ATCC 4342 OX=526977 GN=bcere0010_10600 PE=4 SV=1
C2TDB5/9-124         -            116 seed_msa             -            157    0.0018   17.1   0.0   1   1   0.00075    0.0025   16.7   0.0    33    70    11    50     6    60 0.89 tr|C2TDB5|C2TDB5_BACCE Globin OS=Bacillus cereus 95/8201 OX=526979 GN=bcere0016_11310 PE=4 SV=1
C2US54/9-124         -            116 seed_msa             -            157    0.0018   17.1   0.0   1   1   0.00075    0.0025   16.7   0.0    33    70    11    50     6    60 0.89 tr|C2US54|C2US54_BACCE Globin OS=Bacillus cereus Rock3-28 OX=526983 GN=bcere0019_10470 PE=4 SV=1
C2V8L7/9-124         -            116 seed_msa             -            157    0.0018   17.1   0.0   1   1   0.00075    0.0025   16.7   0.0    33    70    11    50     6    60 0.89 tr|C2V8L7|C2V8L7_BACCE Globin OS=Bacillus cereus Rock3-29 OX=526984 GN=bcere0020_10360 PE=4 SV=1
C2VQH5/9-124         -            116 seed_msa             -            157    0.0018   17.1   0.0   1   1   0.00075    0.0025   16.7   0.0    33    70    11    50     6    60 0.89 tr|C2VQH5|C2VQH5_BACCE Globin OS=Bacillus cereus Rock3-42 OX=526985 GN=bcere0021_10740 PE=4 SV=1
C2YNH1/4-119         -            116 seed_msa             -            157    0.0018   17.1   0.0   1   1   0.00075    0.0025   16.7   0.0    33    70    11    50     6    60 0.89 tr|C2YNH1|C2YNH1_BACCE Globin OS=Bacillus cereus AH1271 OX=526992 GN=bcere0028_10720 PE=4 SV=1
C3BZ54/9-124         -            116 seed_msa             -            157    0.0018   17.1   0.0   1   1   0.00075    0.0025   16.7   0.0    33    70    11    50     6    60 0.89 tr|C3BZ54|C3BZ54_BACTU Globin OS=Bacillus thuringiensis serovar tochigiensis BGSC 4Y1 OX=527024 GN=bthur0001_10770 PE=4 SV=1
C3FZS9/9-124         -            116 seed_msa             -            157    0.0018   17.1   0.0   1   1   0.00075    0.0025   16.7   0.0    33    70    11    50     6    60 0.89 tr|C3FZS9|C3FZS9_BACTU Globin OS=Bacillus thuringiensis serovar andalousiensis BGSC 4AW1 OX=527032 GN=bthur0009_10530 PE=4 SV=1
C3GFN3/4-119         -            116 seed_msa             -            157    0.0018   17.1   0.0   1   1   0.00075    0.0025   16.7   0.0    33    70    11    50     6    60 0.89 tr|C3GFN3|C3GFN3_BACTU Globin OS=Bacillus thuringiensis serovar pondicheriensis BGSC 4BA1 OX=527029 GN=bthur0010_10560 PE=4 SV=1
D8H5Z3/9-124         -            116 seed_msa             -            157    0.0018   17.1   0.0   1   1   0.00075    0.0025   16.7   0.0    33    70    11    50     6    60 0.89 tr|D8H5Z3|D8H5Z3_BACAI Globin family protein OS=Bacillus cereus var. anthracis (strain CI) OX=637380 GN=BACI_c12360 PE=4 SV=1
F0PRC2/9-124         -            116 seed_msa             -            157    0.0018   17.1   0.0   1   1   0.00075    0.0025   16.7   0.0    33    70    11    50     6    60 0.89 tr|F0PRC2|F0PRC2_BACT0 Globin family protein OS=Bacillus thuringiensis subsp. finitimus (strain YBT-020) OX=930170 GN=YBT020_06650 PE=4 SV=1
J8D303/9-124         -            116 seed_msa             -            157    0.0018   17.1   0.0   1   1   0.00075    0.0025   16.7   0.0    33    70    11    50     6    60 0.89 tr|J8D303|J8D303_BACCE Group 2 hemoglobin yjbI OS=Bacillus cereus MSX-D12 OX=1053222 GN=II9_04196 PE=4 SV=1
J8IQZ7/9-124         -            116 seed_msa             -            157    0.0018   17.1   0.0   1   1   0.00075    0.0025   16.7   0.0    33    70    11    50     6    60 0.89 tr|J8IQZ7|J8IQZ7_BACCE Group 2 hemoglobin yjbI OS=Bacillus cereus VD102 OX=1053228 GN=IIK_03581 PE=4 SV=1
K0FCJ9/9-124         -            116 seed_msa             -            157    0.0018   17.1   0.0   1   1   0.00075    0.0025   16.7   0.0    33    70    11    50     6    60 0.89 tr|K0FCJ9|K0FCJ9_BACTU Globin OS=Bacillus thuringiensis MC28 OX=1195464 GN=MC28_0420 PE=4 SV=1
Q63EG9/9-124         -            116 seed_msa             -            157    0.0018   17.1   0.0   1   1   0.00075    0.0025   16.7   0.0    33    70    11    50     6    60 0.89 tr|Q63EG9|Q63EG9_BACCZ Globin family protein OS=Bacillus cereus (strain ZK / E33L) OX=288681 GN=BCE33L1092 PE=4 SV=1
Q6HLY6/9-124         -            116 seed_msa             -            157    0.0018   17.1   0.0   1   1   0.00075    0.0025   16.7   0.0    33    70    11    50     6    60 0.89 tr|Q6HLY6|Q6HLY6_BACHK Globin family protein OS=Bacillus thuringiensis subsp. konkukian (strain 97-27) OX=281309 GN=BT9727_1098 PE=4 SV=1
Q73BV1/9-124         -            116 seed_msa             -            157    0.0018   17.1   0.0   1   1   0.00075    0.0025   16.7   0.0    33    70    11    50     6    60 0.89 tr|Q73BV1|Q73BV1_BACC1 Protozoan/cyanobacterial globin family protein OS=Bacillus cereus (strain ATCC 10987 / NRS 248) OX=222523 GN=BCE_1317 PE=4 SV=1
A0A2C1S1M2/9-124     -            116 seed_msa             -            157    0.0018   17.1   0.0   1   1   0.00075    0.0025   16.7   0.0    33    70    11    50     6    60 0.89 tr|A0A2C1S1M2|A0A2C1S1M2_BACCE Globin OS=Bacillus cereus OX=1396 GN=COD67_16075 PE=4 SV=1
A0A0S3BTV2/9-124     -            116 seed_msa             -            157    0.0018   17.1   0.0   1   1   0.00075    0.0025   16.7   0.0    33    70    11    50     6    60 0.89 tr|A0A0S3BTV2|A0A0S3BTV2_BACTU Globin OS=Bacillus thuringiensis OX=1428 GN=ATN06_06050 PE=4 SV=1
A0A243GJU1/9-124     -            116 seed_msa             -            157    0.0018   17.1   0.0   1   1   0.00075    0.0025   16.7   0.0    33    70    11    50     6    60 0.89 tr|A0A243GJU1|A0A243GJU1_BACTF Globin OS=Bacillus thuringiensis subsp. finitimus OX=29337 GN=BK772_15545 PE=4 SV=1
K7AI37/26-138        -            113 seed_msa             -            157    0.0018   17.1   0.0   1   1   0.00062     0.002   17.0   0.0    29    77     9    56     4   110 0.89 tr|K7AI37|K7AI37_9ALTE Hemoglobin OS=Paraglaciecola polaris LMG 21857 OX=1129793 GN=glbN PE=4 SV=1
A0A2E3D7W1/11-127    -            117 seed_msa             -            157    0.0018   17.1   0.0   1   1    0.0011    0.0036   16.2   0.0    30    71     7    49     3    56 0.91 tr|A0A2E3D7W1|A0A2E3D7W1_9GAMM Globin OS=Gammaproteobacteria bacterium OX=1913989 GN=CMQ40_02655 PE=4 SV=1
A0A2C3D5L5/9-124     -            116 seed_msa             -            157    0.0018   17.1   0.0   1   1   0.00075    0.0025   16.7   0.0    33    70    11    50     6    60 0.89 tr|A0A2C3D5L5|A0A2C3D5L5_BACCE Globin OS=Bacillus cereus OX=1396 GN=COE30_19405 PE=4 SV=1
A0A1Y6ADU3/9-124     -            116 seed_msa             -            157    0.0018   17.1   0.0   1   1   0.00075    0.0025   16.7   0.0    33    70    11    50     6    60 0.89 tr|A0A1Y6ADU3|A0A1Y6ADU3_BACCE Globin OS=Bacillus cereus OX=1396 GN=yjbI PE=4 SV=1
A0A229MTF3/9-124     -            116 seed_msa             -            157    0.0018   17.1   0.0   1   1   0.00075    0.0025   16.7   0.0    33    70    11    50     6    60 0.89 tr|A0A229MTF3|A0A229MTF3_9BACI Globin OS=Bacillus sp. KbaB1 OX=1972845 GN=B6N65_08940 PE=4 SV=1
B7I0A9/9-124         -            116 seed_msa             -            157    0.0018   17.1   0.0   1   1   0.00075    0.0025   16.7   0.0    33    70    11    50     6    60 0.89 tr|B7I0A9|B7I0A9_BACC7 Protozoan/cyanobacterial globin family protein OS=Bacillus cereus (strain AH187) OX=405534 GN=BCAH187_A1355 PE=4 SV=1
B9ITZ6/9-124         -            116 seed_msa             -            157    0.0018   17.1   0.0   1   1   0.00075    0.0025   16.7   0.0    33    70    11    50     6    60 0.89 tr|B9ITZ6|B9ITZ6_BACCQ Globin family protein OS=Bacillus cereus (strain Q1) OX=361100 GN=BCQ_1262 PE=4 SV=1
C2S0J2/9-124         -            116 seed_msa             -            157    0.0018   17.1   0.0   1   1   0.00075    0.0025   16.7   0.0    33    70    11    50     6    60 0.89 tr|C2S0J2|C2S0J2_BACCE Globin OS=Bacillus cereus BDRD-ST26 OX=526975 GN=bcere0013_11120 PE=4 SV=1
A0A168U4K6/3-116     -            114 seed_msa             -            157    0.0018   17.1   0.3   1   1   0.00097    0.0032   16.3   0.2    30    71    10    50     8    69 0.83 tr|A0A168U4K6|A0A168U4K6_9CYAN Group 1 truncated hemoglobin OS=Phormidium willei BDU 130791 OX=399101 GN=AY600_00215 PE=3 SV=1
A0A243IXC3/9-124     -            116 seed_msa             -            157    0.0018   17.1   0.0   1   1   0.00075    0.0025   16.7   0.0    33    70    11    50     6    60 0.89 tr|A0A243IXC3|A0A243IXC3_BACHU Globin OS=Bacillus thuringiensis subsp. konkukian OX=180856 GN=BK704_06795 PE=4 SV=1
A0A2J9BK62/9-124     -            116 seed_msa             -            157    0.0018   17.1   0.0   1   1   0.00075    0.0025   16.7   0.0    33    70    11    50     6    60 0.89 tr|A0A2J9BK62|A0A2J9BK62_BACTU Globin OS=Bacillus thuringiensis OX=1428 GN=CBR56_07305 PE=4 SV=1
A0A2A8UUY2/9-124     -            116 seed_msa             -            157    0.0018   17.1   0.0   1   1   0.00075    0.0025   16.7   0.0    33    70    11    50     6    60 0.89 tr|A0A2A8UUY2|A0A2A8UUY2_9BACI Globin OS=Bacillus sp. AFS015896 OX=2033487 GN=CN402_16720 PE=4 SV=1
A0A2B8UIZ2/9-124     -            116 seed_msa             -            157    0.0018   17.1   0.0   1   1   0.00075    0.0025   16.7   0.0    33    70    11    50     6    60 0.89 tr|A0A2B8UIZ2|A0A2B8UIZ2_9BACI Globin OS=Bacillus sp. AFS054943 OX=2033506 GN=CN931_24670 PE=4 SV=1
A0A2C1LH41/9-124     -            116 seed_msa             -            157    0.0018   17.1   0.0   1   1   0.00075    0.0025   16.7   0.0    33    70    11    50     6    60 0.89 tr|A0A2C1LH41|A0A2C1LH41_BACCE Globin OS=Bacillus cereus OX=1396 GN=CN476_06330 PE=4 SV=1
A0A1C5HXH3/12-105    -             94 seed_msa             -            157    0.0018   17.1   0.0   1   1    0.0014    0.0046   15.8   0.0    30    57     9    39     6    91 0.68 tr|A0A1C5HXH3|A0A1C5HXH3_9ACTN Group 1 truncated hemoglobin OS=Micromonospora echinaurantiaca OX=47857 GN=GA0070609_2405 PE=3 SV=1
P52334/44-159        -            116 seed_msa             -            157    0.0018   17.1   0.0   1   1    0.0025    0.0081   15.0   0.0    30    65    10    46     7    53 0.94 sp|P52334|TRHN2_CHLMO Group 1 truncated hemoglobin LI410 OS=Chlamydomonas moewusii OX=3054 GN=LI410 PE=2 SV=1
A0A0J7I577/9-124     -            116 seed_msa             -            157    0.0018   17.1   0.0   1   1   0.00075    0.0025   16.7   0.0    33    70    11    50     6    60 0.89 tr|A0A0J7I577|A0A0J7I577_BACCE Globin OS=Bacillus cereus OX=1396 GN=TU68_21105 PE=4 SV=1
A0A2A8KX79/9-124     -            116 seed_msa             -            157    0.0018   17.1   0.0   1   1   0.00075    0.0025   16.7   0.0    33    70    11    50     6    60 0.89 tr|A0A2A8KX79|A0A2A8KX79_BACAN Globin OS=Bacillus anthracis OX=1392 GN=CN488_07550 PE=4 SV=1
A0A1T5A4W9/9-123     -            115 seed_msa             -            157    0.0018   17.1   0.0   1   1   0.00067    0.0022   16.9   0.0    26    70     3    49     1    69 0.78 tr|A0A1T5A4W9|A0A1T5A4W9_9BACI Hemoglobin OS=Lysinibacillus sp. AC-3 OX=1680467 GN=SAMN06295926_101310 PE=4 SV=1
H0PVQ4/16-132        -            117 seed_msa             -            157    0.0018   17.1   0.0   1   1     0.001    0.0033   16.3   0.0    29   138     7   112     5   116 0.74 tr|H0PVQ4|H0PVQ4_9RHOO Conserved globin-like protein OS=Azoarcus sp. KH32C OX=748247 GN=AZKH_4076 PE=4 SV=1
C8WRW6/5-121         -            117 seed_msa             -            157    0.0018   17.1   0.0   1   1   0.00095    0.0031   16.4   0.0    33    77    13    55     8    64 0.88 tr|C8WRW6|C8WRW6_ALIAD Globin OS=Alicyclobacillus acidocaldarius subsp. acidocaldarius (strain ATCC 27009 / DSM 446 / JCM 5260 / NBRC 15652 / NCIMB 11725 / NRRL B-14509 / 104-1A) OX=521098 GN=Aaci_2370 PE=4 SV=1
A0A177MKB5/11-125    -            115 seed_msa             -            157    0.0019   17.1   0.0   1   1    0.0016    0.0054   15.6   0.0    29    66     9    49     7    51 0.93 tr|A0A177MKB5|A0A177MKB5_METMH Group 1 truncated hemoglobin OS=Methylomonas methanica OX=421 GN=A1332_13570 PE=3 SV=1
A0A1E3T9F1/7-120     -            114 seed_msa             -            157    0.0019   17.1   0.0   1   1   0.00072    0.0023   16.8   0.0    30    76    10    55     8   107 0.85 tr|A0A1E3T9F1|A0A1E3T9F1_9MYCO Group 1 truncated hemoglobin OS=Mycobacterium sherrisii OX=243061 GN=AWC25_21665 PE=3 SV=1
A0A1I0IZJ4/7-124     -            118 seed_msa             -            157    0.0019   17.1   0.0   1   1   0.00087    0.0028   16.5   0.0    30    72    10    50     8    61 0.74 tr|A0A1I0IZJ4|A0A1I0IZJ4_9BACI Hemoglobin OS=Salinibacillus kushneri OX=237682 GN=SAMN05421676_11515 PE=4 SV=1
A0A0C2UZI5/17-118    -            102 seed_msa             -            157    0.0019   17.1   0.0   1   1   0.00073    0.0024   16.7   0.0    31    73     2    42     1    64 0.74 tr|A0A0C2UZI5|A0A0C2UZI5_9BACL Globin OS=Paenibacillus sp. VKM B-2647 OX=1590651 GN=SD70_01525 PE=4 SV=1
A0A1H8KJJ9/5-117     -            113 seed_msa             -            157    0.0019   17.1   0.1   1   1    0.0018    0.0058   15.5   0.1    30    82    10    59     8   109 0.75 tr|A0A1H8KJJ9|A0A1H8KJJ9_9EURY Hemoglobin OS=Halorientalis persicus OX=1367881 GN=SAMN05216388_100685 PE=4 SV=1
A0A0M8XC00/14-124    -            111 seed_msa             -            157    0.0019   17.1   0.0   1   1   0.00096    0.0031   16.4   0.0    30    62     9    42     7    93 0.85 tr|A0A0M8XC00|A0A0M8XC00_9ACTN Group 1 truncated hemoglobin OS=Micromonospora sp. NRRL B-16802 OX=1415541 GN=ADK66_29340 PE=3 SV=1
A0A1X1X5G7/14-126    -            113 seed_msa             -            157    0.0019   17.0   0.0   1   1   0.00087    0.0028   16.5   0.0    30    74    10    53     8   107 0.83 tr|A0A1X1X5G7|A0A1X1X5G7_9MYCO Group 1 truncated hemoglobin OS=Mycobacterium kubicae OX=120959 GN=AWC13_23080 PE=3 SV=1
A0A1M5IR56/6-123     -            118 seed_msa             -            157    0.0019   17.0   0.0   1   1   0.00089    0.0029   16.5   0.0    29    77     9    55     7    64 0.80 tr|A0A1M5IR56|A0A1M5IR56_9BACI Hemoglobin OS=Ornithinibacillus halophilus OX=930117 GN=SAMN05216225_102548 PE=4 SV=1
A0A1A2PY98/15-126    -            112 seed_msa             -            157    0.0019   17.0   0.0   1   1    0.0012    0.0039   16.0   0.0    30    73     9    51     7   108 0.83 tr|A0A1A2PY98|A0A1A2PY98_9MYCO Group 1 truncated hemoglobin OS=Mycobacterium sp. E342 OX=1834147 GN=A5692_15660 PE=3 SV=1
A0A1R4HBC8/320-435   -            116 seed_msa             -            157    0.0019   17.0   0.2   1   1    0.0035     0.011   14.5   0.2    31   114    10    92     7    95 0.70 tr|A0A1R4HBC8|A0A1R4HBC8_9GAMM Group 1 truncated hemoglobin GlbN (Modular protein) OS=Crenothrix polyspora OX=360316 GN=CRENPOLYSF2_3370009 PE=4 SV=1
A0A1A2NW73/15-126    -            112 seed_msa             -            157     0.002   17.0   0.0   1   1    0.0013    0.0042   16.0   0.0    30    73     9    51     7   108 0.84 tr|A0A1A2NW73|A0A1A2NW73_9MYCO Group 1 truncated hemoglobin OS=Mycobacterium sp. E3247 OX=1856864 GN=A9X04_08000 PE=3 SV=1
I9KE88/2-114         -            113 seed_msa             -            157     0.002   17.0   0.0   1   1    0.0012     0.004   16.0   0.0    30    77    10    56     8    92 0.76 tr|I9KE88|I9KE88_9ACTN Group 1 truncated hemoglobin OS=Frankia sp. QA3 OX=710111 GN=FraQA3DRAFT_1972 PE=3 SV=1
G4QFW5/45-158        -            114 seed_msa             -            157     0.002   17.0   0.0   1   1     0.001    0.0034   16.2   0.0    29    78     9    57     7    69 0.86 tr|G4QFW5|G4QFW5_GLANF Globin OS=Glaciecola nitratireducens (strain JCM 12485 / KCTC 12276 / FR1064) OX=1085623 GN=glbN PE=4 SV=1
E6QPM5/5-116         -            112 seed_msa             -            157     0.002   17.0   0.0   1   1   0.00088    0.0029   16.5   0.0    29    79     8    57     6    94 0.85 tr|E6QPM5|E6QPM5_9ZZZZ Cyanoglobin (Hemoglobin) (Hb) OS=mine drainage metagenome OX=410659 GN=glbN PE=4 SV=1
A0A1A2K8I5/15-127    -            113 seed_msa             -            157     0.002   17.0   0.0   1   1    0.0013    0.0041   16.0   0.0    30    73    10    52     8   107 0.82 tr|A0A1A2K8I5|A0A1A2K8I5_9MYCO Group 1 truncated hemoglobin OS=Mycobacterium sp. E1214 OX=1834123 GN=A5700_04105 PE=3 SV=1
A0A1A2PR13/15-127    -            113 seed_msa             -            157     0.002   17.0   0.0   1   1    0.0013    0.0041   16.0   0.0    30    73    10    52     8   107 0.82 tr|A0A1A2PR13|A0A1A2PR13_9MYCO Group 1 truncated hemoglobin OS=Mycobacterium sp. E1319 OX=1834124 GN=A5693_19080 PE=3 SV=1
A0A139BRN0/2-116     -            115 seed_msa             -            157     0.002   17.0   0.0   1   1   0.00078    0.0025   16.6   0.0    30   116    10    94     8   112 0.78 tr|A0A139BRN0|A0A139BRN0_9PROT Group 1 truncated hemoglobin OS=Candidatus Gallionella acididurans OX=1796491 GN=AWT59_2317 PE=3 SV=1
T0RE17/3-111         -            109 seed_msa             -            157     0.002   17.0   0.0   1   1   0.00092     0.003   16.4   0.0    30    66    10    49     7    53 0.88 tr|T0RE17|T0RE17_9PROT Group 1 truncated hemoglobin OS=Bacteriovorax sp. BSW11_IV OX=1353529 GN=glbN PE=3 SV=1
A8L0I3/25-137        -            113 seed_msa             -            157     0.002   17.0   0.0   1   1   0.00089    0.0029   16.5   0.0    30    77    10    56     8    93 0.83 tr|A8L0I3|A8L0I3_FRASN Group 1 truncated hemoglobin OS=Frankia sp. (strain EAN1pec) OX=298653 GN=Franean1_3681 PE=3 SV=1
A0A2G7GD42/5-117     -            113 seed_msa             -            157     0.002   17.0   0.1   1   1    0.0075     0.024   13.5   0.0    29    65     9    46     7    54 0.82 tr|A0A2G7GD42|A0A2G7GD42_9CHRO Group 1 truncated hemoglobin OS=Chroococcales cyanobacterium IPPAS B-1203 OX=2049454 GN=CSQ79_25055 PE=3 SV=1
A0A0U4WLK2/3-113     -            111 seed_msa             -            157     0.002   17.0   1.1   1   1    0.0028    0.0091   14.9   1.1    29    70     9    49     7   107 0.69 tr|A0A0U4WLK2|A0A0U4WLK2_9BACL Group 1 truncated hemoglobin OS=Aneurinibacillus soli OX=1500254 GN=glbN PE=3 SV=1
A0A2A4VD28/7-123     -            117 seed_msa             -            157    0.0021   16.9   0.1   1   1     0.001    0.0033   16.3   0.1    29    68     9    47     7   108 0.77 tr|A0A2A4VD28|A0A2A4VD28_9PROT Group 1 truncated hemoglobin OS=Alphaproteobacteria bacterium OX=1913988 GN=COB36_03555 PE=3 SV=1
A0A2D7WCG5/3-116     -            114 seed_msa             -            157    0.0021   16.9   0.0   1   1    0.0013    0.0042   15.9   0.0    29   122     9    97     7   110 0.78 tr|A0A2D7WCG5|A0A2D7WCG5_9GAMM Group 1 truncated hemoglobin OS=Spongiibacter sp. OX=2024860 GN=CMN80_00530 PE=3 SV=1
A0EH17/5-116         -            112 seed_msa             -            157    0.0021   16.9   0.0   1   1   0.00097    0.0032   16.3   0.0    29    77     9    56     7   109 0.75 tr|A0EH17|A0EH17_PARTE Group 1 truncated hemoglobin OS=Paramecium tetraurelia OX=5888 GN=GSPATT00026932001 PE=3 SV=1
A0A0X8CR85/9-123     -            115 seed_msa             -            157    0.0021   16.9   0.0   1   1   0.00086    0.0028   16.5   0.0    26    70     3    49     1    59 0.80 tr|A0A0X8CR85|A0A0X8CR85_9BACL Bacterial-like globin family protein OS=Kurthia sp. 11kri321 OX=1750719 GN=ASO14_2349 PE=4 SV=1
A0A074LX90/8-125     -            118 seed_msa             -            157    0.0021   16.9   0.0   1   1   0.00095    0.0031   16.4   0.0    30    61    10    47     8    72 0.77 tr|A0A074LX90|A0A074LX90_9BACL Globin OS=Tumebacillus flagellatus OX=1157490 GN=EL26_03935 PE=4 SV=1
A0A1C5HZC9/12-108    -             97 seed_msa             -            157    0.0021   16.9   0.0   1   1    0.0013    0.0043   15.9   0.0    30   103     9    77     7    92 0.67 tr|A0A1C5HZC9|A0A1C5HZC9_9ACTN Group 1 truncated hemoglobin OS=Micromonospora zamorensis OX=709883 GN=GA0070619_2596 PE=3 SV=1
A0A2G6XKW5/12-108    -             97 seed_msa             -            157    0.0021   16.9   0.0   1   1    0.0013    0.0043   15.9   0.0    30   103     9    77     7    92 0.67 tr|A0A2G6XKW5|A0A2G6XKW5_9ACTN Group 1 truncated hemoglobin OS=Micromonospora sp. CNZ299 OX=2035244 GN=CLT68_4522 PE=3 SV=1
A0A1X2CAM4/5-122     -            118 seed_msa             -            157    0.0021   16.9   0.0   1   1     0.001    0.0033   16.3   0.0    30    70    10    53     7    62 0.90 tr|A0A1X2CAM4|A0A1X2CAM4_9MYCO Uncharacterized protein OS=Mycobacterium saskatchewanense OX=220927 GN=AWC23_08875 PE=4 SV=1
A0A1H7DV10/18-131    -            114 seed_msa             -            157    0.0021   16.9   0.0   1   1   0.00085    0.0028   16.5   0.0    32    77    12    56     8    89 0.87 tr|A0A1H7DV10|A0A1H7DV10_9BURK Hemoglobin OS=Paraburkholderia diazotrophica OX=667676 GN=SAMN05192539_103553 PE=4 SV=1
B7DNQ5/5-121         -            117 seed_msa             -            157    0.0021   16.9   0.0   1   1   0.00095    0.0031   16.4   0.0    33    77    13    55     8    64 0.88 tr|B7DNQ5|B7DNQ5_9BACL Globin OS=Alicyclobacillus acidocaldarius LAA1 OX=543302 GN=AaLAA1DRAFT_0630 PE=4 SV=1
A0A1I2NLD2/8-120     -            113 seed_msa             -            157    0.0022   16.9   0.3   1   1    0.0013    0.0041   16.0   0.3    29    74     9    53     7   109 0.76 tr|A0A1I2NLD2|A0A1I2NLD2_9BACL Group 1 truncated hemoglobin OS=Planifilum fulgidum OX=201973 GN=SAMN04488025_11379 PE=3 SV=1
A0A268P1F0/11-126    -            116 seed_msa             -            157    0.0022   16.9   0.0   1   1   0.00078    0.0025   16.6   0.0    29    81     7    59     5    91 0.89 tr|A0A268P1F0|A0A268P1F0_BACCS Globin OS=Bacillus clausii OX=79880 GN=CHH61_13125 PE=4 SV=1
Q5WF01/11-126        -            116 seed_msa             -            157    0.0022   16.9   0.0   1   1   0.00078    0.0025   16.6   0.0    29    81     7    59     5    91 0.89 tr|Q5WF01|Q5WF01_BACSK Uncharacterized protein OS=Bacillus clausii (strain KSM-K16) OX=66692 GN=ABC2524 PE=4 SV=1
A0A1A0JV34/20-132    -            113 seed_msa             -            157    0.0022   16.9   0.0   1   1    0.0016    0.0052   15.6   0.0    30    77    10    56     8   107 0.76 tr|A0A1A0JV34|A0A1A0JV34_9NOCA Group 1 truncated hemoglobin OS=Nocardia sp. 852002-20019_SCH5090214 OX=1834087 GN=A5780_28575 PE=3 SV=1
A0A1S1PLJ8/2-114     -            113 seed_msa             -            157    0.0022   16.9   0.0   1   1     0.001    0.0034   16.3   0.0    30    76    10    55     8    90 0.86 tr|A0A1S1PLJ8|A0A1S1PLJ8_9ACTN Group 1 truncated hemoglobin OS=Frankia sp. NRRL B-16219 OX=1834517 GN=BBK14_25975 PE=3 SV=1
A0A1V2SI15/9-123     -            115 seed_msa             -            157    0.0022   16.8   0.0   1   1   0.00091     0.003   16.4   0.0    28    73     5    48     1    58 0.74 tr|A0A1V2SI15|A0A1V2SI15_9BACI Globin OS=Bacillus sp. VT-16-64 OX=1917019 GN=BLX87_05655 PE=4 SV=1
Q3SE94/5-117         -            113 seed_msa             -            157    0.0022   16.8   0.0   1   1   0.00095    0.0031   16.4   0.0    29    80     9    57     7   109 0.78 tr|Q3SE94|Q3SE94_PARTE Group 1 truncated hemoglobin OS=Paramecium tetraurelia OX=5888 GN=GSPATT00035893001 PE=3 SV=1
A0A238Y689/4-112     -            109 seed_msa             -            157    0.0022   16.8   0.0   1   1   0.00089    0.0029   16.5   0.0    29    77     9    56     5    92 0.87 tr|A0A238Y689|A0A238Y689_9ACTN Hemoglobin OS=Actinoplanes regularis OX=52697 GN=SAMN06264365_104262 PE=4 SV=1
A0A1A0LYR7/14-126    -            113 seed_msa             -            157    0.0023   16.8   0.0   1   1    0.0012     0.004   16.0   0.0    30    74    10    53     8   107 0.83 tr|A0A1A0LYR7|A0A1A0LYR7_9MYCO Group 1 truncated hemoglobin OS=Mycobacterium sp. 1164966.3 OX=1856861 GN=A9W99_04230 PE=3 SV=1
A0A255XL98/6-122     -            117 seed_msa             -            157    0.0023   16.8   0.0   1   1    0.0011    0.0036   16.1   0.0    31    80    11    59     8    97 0.82 tr|A0A255XL98|A0A255XL98_9PROT Group 1 truncated hemoglobin OS=Elstera cyanobacteriorum OX=2022747 GN=CHR90_12265 PE=3 SV=1
A3QVH4/8-122         -            115 seed_msa             -            157    0.0023   16.8   0.0   1   1    0.0015     0.005   15.7   0.0    29    66     9    49     7    56 0.92 tr|A3QVH4|A3QVH4_9GAMM Group 1 truncated hemoglobin OS=Methylomonas sp. 16a OX=318114 GN=thbN2 PE=3 SV=1
A0A1E3T239/14-126    -            113 seed_msa             -            157    0.0023   16.8   0.0   1   1    0.0018     0.006   15.4   0.0    30    74    10    53     6   107 0.81 tr|A0A1E3T239|A0A1E3T239_9MYCO Group 1 truncated hemoglobin OS=Mycobacterium sherrisii OX=243061 GN=AWC25_14325 PE=3 SV=1
A0A150UGD3/9-129     -            121 seed_msa             -            157    0.0023   16.8   0.0   1   1    0.0029    0.0095   14.8   0.0    30    76    10    57     8    64 0.89 tr|A0A150UGD3|A0A150UGD3_9BRAD Globin OS=Bradyrhizobium sp. AT1 OX=574934 GN=SE92_25665 PE=4 SV=1
A0A1C6UQJ5/12-123    -            112 seed_msa             -            157    0.0023   16.8   0.0   1   1    0.0011    0.0037   16.1   0.0    29    74     8    52     6   109 0.67 tr|A0A1C6UQJ5|A0A1C6UQJ5_9ACTN Group 1 truncated hemoglobin OS=Micromonospora yangpuensis OX=683228 GN=GA0070617_3196 PE=3 SV=1
A0A068N5A3/9-124     -            116 seed_msa             -            157    0.0023   16.8   0.0   1   1   0.00097    0.0032   16.3   0.0    33    70    11    50     6    60 0.89 tr|A0A068N5A3|A0A068N5A3_BACCE Globin family protein OS=Bacillus cereus OX=1396 GN=BcrFT9_01030 PE=4 SV=1
D6XZC8/3-115         -            113 seed_msa             -            157    0.0023   16.8   1.2   1   1    0.0024    0.0079   15.1   0.2    30    69    10    48     8    58 0.76 tr|D6XZC8|D6XZC8_BACIE Group 1 truncated hemoglobin OS=Bacillus selenitireducens (strain ATCC 700615 / DSM 15326 / MLS10) OX=439292 GN=Bsel_2924 PE=3 SV=1
A0A1H1EJM1/6-123     -            118 seed_msa             -            157    0.0023   16.8   0.0   1   1    0.0011    0.0035   16.2   0.0    31    72    11    50     9    62 0.74 tr|A0A1H1EJM1|A0A1H1EJM1_9BACI Hemoglobin OS=Virgibacillus salinus OX=553311 GN=SAMN05216231_2920 PE=4 SV=1
A0A1Z8MJA3/8-119     -            112 seed_msa             -            157    0.0023   16.8   0.0   1   1    0.0011    0.0035   16.2   0.0    31   110    10    84     7   102 0.79 tr|A0A1Z8MJA3|A0A1Z8MJA3_9PLAN Uncharacterized protein OS=Rhodopirellula sp. TMED11 OX=1986614 GN=CBB71_04905 PE=4 SV=1
A0A0K9H758/4-117     -            114 seed_msa             -            157    0.0023   16.8   0.5   1   1    0.0017    0.0055   15.5   0.5    29   122     9    98     7   114 0.82 tr|A0A0K9H758|A0A0K9H758_9BACI Group 1 truncated hemoglobin OS=Bacillus sp. FJAT-27231 OX=1679168 GN=AC623_10885 PE=3 SV=1
A0A1V8RPG8/21-139    -            119 seed_msa             -            157    0.0023   16.8   0.0   1   1   0.00087    0.0028   16.5   0.0    30   101     9    83     6   110 0.87 tr|A0A1V8RPG8|A0A1V8RPG8_9RHIZ Globin OS=Pseudaminobacter manganicus OX=1873176 GN=BFN67_20185 PE=4 SV=1
A0A075LHG2/6-123     -            118 seed_msa             -            157    0.0023   16.8   0.0   1   1    0.0011    0.0035   16.2   0.0    31    73    11    51     8    61 0.74 tr|A0A075LHG2|A0A075LHG2_9BACI Globin OS=Terribacillus goriensis OX=386490 GN=GZ22_05190 PE=4 SV=1
A0A1H8C065/6-123     -            118 seed_msa             -            157    0.0023   16.8   0.0   1   1    0.0011    0.0035   16.2   0.0    31    73    11    51     8    61 0.74 tr|A0A1H8C065|A0A1H8C065_9BACI Hemoglobin OS=Terribacillus saccharophilus OX=361277 GN=SAMN04489762_1304 PE=4 SV=1
A0A1A2WJA0/15-126    -            112 seed_msa             -            157    0.0023   16.8   0.0   1   1    0.0014    0.0047   15.8   0.0    30    73     9    51     7   108 0.83 tr|A0A1A2WJA0|A0A1A2WJA0_9MYCO Group 1 truncated hemoglobin OS=Mycobacterium sp. E2497 OX=1834135 GN=A5713_03955 PE=3 SV=1
D3SVH7/4-113         -            110 seed_msa             -            157    0.0023   16.8   0.0   1   1    0.0018    0.0058   15.5   0.0    29    77     9    56     7   109 0.76 tr|D3SVH7|D3SVH7_NATMM Globin OS=Natrialba magadii (strain ATCC 43099 / DSM 3394 / CIP 104546 / JCM 8861/ NBRC 102185 / NCIMB 2190 / MS3) OX=547559 GN=Nmag_2015 PE=4 SV=1
A0A1C6SSH2/11-121    -            111 seed_msa             -            157    0.0024   16.8   0.0   1   1    0.0027    0.0088   14.9   0.0    30   105     9    79     7    96 0.65 tr|A0A1C6SSH2|A0A1C6SSH2_9ACTN Group 1 truncated hemoglobin OS=Micromonospora rhizosphaerae OX=568872 GN=GA0070624_4445 PE=3 SV=1
A0A1C6S8F8/12-110    -             99 seed_msa             -            157    0.0024   16.7   0.0   1   1    0.0016    0.0052   15.6   0.0    29    63     8    42     6    51 0.86 tr|A0A1C6S8F8|A0A1C6S8F8_9ACTN Group 1 truncated hemoglobin OS=Micromonospora aurantiaca OX=47850 GN=EEZ25_12415 PE=3 SV=1
A0A1S1WBY6/12-110    -             99 seed_msa             -            157    0.0024   16.7   0.0   1   1    0.0016    0.0052   15.6   0.0    29    63     8    42     6    51 0.86 tr|A0A1S1WBY6|A0A1S1WBY6_9ACTN Group 1 truncated hemoglobin OS=Micromonospora sp. WMMB235 OX=1172030 GN=BFV98_04240 PE=3 SV=1
D9TDE7/12-110        -             99 seed_msa             -            157    0.0024   16.7   0.0   1   1    0.0016    0.0052   15.6   0.0    29    63     8    42     6    51 0.86 tr|D9TDE7|D9TDE7_MICAI Group 1 truncated hemoglobin OS=Micromonospora aurantiaca (strain ATCC 27029 / DSM 43813 / BCRC 12538 / CBS 129.76 / JCM 10878 / NBRC 16125 / NRRL B-16091 / INA 9442) OX=644283 GN=Micau_3214 PE=3 SV=1
A0A1A2SWZ4/15-126    -            112 seed_msa             -            157    0.0024   16.7   0.0   1   1    0.0011    0.0037   16.1   0.0    30    80     9    60     7   106 0.82 tr|A0A1A2SWZ4|A0A1A2SWZ4_9MYCO Group 1 truncated hemoglobin OS=Mycobacterium mantenii OX=560555 GN=A5683_07315 PE=3 SV=1
A0A1I0JA66/9-114     -            106 seed_msa             -            157    0.0024   16.7   0.0   1   1   0.00092     0.003   16.4   0.0    29    93     9    70     7    96 0.80 tr|A0A1I0JA66|A0A1I0JA66_MYXFU Group 1 truncated hemoglobin OS=Myxococcus fulvus OX=33 GN=SAMN05443572_104701 PE=3 SV=1
A0A177WT05/3-114     -            112 seed_msa             -            157    0.0024   16.7   0.0   1   1    0.0017    0.0056   15.5   0.0    29    77     9    56     5   109 0.76 tr|A0A177WT05|A0A177WT05_BATDL Uncharacterized protein OS=Batrachochytrium dendrobatidis (strain JEL423) OX=403673 GN=BDEG_26335 PE=4 SV=1
F4P5H7/3-114         -            112 seed_msa             -            157    0.0024   16.7   0.0   1   1    0.0017    0.0056   15.5   0.0    29    77     9    56     5   109 0.76 tr|F4P5H7|F4P5H7_BATDJ Uncharacterized protein OS=Batrachochytrium dendrobatidis (strain JAM81 / FGSC 10211) OX=684364 GN=BATDEDRAFT_89503 PE=4 SV=1
A0A125SH41/30-142    -            113 seed_msa             -            157    0.0024   16.7   0.0   1   1    0.0015    0.0049   15.7   0.0    34    77    13    55     8    68 0.86 tr|A0A125SH41|A0A125SH41_9BURK Globin OS=Burkholderia sp. PAMC 26561 OX=1795043 GN=AXG89_23135 PE=4 SV=1
L8LUN7/3-110         -            108 seed_msa             -            157    0.0024   16.7   0.4   1   1    0.0012    0.0039   16.0   0.4    30    85    10    66     8    97 0.76 tr|L8LUN7|L8LUN7_9CHRO Group 1 truncated hemoglobin OS=Gloeocapsa sp. PCC 73106 OX=102232 GN=GLO73106DRAFT_00036970 PE=3 SV=1
A0A0F6XVR5/9-115     -            107 seed_msa             -            157    0.0024   16.7   0.0   1   1   0.00095    0.0031   16.4   0.0    29    93     9    70     7    96 0.80 tr|A0A0F6XVR5|A0A0F6XVR5_MYXFU Group 1 truncated hemoglobin OS=Myxococcus fulvus 124B02 OX=1334629 GN=MFUL124B02_39910 PE=3 SV=1
A0A1H9J554/4-116     -            113 seed_msa             -            157    0.0025   16.7   0.0   1   1    0.0017    0.0056   15.5   0.0    30    78    10    57     8   107 0.85 tr|A0A1H9J554|A0A1H9J554_9EURY Hemoglobin OS=Natrinema salaciae OX=1186196 GN=SAMN04489841_2435 PE=4 SV=1
L7UQE8/9-113         -            105 seed_msa             -            157    0.0025   16.7   0.0   1   1   0.00095    0.0031   16.4   0.0    29    93     9    70     7    98 0.82 tr|L7UQE8|L7UQE8_MYXSD Group 1 truncated hemoglobin OS=Myxococcus stipitatus (strain DSM 14675 / JCM 12634 / Mx s8) OX=1278073 GN=MYSTI_07517 PE=3 SV=1
D4GZM6/5-115         -            111 seed_msa             -            157    0.0025   16.7   0.3   1   1     0.002    0.0065   15.3   0.1    30    63    10    43     7    60 0.84 tr|D4GZM6|D4GZM6_HALVD Globin family protein OS=Haloferax volcanii (strain ATCC 29605 / DSM 3757 / JCM 8879 / NBRC 14742 / NCIMB 2012 / VKM B-1768 / DS2) OX=309800 GN=HVO_1661 PE=4 SV=1
A0A1X0XYK5/14-126    -            113 seed_msa             -            157    0.0025   16.7   0.0   1   1     0.002    0.0066   15.3   0.0    30    74    10    53     7   110 0.81 tr|A0A1X0XYK5|A0A1X0XYK5_MYCSI Group 1 truncated hemoglobin OS=Mycobacterium simiae OX=1784 GN=B5M45_20390 PE=3 SV=1
A0A0M0WZJ3/9-123     -            115 seed_msa             -            157    0.0025   16.7   0.0   1   1   0.00095    0.0031   16.4   0.0    26    70     3    49     1    69 0.78 tr|A0A0M0WZJ3|A0A0M0WZJ3_9BACI Globin OS=Lysinibacillus sp. FJAT-14745 OX=1704289 GN=AMS59_09990 PE=4 SV=1
A8IIN8/19-139        -            121 seed_msa             -            157    0.0025   16.7   0.2   1   1   0.00099    0.0032   16.3   0.2    30    76    10    57     7   115 0.91 tr|A8IIN8|A8IIN8_AZOC5 Uncharacterized protein OS=Azorhizobium caulinodans (strain ATCC 43989 / DSM 5975 / JCM 20966 / NBRC 14845 / NCIMB 13405 / ORS 571) OX=438753 GN=AZC_3430 PE=4 SV=1
A0A0S8A5G9/4-117     -            114 seed_msa             -            157    0.0025   16.7   0.0   1   1     0.001    0.0034   16.2   0.0    30   115    10    93     7   108 0.81 tr|A0A0S8A5G9|A0A0S8A5G9_9GAMM Group 1 truncated hemoglobin OS=Gammaproteobacteria bacterium SG8_15 OX=1703403 GN=AMJ55_06145 PE=3 SV=1
A0A0K9YLL9/9-124     -            116 seed_msa             -            157    0.0025   16.6   0.0   1   1   0.00096    0.0031   16.4   0.0    32    77    10    53     6    92 0.87 tr|A0A0K9YLL9|A0A0K9YLL9_9BACL Globin OS=Brevibacillus reuszeri OX=54915 GN=ADS79_30380 PE=4 SV=1
A0A1R1F873/5-118     -            114 seed_msa             -            157    0.0025   16.6   0.2   1   1    0.0021    0.0069   15.2   0.2    30   135    10   109     8   111 0.75 tr|A0A1R1F873|A0A1R1F873_9BACL Group 1 truncated hemoglobin OS=Paenibacillus sp. FSL R5-0490 OX=1920424 GN=BK139_10070 PE=3 SV=1
A0A2C1Z5A6/7-108     -            102 seed_msa             -            157    0.0026   16.6   0.0   1   1     0.001    0.0034   16.2   0.0    29    66     9    47     7    62 0.80 tr|A0A2C1Z5A6|A0A2C1Z5A6_9BACI Globin OS=Bacillus sp. AFS037270 OX=2033499 GN=COD92_10270 PE=4 SV=1
B4VMT4/8-120         -            113 seed_msa             -            157    0.0026   16.6   0.3   1   1    0.0026    0.0086   14.9   0.3    30   112    10    87     7   113 0.68 tr|B4VMT4|B4VMT4_9CYAN Group 1 truncated hemoglobin OS=Coleofasciculus chthonoplastes PCC 7420 OX=118168 GN=MC7420_1932 PE=3 SV=1
V1DJB7/24-144        -            121 seed_msa             -            157    0.0026   16.6   0.1   1   1    0.0041     0.013   14.3   0.0    30    74    10    55     8    71 0.82 tr|V1DJB7|V1DJB7_9GAMM Globin OS=Shewanella decolorationis S12 OX=1353536 GN=SHD_0856 PE=4 SV=1
I3R5F1/5-118         -            114 seed_msa             -            157    0.0026   16.6   0.1   1   1    0.0015    0.0049   15.7   0.1    30    77    10    56     8    68 0.83 tr|I3R5F1|I3R5F1_HALMT Cyanoglobin OS=Haloferax mediterranei (strain ATCC 33500 / DSM 1411 / JCM 8866 / NBRC 14739 / NCIMB 2177 / R-4) OX=523841 GN=HFX_1755 PE=4 SV=1
A0A1A8ZN28/11-121    -            111 seed_msa             -            157    0.0026   16.6   0.0   1   1     0.002    0.0064   15.3   0.0    29   116     8    90     6    96 0.79 tr|A0A1A8ZN28|A0A1A8ZN28_9ACTN Group 1 truncated hemoglobin OS=Micromonospora narathiwatensis OX=299146 GN=GA0070621_2296 PE=3 SV=1
A0A0Q9MX16/3-111     -            109 seed_msa             -            157    0.0026   16.6   0.0   1   1    0.0014    0.0046   15.8   0.0    30    74     9    51     6    62 0.75 tr|A0A0Q9MX16|A0A0Q9MX16_9BACL Globin OS=Paenibacillus sp. Soil750 OX=1736398 GN=ASL11_12190 PE=4 SV=1
A0A1G9TEP6/9-123     -            115 seed_msa             -            157    0.0026   16.6   0.0   1   1    0.0013    0.0042   15.9   0.0    28    70     5    49     1    53 0.86 tr|A0A1G9TEP6|A0A1G9TEP6_9BACI Hemoglobin OS=Psychrobacillus sp. OK028 OX=1884359 GN=SAMN05518871_101284 PE=4 SV=1
A0A0J1B9A0/8-115     -            108 seed_msa             -            157    0.0026   16.6   0.0   1   1    0.0012    0.0038   16.1   0.0    31   108    10    82     7   106 0.79 tr|A0A0J1B9A0|A0A0J1B9A0_RHOIS Globin OS=Rhodopirellula islandica OX=595434 GN=RISK_004619 PE=4 SV=1
E1Z454/15-135        -            121 seed_msa             -            157    0.0026   16.6   0.0   1   1    0.0015     0.005   15.7   0.0    32    66    12    46    10    52 0.91 tr|E1Z454|E1Z454_CHLVA Uncharacterized protein OS=Chlorella variabilis OX=554065 GN=CHLNCDRAFT_18852 PE=4 SV=1
A0A0R3CDX3/9-129     -            121 seed_msa             -            157    0.0027   16.6   0.0   1   1    0.0029    0.0094   14.8   0.0    30    76    10    57     8    64 0.86 tr|A0A0R3CDX3|A0A0R3CDX3_9BRAD Globin OS=Bradyrhizobium yuanmingense OX=108015 GN=AOQ72_25785 PE=4 SV=1
A0A1G6SUU5/23-141    -            119 seed_msa             -            157    0.0027   16.6   0.0   1   1    0.0054     0.018   13.9   0.0    30    70    10    53     7    55 0.90 tr|A0A1G6SUU5|A0A1G6SUU5_9ACTN Hemoglobin OS=Glycomyces harbinensis OX=58114 GN=SAMN05216270_102305 PE=4 SV=1
A0A176Z5Z4/9-129     -            121 seed_msa             -            157    0.0027   16.6   0.0   1   1    0.0015    0.0048   15.8   0.0    30    75    10    56     8    63 0.89 tr|A0A176Z5Z4|A0A176Z5Z4_9BRAD Globin OS=Bradyrhizobium neotropicale OX=1497615 GN=AXW67_15740 PE=4 SV=1
A0A1A2ZBL3/14-126    -            113 seed_msa             -            157    0.0027   16.6   0.0   1   1    0.0018    0.0058   15.5   0.0    29    73     9    52     7   109 0.82 tr|A0A1A2ZBL3|A0A1A2ZBL3_9MYCO Group 1 truncated hemoglobin OS=Mycobacterium sp. E796 OX=1834151 GN=A5706_28910 PE=3 SV=1
A0A165Y6X8/9-123     -            115 seed_msa             -            157    0.0027   16.6   0.0   1   1    0.0011    0.0035   16.2   0.0    28    73     5    48     1    58 0.75 tr|A0A165Y6X8|A0A165Y6X8_9BACI Uncharacterized protein OS=Aeribacillus pallidus OX=33936 GN=AP3564_10165 PE=4 SV=1
A0A1M5VNT5/7-124     -            118 seed_msa             -            157    0.0027   16.6   0.0   1   1    0.0014    0.0045   15.8   0.0    31    69    11    51     8    62 0.83 tr|A0A1M5VNT5|A0A1M5VNT5_9BACI Hemoglobin OS=Virgibacillus chiguensis OX=411959 GN=SAMN05421807_11315 PE=4 SV=1
A0A1H9IHG7/5-125     -            121 seed_msa             -            157    0.0027   16.5   0.0   1   1    0.0062      0.02   13.7   0.0    29    72     9    53     2    69 0.89 tr|A0A1H9IHG7|A0A1H9IHG7_9GAMM Hemoglobin OS=Solimonas aquatica OX=489703 GN=SAMN04488038_11038 PE=4 SV=1
A0A1X2A846/14-69     -             56 seed_msa             -            157    0.0027   16.5   0.0   1   1   0.00091     0.003   16.4   0.0    30    70    10    49     8    56 0.88 tr|A0A1X2A846|A0A1X2A846_9MYCO Uncharacterized protein OS=Mycobacterium paraense OX=767916 GN=AWB90_16075 PE=4 SV=1
A0A0W1R466/4-114     -            111 seed_msa             -            157    0.0028   16.5   0.0   1   1    0.0011    0.0037   16.1   0.0    30    77    10    56     8    84 0.88 tr|A0A0W1R466|A0A0W1R466_9EURY Globin OS=Haloprofundus marisrubri OX=1514971 GN=AUR64_03035 PE=4 SV=1
A0A2G2FJZ3/8-124     -            117 seed_msa             -            157    0.0028   16.5   0.0   1   1   0.00085    0.0028   16.5   0.0    29    68     8    45     3   106 0.81 tr|A0A2G2FJZ3|A0A2G2FJZ3_9FLAO Globin OS=Fluviicola sp. OX=1917219 GN=COA32_00300 PE=4 SV=1
A0A1E3RFP3/3-115     -            113 seed_msa             -            157    0.0028   16.5   0.0   1   1    0.0011    0.0036   16.1   0.0    30    73    10    52     8    92 0.86 tr|A0A1E3RFP3|A0A1E3RFP3_MYCFV Group 1 truncated hemoglobin OS=Mycolicibacterium flavescens OX=1776 GN=BHQ18_17555 PE=3 SV=1
A0A1W9ZSG4/14-126    -            113 seed_msa             -            157    0.0028   16.5   0.0   1   1    0.0014    0.0045   15.8   0.0    30    72    10    51     8   107 0.86 tr|A0A1W9ZSG4|A0A1W9ZSG4_9MYCO Group 1 truncated hemoglobin OS=Mycobacterium arosiense ATCC BAA-1401 = DSM 45069 OX=1265311 GN=BST14_01730 PE=3 SV=1
A0A0R0LR10/2-117     -            116 seed_msa             -            157    0.0028   16.5   0.1   1   1    0.0011    0.0037   16.1   0.1    30   115    10    93     8   110 0.79 tr|A0A0R0LR10|A0A0R0LR10_9PROT Group 1 truncated hemoglobin OS=Ferrovum sp. JA12 OX=1356299 GN=glbN PE=3 SV=1
A0A257U898/2-117     -            116 seed_msa             -            157    0.0028   16.5   0.1   1   1    0.0011    0.0037   16.1   0.1    30   115    10    93     8   110 0.79 tr|A0A257U898|A0A257U898_9PROT Group 1 truncated hemoglobin OS=Ferrovum sp. 37-45-19 OX=1970377 GN=B7Z60_06920 PE=3 SV=1
A0A1U7EUY5/4-116     -            113 seed_msa             -            157    0.0028   16.5   0.3   1   1    0.0011    0.0037   16.1   0.3    29    66     9    47     7    92 0.88 tr|A0A1U7EUY5|A0A1U7EUY5_NATPD Globin family protein OS=Natronomonas pharaonis (strain ATCC 35678 / DSM 2160 / CIP 103997 / NBRC 14720 / NCIMB 2260 / Gabara) OX=348780 GN=NP_1422A PE=4 SV=1
A0A1I5WVS0/9-123     -            115 seed_msa             -            157    0.0028   16.5   0.0   1   1    0.0013    0.0042   15.9   0.0    28    70     5    49     1    53 0.86 tr|A0A1I5WVS0|A0A1I5WVS0_9BACI Hemoglobin OS=Psychrobacillus psychrotolerans OX=126156 GN=SAMN05421670_1462 PE=4 SV=1
M0AJJ2/4-115         -            112 seed_msa             -            157    0.0028   16.5   0.1   1   1    0.0011    0.0036   16.1   0.1    30    73    10    52     7   104 0.78 tr|M0AJJ2|M0AJJ2_NATA1 Globin OS=Natrialba asiatica (strain ATCC 700177 / DSM 12278 / JCM 9576 / FERM P-10747 / NBRC 102637 / 172P1) OX=29540 GN=C481_18990 PE=4 SV=1
A0A1A3SYG5/3-115     -            113 seed_msa             -            157    0.0029   16.5   0.0   1   1    0.0011    0.0035   16.2   0.0    29    73     9    52     7    91 0.85 tr|A0A1A3SYG5|A0A1A3SYG5_9MYCO Group 1 truncated hemoglobin OS=Mycobacterium sp. 1274761.0 OX=1834077 GN=A5651_09190 PE=3 SV=1
A0A1I6GPI5/5-117     -            113 seed_msa             -            157    0.0029   16.5   0.2   1   1    0.0015     0.005   15.7   0.2    30    77    10    56     7   108 0.75 tr|A0A1I6GPI5|A0A1I6GPI5_9EURY Hemoglobin OS=Halogeometricum rufum OX=553469 GN=SAMN04487947_1475 PE=4 SV=1
A0A1G6RXM5/4-116     -            113 seed_msa             -            157    0.0029   16.5   0.4   1   1    0.0014    0.0044   15.9   0.4    29    72     9    51     7   108 0.81 tr|A0A1G6RXM5|A0A1G6RXM5_9EURY Hemoglobin OS=Haloterrigena hispanica OX=392421 GN=SAMN04488694_11270 PE=4 SV=1
A0A158INU2/28-140    -            113 seed_msa             -            157    0.0029   16.5   0.0   1   1    0.0012    0.0039   16.0   0.0    33    77    13    56     8    91 0.85 tr|A0A158INU2|A0A158INU2_9BURK Group 1 truncated hemoglobin GlbN OS=Caballeronia telluris OX=326475 GN=glbN_1 PE=4 SV=1
A0A2E3XTG4/3-113     -            111 seed_msa             -            157    0.0029   16.5   0.0   1   1    0.0014    0.0046   15.8   0.0    29    66     9    49     7    55 0.89 tr|A0A2E3XTG4|A0A2E3XTG4_9PROT Group 1 truncated hemoglobin OS=Halobacteriovoraceae bacterium OX=2026745 GN=CME63_09665 PE=3 SV=1
A0A1A3EKH2/14-126    -            113 seed_msa             -            157    0.0029   16.5   0.0   1   1    0.0013    0.0042   15.9   0.0    29    77     9    56     7   107 0.79 tr|A0A1A3EKH2|A0A1A3EKH2_9MYCO Group 1 truncated hemoglobin OS=Mycobacterium sp. 1465703.0 OX=1834078 GN=A5625_09420 PE=3 SV=1
A0A197ZXI7/3-111     -            109 seed_msa             -            157    0.0029   16.5   0.0   1   1    0.0012    0.0041   16.0   0.0    30    74     9    51     6    70 0.75 tr|A0A197ZXI7|A0A197ZXI7_9BACL Globin OS=Paenibacillus sp. 1ZS3-15 OX=1850517 GN=A8708_06180 PE=4 SV=1
A0A1G8P7A1/4-116     -            113 seed_msa             -            157    0.0029   16.5   0.0   1   1    0.0012    0.0039   16.1   0.0    29    77     9    56     8    98 0.81 tr|A0A1G8P7A1|A0A1G8P7A1_9ACTN Group 1 truncated hemoglobin OS=Frankineae bacterium MT45 OX=1882833 GN=SAMN05444157_0629 PE=3 SV=1
A0A0Q9JLL1/2-114     -            113 seed_msa             -            157    0.0029   16.4   0.0   1   1    0.0011    0.0036   16.2   0.0    31    74    11    53     9    95 0.87 tr|A0A0Q9JLL1|A0A0Q9JLL1_9MYCO Group 1 truncated hemoglobin OS=Mycobacterium sp. Soil538 OX=1736391 GN=ASG82_25225 PE=3 SV=1
A0A135ZYZ5/23-135    -            113 seed_msa             -            157    0.0029   16.4   0.0   1   1    0.0012     0.004   16.0   0.0    30    86    10    67     8   106 0.85 tr|A0A135ZYZ5|A0A135ZYZ5_9ALTE Globin OS=Paraglaciecola hydrolytica OX=1799789 GN=AX660_17085 PE=4 SV=1
M0B6I6/4-115         -            112 seed_msa             -            157     0.003   16.4   0.1   1   1    0.0014    0.0047   15.8   0.1    29    70     9    49     7    75 0.78 tr|M0B6I6|M0B6I6_9EURY Globin OS=Natrialba aegyptia DSM 13077 OX=1227491 GN=C480_09165 PE=4 SV=1
A0A0A5G2T0/7-124     -            118 seed_msa             -            157     0.003   16.4   0.0   1   1    0.0014    0.0046   15.8   0.0    30    69    10    51     8    61 0.76 tr|A0A0A5G2T0|A0A0A5G2T0_9BACI Globin OS=Pontibacillus marinus BH030004 = DSM 16465 OX=1385511 GN=N783_14745 PE=4 SV=1
A0A1H6IR92/3-116     -            114 seed_msa             -            157     0.003   16.4   0.0   1   1     0.001    0.0033   16.3   0.0    30    73    10    52     8   106 0.88 tr|A0A1H6IR92|A0A1H6IR92_9MYCO Group 1 truncated hemoglobin OS=Mycolicibacterium rutilum OX=370526 GN=SAMN04489835_0656 PE=3 SV=1
W7YRP3/11-125        -            115 seed_msa             -            157     0.003   16.4   0.0   1   1    0.0014    0.0045   15.8   0.0    30    77     7    52     5    67 0.79 tr|W7YRP3|W7YRP3_9BACI Hemoglobin-like protein HbO OS=Bacillus sp. JCM 19045 OX=1460639 GN=JCM19045_2866 PE=4 SV=1
K6DNK3/11-124        -            114 seed_msa             -            157     0.003   16.4   0.0   1   1    0.0016    0.0051   15.7   0.0    29    66     9    47     7    62 0.81 tr|K6DNK3|K6DNK3_9BACI Uncharacterized protein OS=Bacillus bataviensis LMG 21833 OX=1117379 GN=BABA_08176 PE=4 SV=1
G3IQS9/6-117         -            112 seed_msa             -            157     0.003   16.4   0.0   1   1    0.0012    0.0039   16.0   0.0    29   115     9    93     7   109 0.77 tr|G3IQS9|G3IQS9_METTV Group 1 truncated hemoglobin OS=Methylobacter tundripaludum (strain ATCC BAA-1195 / DSM 17260 / SV96) OX=697282 GN=Mettu_2128 PE=3 SV=1
A0A1G7XB26/3-115     -            113 seed_msa             -            157     0.003   16.4   0.5   1   1    0.0065     0.021   13.7   0.5    29   120     9    95     7   111 0.77 tr|A0A1G7XB26|A0A1G7XB26_ANETH Group 1 truncated hemoglobin OS=Aneurinibacillus thermoaerophilus OX=143495 GN=SAMN04489735_1003114 PE=3 SV=1
A0A1X1RW84/14-126    -            113 seed_msa             -            157     0.003   16.4   0.0   1   1    0.0012    0.0041   16.0   0.0    30    76    10    55     8    98 0.81 tr|A0A1X1RW84|A0A1X1RW84_MYCCE Group 1 truncated hemoglobin OS=Mycobacterium celatum OX=28045 GN=AWB95_02205 PE=3 SV=1
D6XTC7/8-124         -            117 seed_msa             -            157     0.003   16.4   0.0   1   1    0.0018    0.0059   15.5   0.0    28    69     7    50     3    60 0.85 tr|D6XTC7|D6XTC7_BACIE Globin OS=Bacillus selenitireducens (strain ATCC 700615 / DSM 15326 / MLS10) OX=439292 GN=Bsel_1551 PE=4 SV=1
A0A1X0KD26/15-126    -            112 seed_msa             -            157    0.0031   16.4   0.0   1   1    0.0013    0.0041   16.0   0.0    30    72     9    50     7   105 0.86 tr|A0A1X0KD26|A0A1X0KD26_MYCSC Group 1 truncated hemoglobin OS=Mycobacterium scrofulaceum OX=1783 GN=BST44_16830 PE=3 SV=1
A0A1X0IAX0/15-126    -            112 seed_msa             -            157    0.0031   16.4   0.0   1   1    0.0013    0.0042   15.9   0.0    30    72     9    50     7   106 0.88 tr|A0A1X0IAX0|A0A1X0IAX0_9MYCO Group 1 truncated hemoglobin OS=Mycobacterium paraseoulense OX=590652 GN=BST39_11645 PE=3 SV=1
A0A1U7ISQ6/3-105     -            103 seed_msa             -            157    0.0031   16.4   0.5   1   1    0.0016    0.0051   15.7   0.5    29    88     9    69     7    98 0.74 tr|A0A1U7ISQ6|A0A1U7ISQ6_9CYAN Group 1 truncated hemoglobin OS=Phormidium ambiguum IAM M-71 OX=454136 GN=NIES2119_02655 PE=3 SV=1
A0A1J5SVE3/3-116     -            114 seed_msa             -            157    0.0031   16.4   0.0   1   1    0.0011    0.0036   16.2   0.0    30   116    10    94     7   109 0.76 tr|A0A1J5SVE3|A0A1J5SVE3_9ZZZZ Group 1 truncated hemoglobin GlbN OS=mine drainage metagenome OX=410659 GN=glbN_4 PE=4 SV=1
J5E647/15-126        -            112 seed_msa             -            157    0.0031   16.4   0.0   1   1    0.0017    0.0054   15.6   0.0    30    73     9    51     7   106 0.85 tr|J5E647|J5E647_9MYCO Group 1 truncated hemoglobin OS=Mycobacterium colombiense CECT 3035 OX=1041522 GN=MCOL_V223458 PE=3 SV=1
A0A1A0VVB5/15-126    -            112 seed_msa             -            157    0.0031   16.3   0.0   1   1    0.0017    0.0054   15.6   0.0    30    73     9    51     7   106 0.85 tr|A0A1A0VVB5|A0A1A0VVB5_9MYCO Group 1 truncated hemoglobin OS=Mycobacterium colombiense OX=339268 GN=A5760_02955 PE=3 SV=1
A0A0J5QY04/9-124     -            116 seed_msa             -            157    0.0031   16.3   0.0   1   1    0.0016    0.0051   15.7   0.0    30    77     8    53     6    59 0.79 tr|A0A0J5QY04|A0A0J5QY04_9BACI Globin OS=Bacillus pseudalcaliphilus OX=79884 GN=AB990_07075 PE=4 SV=1
K6YF01/26-138        -            113 seed_msa             -            157    0.0032   16.3   0.0   1   1    0.0014    0.0047   15.8   0.0    30   117    10    92     7   111 0.78 tr|K6YF01|K6YF01_9ALTE Hemoglobin OS=Aliiglaciecola lipolytica E3 OX=1127673 GN=glbN PE=4 SV=1
A0A1A2NW75/14-126    -            113 seed_msa             -            157    0.0032   16.3   0.0   1   1    0.0015    0.0048   15.7   0.0    30    72    10    51     8   107 0.88 tr|A0A1A2NW75|A0A1A2NW75_9MYCO Group 1 truncated hemoglobin OS=Mycobacterium sp. E1715 OX=1856863 GN=A9X03_18600 PE=3 SV=1
A0A147HBY7/13-131    -            119 seed_msa             -            157    0.0032   16.3   0.0   1   1    0.0015    0.0047   15.8   0.0    29    76     7    55     6    64 0.88 tr|A0A147HBY7|A0A147HBY7_9BURK Globin OS=Pseudacidovorax intermedius OX=433924 GN=NS331_01645 PE=4 SV=1
A0A2G1X0I7/5-117     -            113 seed_msa             -            157    0.0032   16.3   0.0   1   1    0.0011    0.0037   16.1   0.0    29    78     9    57     7   107 0.88 tr|A0A2G1X0I7|A0A2G1X0I7_9EURY Group 1 truncated hemoglobin OS=Halorubrum sp. C3 OX=1483399 GN=DJ68_16865 PE=4 SV=1
W2EJM8/7-116         -            110 seed_msa             -            157    0.0032   16.3   0.0   1   1    0.0023    0.0074   15.1   0.0    29   119     8    93     5   108 0.80 tr|W2EJM8|W2EJM8_9ACTN Group 1 truncated hemoglobin OS=Microbispora sp. ATCC PTA-5024 OX=316330 GN=MPTA5024_32930 PE=3 SV=1
A0A0N0H6Z5/6-118     -            113 seed_msa             -            157    0.0032   16.3   0.6   1   1    0.0045     0.015   14.2   0.6    29   119     9    94     7   112 0.75 tr|A0A0N0H6Z5|A0A0N0H6Z5_THEVU Group 1 truncated hemoglobin OS=Thermoactinomyces vulgaris OX=2026 GN=ADL26_18520 PE=3 SV=1
A0A1A2E1U5/15-126    -            112 seed_msa             -            157    0.0032   16.3   0.0   1   1    0.0023    0.0075   15.1   0.0    30    77     9    55     7   108 0.77 tr|A0A1A2E1U5|A0A1A2E1U5_9MYCO Group 1 truncated hemoglobin OS=Mycobacterium sp. 852014-52450_SCH5900713 OX=1834116 GN=A5773_00135 PE=3 SV=1
A0A1J5SSY1/3-116     -            114 seed_msa             -            157    0.0032   16.3   0.0   1   1    0.0011    0.0037   16.1   0.0    30   116    10    94     7   107 0.76 tr|A0A1J5SSY1|A0A1J5SSY1_9ZZZZ Group 1 truncated hemoglobin GlbN OS=mine drainage metagenome OX=410659 GN=glbN_5 PE=4 SV=1
A0A0M6Y978/4-116     -            113 seed_msa             -            157    0.0032   16.3   0.0   1   1    0.0017    0.0055   15.6   0.0    32   135    12   105    10   109 0.81 tr|A0A0M6Y978|A0A0M6Y978_9RHOB SynHb OS=Labrenzia aggregata OX=187304 GN=glbN PE=4 SV=1
A0A1I6PBW9/5-117     -            113 seed_msa             -            157    0.0033   16.3   0.0   1   1    0.0019    0.0062   15.4   0.0    29   115     9    90     7   109 0.76 tr|A0A1I6PBW9|A0A1I6PBW9_9EURY Hemoglobin OS=Halostagnicola kamekurae OX=619731 GN=SAMN04488556_0454 PE=4 SV=1
W1SS43/11-110        -            100 seed_msa             -            157    0.0033   16.3   0.0   1   1    0.0013    0.0041   16.0   0.0    29    66     9    47     7    62 0.80 tr|W1SS43|W1SS43_9BACI Uncharacterized protein OS=Bacillus vireti LMG 21834 OX=1131730 GN=BAVI_00530 PE=4 SV=1
A0A1X0XXY7/14-124    -            111 seed_msa             -            157    0.0033   16.3   0.0   1   1     0.002    0.0064   15.4   0.0    30   117    10    92     8   109 0.72 tr|A0A1X0XXY7|A0A1X0XXY7_MYCSI Group 1 truncated hemoglobin OS=Mycobacterium simiae OX=1784 GN=B5M45_19660 PE=3 SV=1
Q1CX39/8-118         -            111 seed_msa             -            157    0.0033   16.3   0.0   1   1    0.0012    0.0039   16.0   0.0    29    77     9    56     7    95 0.89 tr|Q1CX39|Q1CX39_MYXXD Group 1 truncated hemoglobin OS=Myxococcus xanthus (strain DK 1622) OX=246197 GN=MXAN_6920 PE=3 SV=1
A0A1A2X0L4/14-126    -            113 seed_msa             -            157    0.0033   16.3   0.0   1   1    0.0022    0.0072   15.2   0.0    30    74    10    53     8   109 0.82 tr|A0A1A2X0L4|A0A1A2X0L4_9MYCO Group 1 truncated hemoglobin OS=Mycobacterium sp. E2327 OX=1834132 GN=A5712_21905 PE=3 SV=1
A0A1X2DUW6/14-126    -            113 seed_msa             -            157    0.0033   16.3   0.0   1   1    0.0022    0.0072   15.2   0.0    30    74    10    53     8   109 0.82 tr|A0A1X2DUW6|A0A1X2DUW6_9MYCO Group 1 truncated hemoglobin OS=Mycobacterium sp. IEC1808 OX=1743230 GN=AWB92_17040 PE=3 SV=1
A0A1B1YX90/9-129     -            121 seed_msa             -            157    0.0033   16.3   0.0   1   1    0.0015    0.0049   15.7   0.0    30    74    10    55     7    65 0.90 tr|A0A1B1YX90|A0A1B1YX90_9GAMM Globin OS=Immundisolibacter cernigliae OX=1810504 GN=PG2T_00330 PE=4 SV=1
A0A1G6WMX1/8-118     -            111 seed_msa             -            157    0.0033   16.3   0.0   1   1    0.0011    0.0036   16.1   0.0    29    77     9    56     7   101 0.89 tr|A0A1G6WMX1|A0A1G6WMX1_9DELT Group 1 truncated hemoglobin OS=Myxococcus virescens OX=83456 GN=SAMN04488504_102184 PE=3 SV=1
A0A1G2XKQ9/3-119     -            117 seed_msa             -            157    0.0033   16.3   0.1   1   1    0.0021    0.0067   15.3   0.1    29    67     9    50     7   114 0.73 tr|A0A1G2XKQ9|A0A1G2XKQ9_9BACT Group 1 truncated hemoglobin OS=Planctomycetes bacterium GWE2_41_14 OX=1801954 GN=A2094_01065 PE=3 SV=1
A0A1G3CDQ7/3-119     -            117 seed_msa             -            157    0.0033   16.3   0.1   1   1    0.0021    0.0067   15.3   0.1    29    67     9    50     7   114 0.73 tr|A0A1G3CDQ7|A0A1G3CDQ7_9BACT Group 1 truncated hemoglobin OS=Planctomycetes bacterium RIFOXYC2_FULL_41_27 OX=1801986 GN=A3J92_02395 PE=3 SV=1
A0A1G3CMN8/3-119     -            117 seed_msa             -            157    0.0033   16.3   0.1   1   1    0.0021    0.0067   15.3   0.1    29    67     9    50     7   114 0.73 tr|A0A1G3CMN8|A0A1G3CMN8_9BACT Group 1 truncated hemoglobin OS=Planctomycetes bacterium RIFOXYD2_FULL_41_16 OX=1801988 GN=A2545_00820 PE=3 SV=1
L8N569/3-110         -            108 seed_msa             -            157    0.0033   16.3   0.1   1   1    0.0013    0.0043   15.9   0.1    29    82     9    63     7    76 0.78 tr|L8N569|L8N569_9CYAN Group 1 truncated hemoglobin OS=Pseudanabaena biceps PCC 7429 OX=927668 GN=Pse7429DRAFT_1220 PE=3 SV=1
A0A098LDE2/6-112     -            107 seed_msa             -            157    0.0033   16.3   0.0   1   1    0.0013    0.0043   15.9   0.0    30    90     3   104     2   107 0.74 tr|A0A098LDE2|A0A098LDE2_9BACT Uncharacterized protein OS=Sporocytophaga myxococcoides OX=153721 GN=MYP_2173 PE=4 SV=1
A0A0X8D4L1/3-115     -            113 seed_msa             -            157    0.0034   16.3   0.6   1   1    0.0071     0.023   13.5   0.6    29   120     9    95     7   110 0.77 tr|A0A0X8D4L1|A0A0X8D4L1_9BACL Group 1 truncated hemoglobin OS=Aneurinibacillus sp. XH2 OX=1450761 GN=ACH33_10795 PE=3 SV=1
A0A084H1L8/9-123     -            115 seed_msa             -            157    0.0034   16.3   0.0   1   1    0.0015    0.0049   15.7   0.0    28    70     5    49     1    60 0.88 tr|A0A084H1L8|A0A084H1L8_BACID Uncharacterized protein OS=Bacillus indicus OX=246786 GN=GS18_0200345 PE=4 SV=1
C8XH77/9-119         -            111 seed_msa             -            157    0.0034   16.2   0.1   1   1    0.0029    0.0095   14.8   0.1    32   135    10   103     7   107 0.63 tr|C8XH77|C8XH77_NAKMY Group 1 truncated hemoglobin OS=Nakamurella multipartita (strain ATCC 700099 / DSM 44233 / CIP 104796 / JCM 9543 / NBRC 105858 / Y-104) OX=479431 GN=Namu_1894 PE=3 SV=1
A0A1P8UFG4/3-117     -            115 seed_msa             -            157    0.0034   16.2   0.0   1   1    0.0013    0.0041   16.0   0.0    30    77    10    56     7    96 0.83 tr|A0A1P8UFG4|A0A1P8UFG4_9GAMM Group 1 truncated hemoglobin OS=Acidihalobacter ferrooxidans OX=1765967 GN=BW247_05290 PE=3 SV=1
A0A136PL49/15-123    -            109 seed_msa             -            157    0.0034   16.2   0.0   1   1    0.0029    0.0094   14.8   0.0    31   114     9    87     6    94 0.69 tr|A0A136PL49|A0A136PL49_9ACTN Group 1 truncated hemoglobin OS=Micromonospora rosaria OX=47874 GN=AWW66_26420 PE=3 SV=1
H8N066/3-115         -            113 seed_msa             -            157    0.0034   16.2   0.0   1   1    0.0013    0.0044   15.9   0.0    29    93     9    70     7    97 0.75 tr|H8N066|H8N066_CORCM Group 1 truncated hemoglobin OS=Corallococcus coralloides (strain ATCC 25202 / DSM 2259 / NBRC 100086 / M2) OX=1144275 GN=COCOR_01730 PE=3 SV=1
A0A252EQG4/24-144    -            121 seed_msa             -            157    0.0034   16.2   0.1   1   1    0.0056     0.018   13.9   0.0    30    74    10    55     8    71 0.82 tr|A0A252EQG4|A0A252EQG4_SHEPU Globin OS=Shewanella putrefaciens OX=24 GN=B7D78_18695 PE=4 SV=1
Q0I0R5/24-144        -            121 seed_msa             -            157    0.0034   16.2   0.1   1   1    0.0056     0.018   13.9   0.0    30    74    10    55     8    71 0.82 tr|Q0I0R5|Q0I0R5_SHESR Globin OS=Shewanella sp. (strain MR-7) OX=60481 GN=Shewmr7_0034 PE=4 SV=1
A0A147KA21/10-123    -            114 seed_msa             -            157    0.0034   16.2   0.0   1   1    0.0017    0.0054   15.6   0.0    29    70     5    48     3    57 0.79 tr|A0A147KA21|A0A147KA21_9BACI Globin OS=Bacillus coahuilensis p1.1.43 OX=1150625 GN=Q75_04685 PE=4 SV=1
A0A257N7B5/4-119     -            116 seed_msa             -            157    0.0035   16.2   0.0   1   1    0.0014    0.0045   15.8   0.0    29   117     9    95     7   112 0.78 tr|A0A257N7B5|A0A257N7B5_9GAMM Group 1 truncated hemoglobin OS=Methylococcaceae bacterium NSM2-1 OX=1917482 GN=CG441_536 PE=3 SV=1
A0A1N7CM70/4-114     -            111 seed_msa             -            157    0.0035   16.2   0.0   1   1    0.0016    0.0052   15.6   0.0    30    79    10    58     8    87 0.84 tr|A0A1N7CM70|A0A1N7CM70_9EURY Hemoglobin OS=Haladaptatus litoreus OX=553468 GN=SAMN05421858_3098 PE=4 SV=1
A0A0S7ZX45/5-119     -            115 seed_msa             -            157    0.0035   16.2   0.0   1   1    0.0013    0.0041   16.0   0.0    29    77     9    56     7   109 0.78 tr|A0A0S7ZX45|A0A0S7ZX45_9GAMM Group 1 truncated hemoglobin OS=Gammaproteobacteria bacterium SG8_11 OX=1703402 GN=AMJ53_11090 PE=3 SV=1
A0A1A3DV84/3-115     -            113 seed_msa             -            157    0.0035   16.2   0.0   1   1    0.0062      0.02   13.7   0.0    30    77    10    56     8   110 0.70 tr|A0A1A3DV84|A0A1A3DV84_9MYCO Group 1 truncated hemoglobin OS=Mycobacterium alsense OX=324058 GN=A5660_21245 PE=3 SV=1
A0A1X1XDK4/14-126    -            113 seed_msa             -            157    0.0035   16.2   0.0   1   1    0.0022    0.0073   15.2   0.0    30    77    10    56     7   107 0.74 tr|A0A1X1XDK4|A0A1X1XDK4_9MYCO Group 1 truncated hemoglobin OS=Mycobacterium kyorinense OX=487514 GN=AWC14_16265 PE=3 SV=1
A0A1H6VR29/14-131    -            118 seed_msa             -            157    0.0035   16.2   0.0   1   1    0.0016    0.0053   15.6   0.0    29    73     8    50     2   115 0.79 tr|A0A1H6VR29|A0A1H6VR29_9DEIO Hemoglobin OS=Deinococcus reticulitermitis OX=856736 GN=SAMN04488058_103133 PE=4 SV=1
A0A1A2ZJK9/3-115     -            113 seed_msa             -            157    0.0035   16.2   0.0   1   1    0.0015     0.005   15.7   0.0    30    76    10    55     8   107 0.84 tr|A0A1A2ZJK9|A0A1A2ZJK9_9MYCO Group 1 truncated hemoglobin OS=Mycobacterium kyorinense OX=487514 GN=A5707_16530 PE=3 SV=1
A0A1A2YJC4/15-126    -            112 seed_msa             -            157    0.0035   16.2   0.0   1   1    0.0017    0.0056   15.5   0.0    30    72     9    50     7   106 0.86 tr|A0A1A2YJC4|A0A1A2YJC4_9MYCO Group 1 truncated hemoglobin OS=Mycobacterium colombiense OX=339268 GN=A5708_05140 PE=3 SV=1
A0A1A3C2A0/14-127    -            114 seed_msa             -            157    0.0035   16.2   0.0   1   1    0.0028     0.009   14.9   0.0    30    76    10    55     8   110 0.78 tr|A0A1A3C2A0|A0A1A3C2A0_9MYCO Group 1 truncated hemoglobin OS=Mycobacterium sp. 1245805.9 OX=1856862 GN=A9X00_11280 PE=3 SV=1
A0A1Y1R834/3-115     -            113 seed_msa             -            157    0.0036   16.2   0.0   1   1    0.0015    0.0048   15.7   0.0    35   115    15    90     9   112 0.72 tr|A0A1Y1R834|A0A1Y1R834_9GAMM Uncharacterized protein OS=Oceanospirillales bacterium LUC14_002_19_P2 OX=1940822 GN=B0D91_01235 PE=4 SV=1
A0A0Q8VUY5/16-123    -            108 seed_msa             -            157    0.0036   16.2   0.0   1   1    0.0022     0.007   15.2   0.0    29    99     7    72     3   107 0.66 tr|A0A0Q8VUY5|A0A0Q8VUY5_9MICO Group 1 truncated hemoglobin OS=Agromyces sp. Root81 OX=1736601 GN=ASE14_09095 PE=3 SV=1
A0A1N6EZX4/16-123    -            108 seed_msa             -            157    0.0036   16.2   0.0   1   1    0.0022     0.007   15.2   0.0    29    99     7    72     3   107 0.66 tr|A0A1N6EZX4|A0A1N6EZX4_9MICO Group 1 truncated hemoglobin OS=Agromyces cerinus subsp. cerinus OX=232089 GN=SAMN05443544_1610 PE=3 SV=1
A0A1Z4I732/3-109     -            107 seed_msa             -            157    0.0036   16.1   0.5   1   1    0.0028    0.0091   14.9   0.5    30    85    10    66     7   101 0.77 tr|A0A1Z4I732|A0A1Z4I732_9NOSO Group 1 truncated hemoglobin OS=Nostoc sp. NIES-2111 OX=1973475 GN=glbN_2 PE=3 SV=1
A0A1N7C0A8/12-111    -            100 seed_msa             -            157    0.0037   16.1   0.0   1   1    0.0035     0.012   14.5   0.0    30    62     9    41     7    93 0.77 tr|A0A1N7C0A8|A0A1N7C0A8_9ACTN Group 1 truncated hemoglobin OS=Micromonospora avicenniae OX=1198245 GN=SAMN05444858_11236 PE=3 SV=1
H5YRJ7/9-129         -            121 seed_msa             -            157    0.0037   16.1   0.0   1   1    0.0021    0.0067   15.3   0.0    30    76    10    57     8    64 0.89 tr|H5YRJ7|H5YRJ7_9BRAD Hemoglobin OS=Bradyrhizobium sp. WSM471 OX=319017 GN=Bra471DRAFT_07214 PE=4 SV=1
A0A226QUG3/9-124     -            116 seed_msa             -            157    0.0037   16.1   0.0   1   1    0.0016    0.0052   15.6   0.0    33    70    11    50     6    60 0.87 tr|A0A226QUG3|A0A226QUG3_9BACI Globin OS=Bacillus sp. M13(2017) OX=1958813 GN=CGQ22_30005 PE=4 SV=1
C3GXW6/9-124         -            116 seed_msa             -            157    0.0037   16.1   0.0   1   1    0.0016    0.0052   15.6   0.0    33    70    11    50     6    60 0.87 tr|C3GXW6|C3GXW6_BACTU Globin OS=Bacillus thuringiensis serovar huazhongensis BGSC 4BD1 OX=527030 GN=bthur0011_10380 PE=4 SV=1
J8GVV9/9-124         -            116 seed_msa             -            157    0.0037   16.1   0.0   1   1    0.0016    0.0052   15.6   0.0    33    70    11    50     6    60 0.87 tr|J8GVV9|J8GVV9_BACCE Group 2 hemoglobin yjbI OS=Bacillus cereus VD014 OX=1053223 GN=IIA_01020 PE=4 SV=1
J8ICU8/9-124         -            116 seed_msa             -            157    0.0037   16.1   0.0   1   1    0.0016    0.0052   15.6   0.0    33    70    11    50     6    60 0.87 tr|J8ICU8|J8ICU8_BACCE Group 2 hemoglobin yjbI OS=Bacillus cereus VD156 OX=1053239 GN=IK7_04446 PE=4 SV=1
A0A051U4H0/15-126    -            112 seed_msa             -            157    0.0037   16.1   0.0   1   1    0.0018    0.0057   15.5   0.0    30    72     9    50     7   106 0.86 tr|A0A051U4H0|A0A051U4H0_9MYCO Group 1 truncated hemoglobin OS=Mycobacterium [tuberculosis] TKK-01-0051 OX=1324261 GN=K875_02555 PE=3 SV=1
I7LX00/6-117         -            112 seed_msa             -            157    0.0037   16.1   0.1   1   1    0.0016    0.0053   15.6   0.1    30   120    10    95     7   111 0.87 tr|I7LX00|I7LX00_TETTS Group 1 truncated hemoglobin OS=Tetrahymena thermophila (strain SB210) OX=312017 GN=TTHERM_00535150 PE=3 SV=1
A0A1A2UIX8/14-126    -            113 seed_msa             -            157    0.0037   16.1   0.0   1   1    0.0015    0.0049   15.7   0.0    30    72    10    51     8   107 0.89 tr|A0A1A2UIX8|A0A1A2UIX8_MYCSC Group 1 truncated hemoglobin OS=Mycobacterium scrofulaceum OX=1783 GN=A5679_25575 PE=3 SV=1
A0A1U7J080/3-109     -            107 seed_msa             -            157    0.0037   16.1   0.0   1   1    0.0013    0.0043   15.9   0.0    29    86     9    67     7   101 0.84 tr|A0A1U7J080|A0A1U7J080_9CYAN Group 1 truncated hemoglobin OS=Phormidium tenue NIES-30 OX=549789 GN=NIES30_20920 PE=3 SV=1
A0A2A4RJN2/3-118     -            116 seed_msa             -            157    0.0037   16.1   0.0   1   1    0.0015     0.005   15.7   0.0    29   122     9   100     7   113 0.70 tr|A0A2A4RJN2|A0A2A4RJN2_9GAMM Group 1 truncated hemoglobin OS=Gammaproteobacteria bacterium OX=1913989 GN=COB77_01625 PE=3 SV=1
A0A1G7BQ67/9-122     -            114 seed_msa             -            157    0.0037   16.1   0.0   1   1    0.0016    0.0053   15.6   0.0    30    73     7    48     1    59 0.74 tr|A0A1G7BQ67|A0A1G7BQ67_9BACL Hemoglobin OS=Bhargavaea beijingensis OX=426756 GN=SAMN04488126_10676 PE=4 SV=1
F3LEP6/25-137        -            113 seed_msa             -            157    0.0037   16.1   0.0   1   1    0.0022    0.0071   15.2   0.0    32    77    12    56    10   107 0.88 tr|F3LEP6|F3LEP6_9GAMM Cyanoglobin Hemoglobin-like protein OS=gamma proteobacterium IMCC1989 OX=937772 GN=IMCC1989_2547 PE=4 SV=1
C5L3D1/7-113         -            107 seed_msa             -            157    0.0038   16.1   0.0   1   1    0.0013    0.0043   15.9   0.0    30    98     5    68     3   102 0.77 tr|C5L3D1|C5L3D1_PERM5 Myoglobin, putative OS=Perkinsus marinus (strain ATCC 50983 / TXsc) OX=423536 GN=Pmar_PMAR008536 PE=4 SV=1
B7HGV6/9-124         -            116 seed_msa             -            157    0.0038   16.1   0.0   1   1    0.0016    0.0052   15.6   0.0    33    70    11    50     6    60 0.87 tr|B7HGV6|B7HGV6_BACC4 Protozoan/cyanobacterial globin family protein OS=Bacillus cereus (strain B4264) OX=405532 GN=BCB4264_A1250 PE=4 SV=1
A0A1I3W4W1/8-128     -            121 seed_msa             -            157    0.0038   16.1   0.0   1   1    0.0013    0.0043   15.9   0.0    29    74     9    55     7   117 0.92 tr|A0A1I3W4W1|A0A1I3W4W1_9RHIZ Hemoglobin OS=Methylocapsa palsarum OX=1612308 GN=SAMN05444581_101357 PE=4 SV=1
C5K7W3/66-175        -            110 seed_msa             -            157    0.0038   16.1   0.0   1   1    0.0013    0.0044   15.9   0.0    30    87     9    64     6   106 0.77 tr|C5K7W3|C5K7W3_PERM5 Uncharacterized protein OS=Perkinsus marinus (strain ATCC 50983 / TXsc) OX=423536 GN=Pmar_PMAR012630 PE=4 SV=1
A0A023P482/9-124     -            116 seed_msa             -            157    0.0038   16.1   0.0   1   1    0.0016    0.0052   15.6   0.0    33    70    11    50     6    60 0.87 tr|A0A023P482|A0A023P482_9BACI Globin OS=Bacillus bombysepticus str. Wang OX=1330043 GN=CY96_05200 PE=4 SV=1
A0A0A3WVR6/9-124     -            116 seed_msa             -            157    0.0038   16.1   0.0   1   1    0.0016    0.0052   15.6   0.0    33    70    11    50     6    60 0.87 tr|A0A0A3WVR6|A0A0A3WVR6_BACCE Globin OS=Bacillus cereus OX=1396 GN=yjbI PE=4 SV=1
A0A0D0PCX7/9-124     -            116 seed_msa             -            157    0.0038   16.1   0.0   1   1    0.0016    0.0052   15.6   0.0    33    70    11    50     6    60 0.87 tr|A0A0D0PCX7|A0A0D0PCX7_9BACI Contig78, whole genome shotgun sequence OS=Bacillus sp. L_1B0_5 OX=1586646 GN=RT27_23130 PE=4 SV=1
A0A0D0RTA3/9-124     -            116 seed_msa             -            157    0.0038   16.1   0.0   1   1    0.0016    0.0052   15.6   0.0    33    70    11    50     6    60 0.87 tr|A0A0D0RTA3|A0A0D0RTA3_9BACI Contig_8, whole genome shotgun sequence OS=Bacillus sp. L_1B0_8 OX=1588630 GN=RW25_04195 PE=4 SV=1
A0A0E8TC88/9-124     -            116 seed_msa             -            157    0.0038   16.1   0.0   1   1    0.0016    0.0052   15.6   0.0    33    70    11    50     6    60 0.87 tr|A0A0E8TC88|A0A0E8TC88_STREE Truncated BHb OS=Streptococcus pneumoniae OX=1313 GN=yjbI PE=4 SV=1
A0A0F6FS29/9-124     -            116 seed_msa             -            157    0.0038   16.1   0.0   1   1    0.0016    0.0052   15.6   0.0    33    70    11    50     6    60 0.87 tr|A0A0F6FS29|A0A0F6FS29_BACTK Group 2 hemoglobin yjbI OS=Bacillus thuringiensis subsp. kurstaki OX=29339 GN=yjbI PE=4 SV=1
A0A0F6JBX2/9-124     -            116 seed_msa             -            157    0.0038   16.1   0.0   1   1    0.0016    0.0052   15.6   0.0    33    70    11    50     6    60 0.87 tr|A0A0F6JBX2|A0A0F6JBX2_BACTU BHb protein OS=Bacillus thuringiensis T01-328 OX=1324966 GN=BTCBT_001087 PE=4 SV=1
A0A0G3E0E9/9-124     -            116 seed_msa             -            157    0.0038   16.1   0.0   1   1    0.0016    0.0052   15.6   0.0    33    70    11    50     6    60 0.87 tr|A0A0G3E0E9|A0A0G3E0E9_BACTU Globin OS=Bacillus thuringiensis OX=1428 GN=yjbI PE=4 SV=1
A0A0G4D4U1/9-124     -            116 seed_msa             -            157    0.0038   16.1   0.0   1   1    0.0016    0.0052   15.6   0.0    33    70    11    50     6    60 0.87 tr|A0A0G4D4U1|A0A0G4D4U1_BACTO Globin family protein OS=Bacillus thuringiensis subsp. tolworthi OX=1442 GN=KNN_04824 PE=4 SV=1
A0A0K0S4F0/9-124     -            116 seed_msa             -            157    0.0038   16.1   0.0   1   1    0.0016    0.0052   15.6   0.0    33    70    11    50     6    60 0.87 tr|A0A0K0S4F0|A0A0K0S4F0_BACT3 Group 2 hemoglobin YjbI OS=Bacillus thuringiensis subsp. indiana OX=180850 GN=yjbI PE=4 SV=1
A0A0Q9GMB9/9-124     -            116 seed_msa             -            157    0.0038   16.1   0.0   1   1    0.0016    0.0052   15.6   0.0    33    70    11    50     6    60 0.87 tr|A0A0Q9GMB9|A0A0Q9GMB9_9BACI Globin OS=Bacillus sp. Root131 OX=1736451 GN=ASE54_28740 PE=4 SV=1
A0A135WBK7/9-124     -            116 seed_msa             -            157    0.0038   16.1   0.0   1   1    0.0016    0.0052   15.6   0.0    33    70    11    50     6    60 0.87 tr|A0A135WBK7|A0A135WBK7_9BACI Globin OS=Bacillus sp. JH7 OX=1759556 GN=AU379_20395 PE=4 SV=1
A0A193CPV6/9-124     -            116 seed_msa             -            157    0.0038   16.1   0.0   1   1    0.0016    0.0052   15.6   0.0    33    70    11    50     6    60 0.87 tr|A0A193CPV6|A0A193CPV6_BACTU Globin OS=Bacillus thuringiensis serovar coreanensis OX=180843 GN=A9498_06885 PE=4 SV=1
A0A1C9BQ11/9-124     -            116 seed_msa             -            157    0.0038   16.1   0.0   1   1    0.0016    0.0052   15.6   0.0    33    70    11    50     6    60 0.87 tr|A0A1C9BQ11|A0A1C9BQ11_BACTU Group 2 truncated hemoglobin YjbI OS=Bacillus thuringiensis Bt18247 OX=1423143 GN=yjbI PE=4 SV=1
A0A1G1UM09/9-124     -            116 seed_msa             -            157    0.0038   16.1   0.0   1   1    0.0016    0.0052   15.6   0.0    33    70    11    50     6    60 0.87 tr|A0A1G1UM09|A0A1G1UM09_9BACI Globin OS=Bacillus sp. RZ2MS9 OX=1806216 GN=BHV55_12800 PE=4 SV=1
A0A1H5V8J6/9-124     -            116 seed_msa             -            157    0.0038   16.1   0.0   1   1    0.0016    0.0052   15.6   0.0    33    70    11    50     6    60 0.87 tr|A0A1H5V8J6|A0A1H5V8J6_9BACI Hemoglobin OS=Bacillus sp. ok061 OX=1761766 GN=SAMN04487919_103230 PE=4 SV=1
A0A1I3ZKA4/9-124     -            116 seed_msa             -            157    0.0038   16.1   0.0   1   1    0.0016    0.0052   15.6   0.0    33    70    11    50     6    60 0.87 tr|A0A1I3ZKA4|A0A1I3ZKA4_9BACI Hemoglobin OS=Bacillus sp. 5mfcol3.1 OX=1761756 GN=SAMN04488573_101299 PE=4 SV=1
A0A1M6H1U9/9-124     -            116 seed_msa             -            157    0.0038   16.1   0.0   1   1    0.0016    0.0052   15.6   0.0    33    70    11    50     6    60 0.87 tr|A0A1M6H1U9|A0A1M6H1U9_9BACI Hemoglobin OS=Bacillus sp. cl25 OX=1761760 GN=SAMN04488576_102281 PE=4 SV=1
A0A1M7BD59/9-124     -            116 seed_msa             -            157    0.0038   16.1   0.0   1   1    0.0016    0.0052   15.6   0.0    33    70    11    50     6    60 0.87 tr|A0A1M7BD59|A0A1M7BD59_9BACI Hemoglobin OS=Bacillus sp. bc15 OX=1761758 GN=SAMN04487918_102360 PE=4 SV=1
A0A1Q9KLQ4/9-124     -            116 seed_msa             -            157    0.0038   16.1   0.0   1   1    0.0016    0.0052   15.6   0.0    33    70    11    50     6    60 0.87 tr|A0A1Q9KLQ4|A0A1Q9KLQ4_9BACI Globin OS=Bacillus sp. MB366 OX=1663555 GN=BTO25_19555 PE=4 SV=1
A0A1W2GUP8/9-124     -            116 seed_msa             -            157    0.0038   16.1   0.0   1   1    0.0016    0.0052   15.6   0.0    33    70    11    50     6    60 0.87 tr|A0A1W2GUP8|A0A1W2GUP8_9BACI Hemoglobin OS=Bacillus sp. JKS001846 OX=1938743 GN=SAMN06272738_4672 PE=4 SV=1
A0A242YBC3/9-124     -            116 seed_msa             -            157    0.0038   16.1   0.0   1   1    0.0016    0.0052   15.6   0.0    33    70    11    50     6    60 0.87 tr|A0A242YBC3|A0A242YBC3_BACTU Globin OS=Bacillus thuringiensis serovar novosibirsk OX=257986 GN=BK719_07525 PE=4 SV=1
A0A242YXV8/9-124     -            116 seed_msa             -            157    0.0038   16.1   0.0   1   1    0.0016    0.0052   15.6   0.0    33    70    11    50     6    60 0.87 tr|A0A242YXV8|A0A242YXV8_BACTU Globin OS=Bacillus thuringiensis serovar londrina OX=180846 GN=BK726_18880 PE=4 SV=1
A0A242ZTS5/9-124     -            116 seed_msa             -            157    0.0038   16.1   0.0   1   1    0.0016    0.0052   15.6   0.0    33    70    11    50     6    60 0.87 tr|A0A242ZTS5|A0A242ZTS5_BACTU Globin OS=Bacillus thuringiensis serovar kim OX=180847 GN=BK734_28510 PE=4 SV=1
A0A243BBQ2/9-124     -            116 seed_msa             -            157    0.0038   16.1   0.0   1   1    0.0016    0.0052   15.6   0.0    33    70    11    50     6    60 0.87 tr|A0A243BBQ2|A0A243BBQ2_BACTU Globin OS=Bacillus thuringiensis serovar poloniensis OX=180894 GN=BK736_09065 PE=4 SV=1
A0A243C8Q9/9-124     -            116 seed_msa             -            157    0.0038   16.1   0.0   1   1    0.0016    0.0052   15.6   0.0    33    70    11    50     6    60 0.87 tr|A0A243C8Q9|A0A243C8Q9_BACTU Globin OS=Bacillus thuringiensis serovar yosoo OX=180848 GN=BK746_12195 PE=4 SV=1
A0A243DDD2/9-124     -            116 seed_msa             -            157    0.0038   16.1   0.0   1   1    0.0016    0.0052   15.6   0.0    33    70    11    50     6    60 0.87 tr|A0A243DDD2|A0A243DDD2_BACTU Globin OS=Bacillus thuringiensis serovar subtoxicus OX=475791 GN=BK754_14555 PE=4 SV=1
A0A243E2I8/9-124     -            116 seed_msa             -            157    0.0038   16.1   0.0   1   1    0.0016    0.0052   15.6   0.0    33    70    11    50     6    60 0.87 tr|A0A243E2I8|A0A243E2I8_BACTU Globin OS=Bacillus thuringiensis serovar toumanoffi OX=180862 GN=BK762_32110 PE=4 SV=1
A0A243EMY3/9-124     -            116 seed_msa             -            157    0.0038   16.1   0.0   1   1    0.0016    0.0052   15.6   0.0    33    70    11    50     6    60 0.87 tr|A0A243EMY3|A0A243EMY3_BACTY Globin OS=Bacillus thuringiensis subsp. kyushuensis OX=44161 GN=BK767_26690 PE=4 SV=1
A0A243JBC0/9-124     -            116 seed_msa             -            157    0.0038   16.1   0.0   1   1    0.0016    0.0052   15.6   0.0    33    70    11    50     6    60 0.87 tr|A0A243JBC0|A0A243JBC0_BACTU Globin OS=Bacillus thuringiensis serovar pirenaica OX=180863 GN=BK739_15945 PE=4 SV=1
A0A243L099/9-124     -            116 seed_msa             -            157    0.0038   16.1   0.0   1   1    0.0016    0.0052   15.6   0.0    33    70    11    50     6    60 0.87 tr|A0A243L099|A0A243L099_BACUH Globin OS=Bacillus thuringiensis subsp. higo OX=132266 GN=BK716_09540 PE=4 SV=1
A0A243MHU0/9-124     -            116 seed_msa             -            157    0.0038   16.1   0.0   1   1    0.0016    0.0052   15.6   0.0    33    70    11    50     6    60 0.87 tr|A0A243MHU0|A0A243MHU0_BACTU Globin OS=Bacillus thuringiensis serovar zhaodongensis OX=180896 GN=BK744_03975 PE=4 SV=1
A0A243MVY6/9-124     -            116 seed_msa             -            157    0.0038   16.1   0.0   1   1    0.0016    0.0052   15.6   0.0    33    70    11    50     6    60 0.87 tr|A0A243MVY6|A0A243MVY6_BACTV Globin OS=Bacillus thuringiensis subsp. medellin OX=79672 GN=BK784_36845 PE=4 SV=1
A0A2A2PAT8/9-124     -            116 seed_msa             -            157    0.0038   16.1   0.0   1   1    0.0016    0.0052   15.6   0.0    33    70    11    50     6    60 0.87 tr|A0A2A2PAT8|A0A2A2PAT8_9BACI Globin OS=Bacillus toyonensis OX=155322 GN=CKQ70_23915 PE=4 SV=1
A0A2A9I1C7/9-124     -            116 seed_msa             -            157    0.0038   16.1   0.0   1   1    0.0016    0.0052   15.6   0.0    33    70    11    50     6    60 0.87 tr|A0A2A9I1C7|A0A2A9I1C7_9BACI Hemoglobin OS=Bacillus sp. YF23 OX=691698 GN=DL97_0470 PE=4 SV=1
A0A2C9YYB9/9-124     -            116 seed_msa             -            157    0.0038   16.1   0.0   1   1    0.0016    0.0052   15.6   0.0    33    70    11    50     6    60 0.87 tr|A0A2C9YYB9|A0A2C9YYB9_BACTU Globin OS=Bacillus thuringiensis serovar ostriniae OX=180883 GN=BK771_11335 PE=4 SV=1
A0A2C9Z9H1/9-124     -            116 seed_msa             -            157    0.0038   16.1   0.0   1   1    0.0016    0.0052   15.6   0.0    33    70    11    50     6    60 0.87 tr|A0A2C9Z9H1|A0A2C9Z9H1_BACTU Globin OS=Bacillus thuringiensis serovar yunnanensis OX=143794 GN=BK708_00720 PE=4 SV=1
A0A2H3QC50/9-124     -            116 seed_msa             -            157    0.0038   16.1   0.0   1   1    0.0016    0.0052   15.6   0.0    33    70    11    50     6    60 0.87 tr|A0A2H3QC50|A0A2H3QC50_9BACI Globin OS=Bacillus sp. AFS012607 OX=2033485 GN=CN409_11710 PE=4 SV=1
B5UHT7/9-124         -            116 seed_msa             -            157    0.0038   16.1   0.0   1   1    0.0016    0.0052   15.6   0.0    33    70    11    50     6    60 0.87 tr|B5UHT7|B5UHT7_BACCE Protozoan/cyanobacterial globin family protein OS=Bacillus cereus AH1134 OX=405533 GN=BCAH1134_1248 PE=4 SV=1
B7ILE1/9-124         -            116 seed_msa             -            157    0.0038   16.1   0.0   1   1    0.0016    0.0052   15.6   0.0    33    70    11    50     6    60 0.87 tr|B7ILE1|B7ILE1_BACC2 Protozoan/cyanobacterial globin family protein OS=Bacillus cereus (strain G9842) OX=405531 GN=BCG9842_B4091 PE=4 SV=1
C2NVR2/9-124         -            116 seed_msa             -            157    0.0038   16.1   0.0   1   1    0.0016    0.0052   15.6   0.0    33    70    11    50     6    60 0.87 tr|C2NVR2|C2NVR2_BACCE Globin OS=Bacillus cereus 172560W OX=526967 GN=bcere0005_10790 PE=4 SV=1
C2R4Y7/9-124         -            116 seed_msa             -            157    0.0038   16.1   0.0   1   1    0.0016    0.0052   15.6   0.0    33    70    11    50     6    60 0.87 tr|C2R4Y7|C2R4Y7_BACCE Globin OS=Bacillus cereus m1550 OX=526969 GN=bcere0011_10650 PE=4 SV=1
C2SXS5/9-124         -            116 seed_msa             -            157    0.0038   16.1   0.0   1   1    0.0016    0.0052   15.6   0.0    33    70    11    50     6    60 0.87 tr|C2SXS5|C2SXS5_BACCE Globin OS=Bacillus cereus BDRD-Cer4 OX=526978 GN=bcere0015_10650 PE=4 SV=1
C2UAR2/9-124         -            116 seed_msa             -            157    0.0038   16.1   0.0   1   1    0.0016    0.0052   15.6   0.0    33    70    11    50     6    60 0.87 tr|C2UAR2|C2UAR2_BACCE Globin OS=Bacillus cereus Rock1-15 OX=526982 GN=bcere0018_10390 PE=4 SV=1
C2WJD5/9-124         -            116 seed_msa             -            157    0.0038   16.1   0.0   1   1    0.0016    0.0052   15.6   0.0    33    70    11    50     6    60 0.87 tr|C2WJD5|C2WJD5_BACCE Globin OS=Bacillus cereus Rock4-2 OX=526987 GN=bcere0023_11620 PE=4 SV=1
C2X8N7/9-124         -            116 seed_msa             -            157    0.0038   16.1   0.0   1   1    0.0016    0.0052   15.6   0.0    33    70    11    50     6    60 0.87 tr|C2X8N7|C2X8N7_BACCE Globin OS=Bacillus cereus F65185 OX=526989 GN=bcere0025_10640 PE=4 SV=1
C3DGM7/9-124         -            116 seed_msa             -            157    0.0038   16.1   0.0   1   1    0.0016    0.0052   15.6   0.0    33    70    11    50     6    60 0.87 tr|C3DGM7|C3DGM7_BACTS Globin OS=Bacillus thuringiensis serovar sotto str. T04001 OX=527026 GN=bthur0004_10980 PE=4 SV=1
G9QAA5/9-124         -            116 seed_msa             -            157    0.0038   16.1   0.0   1   1    0.0016    0.0052   15.6   0.0    33    70    11    50     6    60 0.87 tr|G9QAA5|G9QAA5_9BACI Group 2 hemoglobin yjbI OS=Bacillus sp. 7_6_55CFAA_CT2 OX=665957 GN=HMPREF1014_03597 PE=4 SV=1
J3ZY61/9-124         -            116 seed_msa             -            157    0.0038   16.1   0.0   1   1    0.0016    0.0052   15.6   0.0    33    70    11    50     6    60 0.87 tr|J3ZY61|J3ZY61_BACTU Globin family protein OS=Bacillus thuringiensis HD-771 OX=1218175 GN=BTG_14765 PE=4 SV=1
J7VKE6/9-124         -            116 seed_msa             -            157    0.0038   16.1   0.0   1   1    0.0016    0.0052   15.6   0.0    33    70    11    50     6    60 0.87 tr|J7VKE6|J7VKE6_BACCE Group 2 hemoglobin yjbI OS=Bacillus cereus VD022 OX=718223 GN=IC1_03245 PE=4 SV=1
J7ZUL5/9-124         -            116 seed_msa             -            157    0.0038   16.1   0.0   1   1    0.0016    0.0052   15.6   0.0    33    70    11    50     6    60 0.87 tr|J7ZUL5|J7ZUL5_BACCE Group 2 hemoglobin yjbI OS=Bacillus cereus BAG4O-1 OX=1053185 GN=IE7_01035 PE=4 SV=1
J8LT94/9-124         -            116 seed_msa             -            157    0.0038   16.1   0.0   1   1    0.0016    0.0052   15.6   0.0    33    70    11    50     6    60 0.87 tr|J8LT94|J8LT94_BACCE Group 2 hemoglobin yjbI OS=Bacillus cereus VD166 OX=1053240 GN=IK9_03594 PE=4 SV=1
J8N6I8/9-124         -            116 seed_msa             -            157    0.0038   16.1   0.0   1   1    0.0016    0.0052   15.6   0.0    33    70    11    50     6    60 0.87 tr|J8N6I8|J8N6I8_BACCE Group 2 hemoglobin yjbI OS=Bacillus cereus BAG1X1-2 OX=1053171 GN=ICE_00454 PE=4 SV=1
J9BE04/9-124         -            116 seed_msa             -            157    0.0038   16.1   0.0   1   1    0.0016    0.0052   15.6   0.0    33    70    11    50     6    60 0.87 tr|J9BE04|J9BE04_BACCE Group 2 hemoglobin yjbI OS=Bacillus cereus HuB1-1 OX=1053207 GN=IGE_04384 PE=4 SV=1
M1QHX2/9-124         -            116 seed_msa             -            157    0.0038   16.1   0.0   1   1    0.0016    0.0052   15.6   0.0    33    70    11    50     6    60 0.87 tr|M1QHX2|M1QHX2_BACTU Hemoglobin-like protein HbO OS=Bacillus thuringiensis serovar thuringiensis str. IS5056 OX=1286404 GN=H175_ch1146 PE=4 SV=1
N1LXE2/9-124         -            116 seed_msa             -            157    0.0038   16.1   0.0   1   1    0.0016    0.0052   15.6   0.0    33    70    11    50     6    60 0.87 tr|N1LXE2|N1LXE2_9BACI Hemoglobin-like protein HbO OS=Bacillus sp. GeD10 OX=1301086 GN=EBGED10_59490 PE=4 SV=1
Q813V2/9-124         -            116 seed_msa             -            157    0.0038   16.1   0.0   1   1    0.0016    0.0052   15.6   0.0    33    70    11    50     6    60 0.87 tr|Q813V2|Q813V2_BACCR Globin Family Protein OS=Bacillus cereus (strain ATCC 14579 / DSM 31 / JCM 2152 / NBRC 15305 / NCIMB 9373 / NRRL B-3711) OX=226900 GN=BC_1195 PE=4 SV=1
Q8RQG4/2-117         -            116 seed_msa             -            157    0.0038   16.1   0.0   1   1    0.0016    0.0052   15.6   0.0    33    70    11    50     6    60 0.87 tr|Q8RQG4|Q8RQG4_BACCE Uncharacterized protein yjbI (Fragment) OS=Bacillus cereus OX=1396 GN=yjbI PE=4 SV=1
R8C579/9-124         -            116 seed_msa             -            157    0.0038   16.1   0.0   1   1    0.0016    0.0052   15.6   0.0    33    70    11    50     6    60 0.87 tr|R8C579|R8C579_BACCE Group 2 hemoglobin yjbI OS=Bacillus cereus str. Schrouff OX=718221 GN=IAW_03709 PE=4 SV=1
R8DQ73/9-124         -            116 seed_msa             -            157    0.0038   16.1   0.0   1   1    0.0016    0.0052   15.6   0.0    33    70    11    50     6    60 0.87 tr|R8DQ73|R8DQ73_BACCE Group 2 hemoglobin yjbI OS=Bacillus cereus BAG1X1-1 OX=1053170 GN=ICC_04347 PE=4 SV=1
R8EVE0/9-124         -            116 seed_msa             -            157    0.0038   16.1   0.0   1   1    0.0016    0.0052   15.6   0.0    33    70    11    50     6    60 0.87 tr|R8EVE0|R8EVE0_BACCE Group 2 hemoglobin yjbI OS=Bacillus cereus VD133 OX=1053233 GN=IIU_00645 PE=4 SV=1
R8FLK8/9-124         -            116 seed_msa             -            157    0.0038   16.1   0.0   1   1    0.0016    0.0052   15.6   0.0    33    70    11    50     6    60 0.87 tr|R8FLK8|R8FLK8_BACCE Group 2 hemoglobin yjbI OS=Bacillus cereus BAG1X2-2 OX=1053174 GN=ICK_04318 PE=4 SV=1
R8FUI6/9-124         -            116 seed_msa             -            157    0.0038   16.1   0.0   1   1    0.0016    0.0052   15.6   0.0    33    70    11    50     6    60 0.87 tr|R8FUI6|R8FUI6_BACCE Group 2 hemoglobin yjbI OS=Bacillus cereus BAG1X2-1 OX=1053173 GN=ICI_01035 PE=4 SV=1
R8GLY1/9-124         -            116 seed_msa             -            157    0.0038   16.1   0.0   1   1    0.0016    0.0052   15.6   0.0    33    70    11    50     6    60 0.87 tr|R8GLY1|R8GLY1_BACCE Group 2 hemoglobin yjbI OS=Bacillus cereus BAG1X2-3 OX=1053175 GN=ICM_00472 PE=4 SV=1
R8IEV0/9-124         -            116 seed_msa             -            157    0.0038   16.1   0.0   1   1    0.0016    0.0052   15.6   0.0    33    70    11    50     6    60 0.87 tr|R8IEV0|R8IEV0_BACCE Group 2 hemoglobin yjbI OS=Bacillus cereus K-5975c OX=1053217 GN=IGY_04325 PE=4 SV=1
R8KG16/9-124         -            116 seed_msa             -            157    0.0038   16.1   0.0   1   1    0.0016    0.0052   15.6   0.0    33    70    11    50     6    60 0.87 tr|R8KG16|R8KG16_BACCE Group 2 hemoglobin yjbI OS=Bacillus cereus BAG2O-1 OX=1053176 GN=ICO_01039 PE=4 SV=1
R8MT49/9-124         -            116 seed_msa             -            157    0.0038   16.1   0.0   1   1    0.0016    0.0052   15.6   0.0    33    70    11    50     6    60 0.87 tr|R8MT49|R8MT49_BACCE Group 2 hemoglobin yjbI OS=Bacillus cereus HuB13-1 OX=1053208 GN=IGG_01500 PE=4 SV=1
R8QH03/9-124         -            116 seed_msa             -            157    0.0038   16.1   0.0   1   1    0.0016    0.0052   15.6   0.0    33    70    11    50     6    60 0.87 tr|R8QH03|R8QH03_BACCE Group 2 hemoglobin yjbI OS=Bacillus cereus ISP2954 OX=1053215 GN=IGU_00582 PE=4 SV=1
R8SEN9/9-124         -            116 seed_msa             -            157    0.0038   16.1   0.0   1   1    0.0016    0.0052   15.6   0.0    33    70    11    50     6    60 0.87 tr|R8SEN9|R8SEN9_BACCE Group 2 hemoglobin yjbI OS=Bacillus cereus HuB4-4 OX=1053211 GN=IGM_01322 PE=4 SV=1
R8UF19/9-124         -            116 seed_msa             -            157    0.0038   16.1   0.0   1   1    0.0016    0.0052   15.6   0.0    33    70    11    50     6    60 0.87 tr|R8UF19|R8UF19_BACCE Group 2 hemoglobin yjbI OS=Bacillus cereus VD184 OX=1053242 GN=IKC_01870 PE=4 SV=1
R8YGC6/9-124         -            116 seed_msa             -            157    0.0038   16.1   0.0   1   1    0.0016    0.0052   15.6   0.0    33    70    11    50     6    60 0.87 tr|R8YGC6|R8YGC6_BACCE Group 2 hemoglobin yjbI OS=Bacillus cereus TIAC219 OX=718222 GN=IAY_00431 PE=4 SV=1
S3I9L1/9-124         -            116 seed_msa             -            157    0.0038   16.1   0.0   1   1    0.0016    0.0052   15.6   0.0    33    70    11    50     6    60 0.87 tr|S3I9L1|S3I9L1_BACCE Group 2 hemoglobin yjbI OS=Bacillus cereus BAG1O-3 OX=1053169 GN=ICA_03685 PE=4 SV=1
V5M641/9-124         -            116 seed_msa             -            157    0.0038   16.1   0.0   1   1    0.0016    0.0052   15.6   0.0    33    70    11    50     6    60 0.87 tr|V5M641|V5M641_BACTU Uncharacterized protein OS=Bacillus thuringiensis YBT-1518 OX=529122 GN=YBT1518_07025 PE=4 SV=1
W8YVF9/9-124         -            116 seed_msa             -            157    0.0038   16.1   0.0   1   1    0.0016    0.0052   15.6   0.0    33    70    11    50     6    60 0.87 tr|W8YVF9|W8YVF9_BACTU Uncharacterized protein OS=Bacillus thuringiensis DB27 OX=1431339 GN=BTDB27_000897 PE=4 SV=1
A0A164CYU1/14-126    -            113 seed_msa             -            157    0.0038   16.1   0.0   1   1    0.0027    0.0088   14.9   0.0    30    70    10    49     8    60 0.87 tr|A0A164CYU1|A0A164CYU1_MYCKA Group 1 truncated hemoglobin OS=Mycobacterium kansasii OX=1768 GN=A4G28_25050 PE=3 SV=1
A0A243EXX7/9-124     -            116 seed_msa             -            157    0.0038   16.1   0.0   1   1    0.0016    0.0052   15.6   0.0    33    70    11    50     6    60 0.87 tr|A0A243EXX7|A0A243EXX7_BACUK Globin OS=Bacillus thuringiensis subsp. kumamotoensis OX=132267 GN=BK769_18815 PE=4 SV=1
A0A090YXB3/9-124     -            116 seed_msa             -            157    0.0038   16.1   0.0   1   1    0.0016    0.0052   15.6   0.0    33    70    11    50     6    60 0.87 tr|A0A090YXB3|A0A090YXB3_BACMY Group 2 hemoglobin yjbI OS=Bacillus mycoides OX=1405 GN=yjbI PE=4 SV=1
A0A1I0K845/6-121     -            116 seed_msa             -            157    0.0038   16.1   0.0   1   1    0.0013    0.0043   15.9   0.0    30    70    10    52     8   102 0.81 tr|A0A1I0K845|A0A1I0K845_9BACL Hemoglobin OS=Paenibacillus sp. NFR01 OX=1566279 GN=SAMN03159358_3949 PE=4 SV=1
A0A2A5E2X6/4-112     -            109 seed_msa             -            157    0.0038   16.1   0.1   1   1    0.0013    0.0041   16.0   0.1    29    74     9    53     7   105 0.85 tr|A0A2A5E2X6|A0A2A5E2X6_9BACT Group 1 truncated hemoglobin OS=Planctomycetes bacterium OX=2026780 GN=COA79_01540 PE=3 SV=1
A0A0T8DIE6/9-124     -            116 seed_msa             -            157    0.0038   16.1   0.0   1   1    0.0016    0.0052   15.6   0.0    33    70    11    50     6    60 0.87 tr|A0A0T8DIE6|A0A0T8DIE6_STREE Truncated BHb OS=Streptococcus pneumoniae OX=1313 GN=yjbI PE=4 SV=1
A0A1S9YZT1/9-124     -            116 seed_msa             -            157    0.0038   16.1   0.0   1   1    0.0016    0.0052   15.6   0.0    33    70    11    50     6    60 0.87 tr|A0A1S9YZT1|A0A1S9YZT1_BACCE Globin OS=Bacillus cereus OX=1396 GN=yjbI PE=4 SV=1
A0A1Y0TF87/9-124     -            116 seed_msa             -            157    0.0038   16.1   0.0   1   1    0.0016    0.0052   15.6   0.0    33    70    11    50     6    60 0.87 tr|A0A1Y0TF87|A0A1Y0TF87_BACTU Globin OS=Bacillus thuringiensis OX=1428 GN=BJG91_02250 PE=4 SV=1
A0A229M9G1/9-124     -            116 seed_msa             -            157    0.0038   16.1   0.0   1   1    0.0016    0.0052   15.6   0.0    33    70    11    50     6    60 0.87 tr|A0A229M9G1|A0A229M9G1_9BACI Globin OS=Bacillus sp. KbaL1 OX=1978340 GN=B9T53_18545 PE=4 SV=1
A0A243DMJ2/9-124     -            116 seed_msa             -            157    0.0038   16.1   0.0   1   1    0.0016    0.0052   15.6   0.0    33    70    11    50     6    60 0.87 tr|A0A243DMJ2|A0A243DMJ2_BACUD Globin OS=Bacillus thuringiensis subsp. darmstadiensis OX=132264 GN=BK761_25375 PE=4 SV=1
A0A243K710/9-124     -            116 seed_msa             -            157    0.0038   16.1   0.0   1   1    0.0016    0.0052   15.6   0.0    33    70    11    50     6    60 0.87 tr|A0A243K710|A0A243K710_BACTU Globin OS=Bacillus thuringiensis serovar iberica OX=180866 GN=BK741_23290 PE=4 SV=1
A0A243LAP5/9-124     -            116 seed_msa             -            157    0.0038   16.1   0.0   1   1    0.0016    0.0052   15.6   0.0    33    70    11    50     6    60 0.87 tr|A0A243LAP5|A0A243LAP5_BACTJ Globin OS=Bacillus thuringiensis subsp. jegathesan OX=56955 GN=BK750_25095 PE=4 SV=1
J8HZ20/9-124         -            116 seed_msa             -            157    0.0038   16.1   0.0   1   1    0.0016    0.0052   15.6   0.0    33    70    11    50     6    60 0.87 tr|J8HZ20|J8HZ20_BACCE Group 2 hemoglobin yjbI OS=Bacillus cereus VD045 OX=1053225 GN=IIE_03720 PE=4 SV=1
J8MVH2/9-124         -            116 seed_msa             -            157    0.0038   16.1   0.0   1   1    0.0016    0.0052   15.6   0.0    33    70    11    50     6    60 0.87 tr|J8MVH2|J8MVH2_BACCE Group 2 hemoglobin yjbI OS=Bacillus cereus VD169 OX=1053241 GN=IKA_01021 PE=4 SV=1
J8NQZ5/9-124         -            116 seed_msa             -            157    0.0038   16.1   0.0   1   1    0.0016    0.0052   15.6   0.0    33    70    11    50     6    60 0.87 tr|J8NQZ5|J8NQZ5_BACCE Group 2 hemoglobin yjbI OS=Bacillus cereus VD200 OX=1053244 GN=IKG_01061 PE=4 SV=1
R8HBE4/9-124         -            116 seed_msa             -            157    0.0038   16.1   0.0   1   1    0.0016    0.0052   15.6   0.0    33    70    11    50     6    60 0.87 tr|R8HBE4|R8HBE4_BACCE Group 2 hemoglobin yjbI OS=Bacillus cereus VD196 OX=1053243 GN=IKE_00187 PE=4 SV=1
A0A1J6W4J5/9-123     -            115 seed_msa             -            157    0.0039   16.1   0.0   1   1    0.0019     0.006   15.4   0.0    29    70     6    49     3    52 0.87 tr|A0A1J6W4J5|A0A1J6W4J5_9BACI Globin OS=Bacillus aquimaris OX=189382 GN=BHE18_07710 PE=4 SV=1
J9HY90/2-112         -            111 seed_msa             -            157    0.0039   16.1   0.2   1   1    0.0017    0.0055   15.6   0.2    29    73     9    52     7    69 0.83 tr|J9HY90|J9HY90_9SPIT Group 1 truncated hemoglobin OS=Oxytricha trifallax OX=1172189 GN=OXYTRI_14363 PE=3 SV=1
A0A1A2E5Y5/4-115     -            112 seed_msa             -            157    0.0039   16.1   0.0   1   1    0.0013    0.0042   15.9   0.0    30    74     9    52     7   106 0.80 tr|A0A1A2E5Y5|A0A1A2E5Y5_MYCSD Group 1 truncated hemoglobin OS=Mycolicibacter sinensis (strain JDM601) OX=875328 GN=A5771_18420 PE=3 SV=1
A0A1A2IXB6/13-125    -            113 seed_msa             -            157    0.0039   16.0   0.0   1   1    0.0024    0.0078   15.1   0.0    30    74    10    53     8   107 0.80 tr|A0A1A2IXB6|A0A1A2IXB6_9MYCO Group 1 truncated hemoglobin OS=Mycobacterium sp. E3339 OX=1834146 GN=A5702_09120 PE=3 SV=1
A0A1H3PIU8/10-124    -            115 seed_msa             -            157    0.0039   16.0   0.0   1   1    0.0017    0.0054   15.6   0.0    26    74     3    49     1    59 0.77 tr|A0A1H3PIU8|A0A1H3PIU8_9BACI Hemoglobin OS=Bacillus caseinilyticus OX=1503961 GN=SAMN05421736_10546 PE=4 SV=1
K9XN27/5-117         -            113 seed_msa             -            157    0.0039   16.0   0.1   1   1    0.0075     0.024   13.5   0.0    29    65     9    46     7    54 0.82 tr|K9XN27|K9XN27_9CHRO Group 1 truncated hemoglobin OS=Gloeocapsa sp. PCC 7428 OX=1173026 GN=Glo7428_4626 PE=3 SV=1
A0A0D1NF62/9-124     -            116 seed_msa             -            157    0.0039   16.0   0.0   1   1    0.0016    0.0052   15.6   0.0    33    70    11    50     6    60 0.87 tr|A0A0D1NF62|A0A0D1NF62_BACTU Contig0103, whole genome shotgun sequence OS=Bacillus thuringiensis Sbt003 OX=1235825 GN=C797_28683 PE=4 SV=1
A0A160H9V6/9-124     -            116 seed_msa             -            157    0.0039   16.0   0.0   1   1    0.0016    0.0052   15.6   0.0    33    70    11    50     6    60 0.87 tr|A0A160H9V6|A0A160H9V6_BACCE Globin OS=Bacillus cereus OX=1396 GN=CJ306_06400 PE=4 SV=1
C3E0E6/9-124         -            116 seed_msa             -            157    0.0039   16.0   0.0   1   1    0.0016    0.0052   15.6   0.0    33    70    11    50     6    60 0.87 tr|C3E0E6|C3E0E6_BACTU Globin OS=Bacillus thuringiensis serovar pakistani str. T13001 OX=527027 GN=bthur0005_10910 PE=4 SV=1
J8L7Y3/9-124         -            116 seed_msa             -            157    0.0039   16.0   0.0   1   1    0.0016    0.0052   15.6   0.0    33    70    11    50     6    60 0.87 tr|J8L7Y3|J8L7Y3_BACCE Group 2 hemoglobin yjbI OS=Bacillus cereus VD154 OX=1053238 GN=IK5_02685 PE=4 SV=1
M0MTB5/13-125        -            113 seed_msa             -            157    0.0039   16.0   0.0   1   1     0.004     0.013   14.3   0.0    30    79    10    58     8    69 0.82 tr|M0MTB5|M0MTB5_9EURY Globin OS=Halococcus salifodinae DSM 8989 OX=1227456 GN=C450_19151 PE=4 SV=1
A0A0S6UJS5/9-129     -            121 seed_msa             -            157     0.004   16.0   0.0   1   1    0.0026    0.0083   15.0   0.0    30    76    10    57     8    64 0.86 tr|A0A0S6UJS5|A0A0S6UJS5_9BRAD Hemoglobin-like protein HbO OS=Bradyrhizobium sp. DOA9 OX=1126627 GN=BDOA9_0115740 PE=4 SV=1
K6YSX2/24-135        -            112 seed_msa             -            157     0.004   16.0   0.0   1   1    0.0018    0.0059   15.5   0.0    29    77     8    55     5    67 0.89 tr|K6YSX2|K6YSX2_9ALTE Hemoglobin OS=Paraglaciecola arctica BSs20135 OX=493475 GN=glbN PE=4 SV=1
V6LZ10/6-123         -            118 seed_msa             -            157     0.004   16.0   0.0   1   1    0.0018    0.0058   15.5   0.0    32    77    12    55     8    63 0.83 tr|V6LZ10|V6LZ10_9BACL Globin OS=Brevibacillus panacihumi W25 OX=1408254 GN=T458_24900 PE=4 SV=1
A0A0Q9TX83/3-111     -            109 seed_msa             -            157     0.004   16.0   0.0   1   1    0.0019    0.0062   15.4   0.0    30    74     9    51     6    61 0.73 tr|A0A0Q9TX83|A0A0Q9TX83_9BACL Globin OS=Paenibacillus sp. Soil787 OX=1736411 GN=ASG93_04230 PE=4 SV=1
I0RVH3/14-126        -            113 seed_msa             -            157     0.004   16.0   0.0   1   1    0.0029    0.0094   14.8   0.0    30    77    10    56     8   109 0.79 tr|I0RVH3|I0RVH3_MYCXE Group 1 truncated hemoglobin OS=Mycobacterium xenopi RIVM700367 OX=1150591 GN=MXEN_07541 PE=3 SV=1
A0A158KLE3/28-140    -            113 seed_msa             -            157     0.004   16.0   0.0   1   1    0.0016    0.0052   15.6   0.0    33    77    13    56     9    91 0.87 tr|A0A158KLE3|A0A158KLE3_9BURK Group 1 truncated hemoglobin GlbN OS=Caballeronia choica OX=326476 GN=glbN PE=4 SV=1
A0A1Z5HC14/8-120     -            113 seed_msa             -            157     0.004   16.0   0.1   1   1    0.0017    0.0056   15.5   0.1    29    66     9    49     7    97 0.83 tr|A0A1Z5HC14|A0A1Z5HC14_9GAMM Group 1 truncated hemoglobin OS=Bathymodiolus platifrons methanotrophic gill symbiont OX=113268 GN=bplSymb_SCF04203P002 PE=3 SV=1
A0A1C3MYY2/12-107    -             96 seed_msa             -            157     0.004   16.0   0.0   1   1    0.0031      0.01   14.7   0.0    30    63     9    42     7    92 0.78 tr|A0A1C3MYY2|A0A1C3MYY2_9ACTN Group 1 truncated hemoglobin OS=Micromonospora krabiensis OX=307121 GN=GA0070620_1019 PE=3 SV=1
A0A1A0TY13/14-125    -            112 seed_msa             -            157     0.004   16.0   0.0   1   1    0.0023    0.0075   15.1   0.0    30    73     9    51     7   106 0.85 tr|A0A1A0TY13|A0A1A0TY13_9MYCO Group 1 truncated hemoglobin OS=Mycobacterium sp. 852014-50255_SCH5639931 OX=1834112 GN=A5758_23510 PE=3 SV=1
A0A1X1ZX20/14-126    -            113 seed_msa             -            157    0.0041   16.0   0.0   1   1    0.0037     0.012   14.5   0.0    30    77    10    56     8   109 0.75 tr|A0A1X1ZX20|A0A1X1ZX20_9MYCO Group 1 truncated hemoglobin OS=Mycobacterium palustre OX=153971 GN=AWC19_26405 PE=3 SV=1
A4TAL9/2-114         -            113 seed_msa             -            157    0.0041   16.0   0.0   1   1    0.0017    0.0056   15.5   0.0    29    77     9    56     7    96 0.83 tr|A4TAL9|A4TAL9_MYCGI Group 1 truncated hemoglobin OS=Mycolicibacterium gilvum (strain PYR-GCK) OX=350054 GN=Mflv_3264 PE=3 SV=1
E6TK79/2-114         -            113 seed_msa             -            157    0.0041   16.0   0.0   1   1    0.0017    0.0056   15.5   0.0    29    77     9    56     7    96 0.83 tr|E6TK79|E6TK79_MYCSR Group 1 truncated hemoglobin OS=Mycolicibacterium gilvum (strain DSM 45189 / LMG 24558 / Spyr1) OX=278137 GN=Mspyr1_25920 PE=3 SV=1
A0A1X9NB31/3-116     -            114 seed_msa             -            157    0.0041   16.0   0.0   1   1    0.0021    0.0067   15.3   0.0    29   120     9    95     7   110 0.76 tr|A0A1X9NB31|A0A1X9NB31_9GAMM Group 1 truncated hemoglobin OS=Oceanicoccus sagamiensis OX=716816 GN=BST96_05620 PE=3 SV=1
A0A1X2LWS5/7-124     -            118 seed_msa             -            157    0.0041   16.0   0.0   1   1    0.0023    0.0075   15.1   0.0    32    70    12    53     8    55 0.90 tr|A0A1X2LWS5|A0A1X2LWS5_9MYCO Uncharacterized protein OS=Mycobacterium decipiens OX=1430326 GN=B8W66_07800 PE=4 SV=1
E6QSU8/4-118         -            115 seed_msa             -            157    0.0041   16.0   0.0   1   1    0.0016    0.0052   15.6   0.0    29   116     9    94     7   106 0.82 tr|E6QSU8|E6QSU8_9ZZZZ Cyanoglobin (Hemoglobin) (Hb) OS=mine drainage metagenome OX=410659 GN=glbN PE=4 SV=1
A0A2A4UIQ6/17-122    -            106 seed_msa             -            157    0.0041   16.0   0.0   1   1    0.0015     0.005   15.7   0.0    29   101     7    82     4    96 0.90 tr|A0A2A4UIQ6|A0A2A4UIQ6_9GAMM Globin OS=Moraxellaceae bacterium OX=1889775 GN=COB51_08905 PE=4 SV=1
A0A1A1W8Q6/13-125    -            113 seed_msa             -            157    0.0042   16.0   0.0   1   1    0.0032      0.01   14.7   0.0    30    76    10    55     8   109 0.77 tr|A0A1A1W8Q6|A0A1A1W8Q6_9MYCO Group 1 truncated hemoglobin OS=Mycobacterium sp. ACS4054 OX=1834119 GN=A5730_22405 PE=3 SV=1
A0A1N7Q9S4/7-126     -            120 seed_msa             -            157    0.0042   15.9   0.0   1   1    0.0022    0.0071   15.2   0.0    30    77    10    57     8    70 0.90 tr|A0A1N7Q9S4|A0A1N7Q9S4_9BACL Hemoglobin OS=Kroppenstedtia eburnea OX=714067 GN=SAMN05421790_12217 PE=4 SV=1
B2HQ71/14-126        -            113 seed_msa             -            157    0.0042   15.9   0.0   1   1    0.0019    0.0062   15.4   0.0    30    73    10    52     8   107 0.86 tr|B2HQ71|B2HQ71_MYCMM Group 1 truncated hemoglobin OS=Mycobacterium marinum (strain ATCC BAA-535 / M) OX=216594 GN=glbN PE=3 SV=1
A0A1L8I9D6/8-123     -            116 seed_msa             -            157    0.0042   15.9   0.0   1   1    0.0019    0.0062   15.4   0.0    30    79     9    58     7    67 0.85 tr|A0A1L8I9D6|A0A1L8I9D6_9BACI Globin OS=Bacillaceae bacterium G1 OX=1836462 GN=A6D91_06355 PE=4 SV=1
F5SFV7/15-134        -            120 seed_msa             -            157    0.0042   15.9   0.0   1   1    0.0022    0.0071   15.2   0.0    30    77    10    57     8    70 0.90 tr|F5SFV7|F5SFV7_9BACL Protozoan/cyanobacterial globin family protein OS=Desmospora sp. 8437 OX=997346 GN=HMPREF9374_1988 PE=4 SV=1
A0A2G4YSE9/3-118     -            116 seed_msa             -            157    0.0043   15.9   0.0   1   1    0.0018    0.0059   15.5   0.0    29    77     9    56     6    73 0.79 tr|A0A2G4YSE9|A0A2G4YSE9_9PROT Group 1 truncated hemoglobin OS=Emcibacter congregatus OX=2043170 GN=CRD36_07660 PE=3 SV=1
A0A1X0K8Y0/7-124     -            118 seed_msa             -            157    0.0043   15.9   0.0   1   1    0.0026    0.0083   15.0   0.0    31    70    11    53     8    55 0.90 tr|A0A1X0K8Y0|A0A1X0K8Y0_9MYCO Uncharacterized protein OS=Mycobacterium shinjukuense OX=398694 GN=BST45_02650 PE=4 SV=1
A0A2E7IQH3/3-115     -            113 seed_msa             -            157    0.0043   15.9   0.0   1   1    0.0034     0.011   14.6   0.0    29   121     9    96     7   111 0.75 tr|A0A2E7IQH3|A0A2E7IQH3_9GAMM Group 1 truncated hemoglobin OS=Spongiibacteraceae bacterium OX=2026793 GN=CMN85_13655 PE=3 SV=1
A0A1J5T8F0/36-145    -            110 seed_msa             -            157    0.0043   15.9   0.0   1   1    0.0016    0.0053   15.6   0.0    29   116     9    94     5   100 0.80 tr|A0A1J5T8F0|A0A1J5T8F0_9ZZZZ Group 1 truncated hemoglobin GlbN OS=mine drainage metagenome OX=410659 GN=glbN_2 PE=4 SV=1
A0A1D8K8W4/3-118     -            116 seed_msa             -            157    0.0044   15.9   0.0   1   1     0.002    0.0064   15.3   0.0    30    78    10    57     7    66 0.89 tr|A0A1D8K8W4|A0A1D8K8W4_9GAMM Group 1 truncated hemoglobin OS=Acidihalobacter prosperus OX=160660 GN=BJI67_10265 PE=3 SV=1
A0A1I7GEF0/6-123     -            118 seed_msa             -            157    0.0044   15.9   0.0   1   1    0.0018    0.0059   15.5   0.0    30   120    10    98     7   116 0.83 tr|A0A1I7GEF0|A0A1I7GEF0_9BACL Hemoglobin OS=Alicyclobacillus macrosporangiidus OX=392015 GN=SAMN05421543_102158 PE=4 SV=1
A0A0Q3T7X4/7-106     -            100 seed_msa             -            157    0.0044   15.9   0.0   1   1    0.0018    0.0059   15.5   0.0    30    77    10    55     8    63 0.80 tr|A0A0Q3T7X4|A0A0Q3T7X4_9BACI Globin OS=Bacillus solani OX=1637975 GN=AN957_14230 PE=4 SV=1
A0A0G3BPN5/3-108     -            106 seed_msa             -            157    0.0044   15.9   0.0   1   1    0.0021    0.0069   15.2   0.0    29    67     9    50     7    54 0.85 tr|A0A0G3BPN5|A0A0G3BPN5_9BURK Group 1 truncated hemoglobin OS=[Polyangium] brachysporum OX=413882 GN=glbN PE=3 SV=1
A0A1C4XV80/12-108    -             97 seed_msa             -            157    0.0045   15.8   0.0   1   1    0.0033     0.011   14.6   0.0    30    67     9    45     7    92 0.67 tr|A0A1C4XV80|A0A1C4XV80_MICVI Group 1 truncated hemoglobin OS=Micromonospora viridifaciens OX=1881 GN=GA0074695_3636 PE=3 SV=1
A0A1B9CDR9/14-126    -            113 seed_msa             -            157    0.0045   15.8   0.0   1   1    0.0028    0.0093   14.8   0.0    30    74    10    53     8   107 0.82 tr|A0A1B9CDR9|A0A1B9CDR9_MYCIT Group 1 truncated hemoglobin OS=Mycobacterium intracellulare subsp. yongonense OX=1203599 GN=A5689_14905 PE=3 SV=1
A0A220XX83/14-126    -            113 seed_msa             -            157    0.0045   15.8   0.0   1   1    0.0028    0.0093   14.8   0.0    30    74    10    53     8   107 0.82 tr|A0A220XX83|A0A220XX83_9MYCO Group 1 truncated hemoglobin OS=Mycobacterium chimaera OX=222805 GN=CKJ58_14940 PE=3 SV=1
A0A220YE89/14-126    -            113 seed_msa             -            157    0.0045   15.8   0.0   1   1    0.0028    0.0093   14.8   0.0    30    74    10    53     8   107 0.82 tr|A0A220YE89|A0A220YE89_9MYCO Group 1 truncated hemoglobin OS=Mycobacterium chimaera OX=222805 GN=BWK49_17595 PE=3 SV=1
I2AFD7/14-126        -            113 seed_msa             -            157    0.0045   15.8   0.0   1   1    0.0028    0.0093   14.8   0.0    30    74    10    53     8   107 0.82 tr|I2AFD7|I2AFD7_9MYCO Group 1 truncated hemoglobin OS=Mycobacterium sp. MOTT36Y OX=1168287 GN=W7S_15240 PE=3 SV=1
J9WFZ6/14-126        -            113 seed_msa             -            157    0.0045   15.8   0.0   1   1    0.0028    0.0093   14.8   0.0    30    74    10    53     8   107 0.82 tr|J9WFZ6|J9WFZ6_MYCIP Group 1 truncated hemoglobin OS=Mycobacterium indicus pranii (strain DSM 45239 / MTCC 9506) OX=1232724 GN=MIP_04542 PE=3 SV=1
A1T9D6/2-114         -            113 seed_msa             -            157    0.0045   15.8   0.0   1   1    0.0021    0.0069   15.2   0.0    31    88    11    65     9    96 0.78 tr|A1T9D6|A1T9D6_MYCVP Group 1 truncated hemoglobin OS=Mycolicibacterium vanbaalenii (strain DSM 7251 / JCM 13017 / NRRL B-24157 / PYR-1) OX=350058 GN=Mvan_2981 PE=3 SV=1
J4J7F1/17-137        -            121 seed_msa             -            157    0.0045   15.8   0.0   1   1    0.0035     0.011   14.5   0.0    29    82     9    61     8    65 0.88 tr|J4J7F1|J4J7F1_9BURK Globin family protein 2 OS=Achromobacter marplatensis OX=470868 GN=QWC_14814 PE=4 SV=1
C5LQG6/117-215       -             99 seed_msa             -            157    0.0046   15.8   0.0   1   1    0.0016    0.0054   15.6   0.0    29    79     9    60     8    86 0.91 tr|C5LQG6|C5LQG6_PERM5 Uncharacterized protein OS=Perkinsus marinus (strain ATCC 50983 / TXsc) OX=423536 GN=Pmar_PMAR025109 PE=4 SV=1
A0A1I4QM54/9-129     -            121 seed_msa             -            157    0.0046   15.8   0.0   1   1    0.0026    0.0084   15.0   0.0    30    76    10    57     8    64 0.86 tr|A0A1I4QM54|A0A1I4QM54_9BRAD Hemoglobin OS=Bradyrhizobium sp. Rc3b OX=1855322 GN=SAMN05216573_101508 PE=4 SV=1
A0A250K6F1/8-123     -            116 seed_msa             -            157    0.0046   15.8   0.0   1   1    0.0017    0.0056   15.5   0.0    29    93     9    70     7    97 0.78 tr|A0A250K6F1|A0A250K6F1_9DELT Group 1 truncated hemoglobin OS=Myxococcus macrosporus DSM 14697 OX=1189310 GN=MYMAC_006613 PE=3 SV=1
F8C695/8-123         -            116 seed_msa             -            157    0.0046   15.8   0.0   1   1    0.0017    0.0056   15.5   0.0    29    93     9    70     7    97 0.78 tr|F8C695|F8C695_MYXFH Group 1 truncated hemoglobin OS=Myxococcus fulvus (strain ATCC BAA-855 / HW-1) OX=483219 GN=LILAB_11870 PE=3 SV=1
A0A1C6UNQ8/11-122    -            112 seed_msa             -            157    0.0046   15.8   0.0   1   1    0.0024    0.0079   15.1   0.0    29   103     8    77     6   107 0.69 tr|A0A1C6UNQ8|A0A1C6UNQ8_9ACTN Group 1 truncated hemoglobin OS=Micromonospora eburnea OX=227316 GN=GA0070604_3239 PE=3 SV=1
A0A100HZH4/14-126    -            113 seed_msa             -            157    0.0047   15.8   0.0   1   1     0.002    0.0064   15.3   0.0    30    73    10    52     8   106 0.87 tr|A0A100HZH4|A0A100HZH4_9MYCO Group 1 truncated hemoglobin OS=Mycobacterium pseudoshottsii JCM 15466 OX=1136880 GN=glbN PE=3 SV=1
A0PNY4/14-126        -            113 seed_msa             -            157    0.0047   15.8   0.0   1   1     0.002    0.0064   15.3   0.0    30    73    10    52     8   106 0.87 tr|A0PNY4|A0PNY4_MYCUA Group 1 truncated hemoglobin OS=Mycobacterium ulcerans (strain Agy99) OX=362242 GN=glbN PE=3 SV=1
L7V940/14-126        -            113 seed_msa             -            157    0.0047   15.8   0.0   1   1     0.002    0.0064   15.3   0.0    30    73    10    52     8   106 0.87 tr|L7V940|L7V940_MYCL1 Group 1 truncated hemoglobin OS=Mycobacterium liflandii (strain 128FXT) OX=459424 GN=glbN PE=3 SV=1
X8FD04/14-126        -            113 seed_msa             -            157    0.0047   15.8   0.0   1   1     0.002    0.0064   15.3   0.0    30    73    10    52     8   106 0.87 tr|X8FD04|X8FD04_MYCUL Group 1 truncated hemoglobin OS=Mycobacterium ulcerans str. Harvey OX=1299332 GN=glbN PE=3 SV=1
X8AVK5/14-126        -            113 seed_msa             -            157    0.0047   15.8   0.0   1   1    0.0031      0.01   14.7   0.0    30    77    10    56     8   109 0.81 tr|X8AVK5|X8AVK5_MYCXE Group 1 truncated hemoglobin OS=Mycobacterium xenopi 3993 OX=1299333 GN=glbN PE=3 SV=1
M0ML05/13-125        -            113 seed_msa             -            157    0.0047   15.8   0.0   1   1    0.0043     0.014   14.2   0.0    30    79    10    58     8    67 0.82 tr|M0ML05|M0ML05_9EURY Globin OS=Halococcus saccharolyticus DSM 5350 OX=1227455 GN=C449_04992 PE=4 SV=1
A0A257CNG1/10-130    -            121 seed_msa             -            157    0.0047   15.8   0.0   1   1    0.0016    0.0051   15.7   0.0    30    84    10    63     8   115 0.84 tr|A0A257CNG1|A0A257CNG1_9BURK Globin OS=Burkholderiales bacterium PBB3 OX=2015565 GN=CFE43_16085 PE=4 SV=1
A0A1A1ZWG3/14-126    -            113 seed_msa             -            157    0.0047   15.8   0.0   1   1     0.003    0.0099   14.7   0.0    30    73    10    52     8   109 0.84 tr|A0A1A1ZWG3|A0A1A1ZWG3_9MYCO Group 1 truncated hemoglobin OS=Mycobacterium sp. 852002-50816_SCH5313054-b OX=1834092 GN=A5787_10090 PE=3 SV=1
A0A2J7TBV8/13-132    -            120 seed_msa             -            157    0.0048   15.8   0.0   1   1    0.0028    0.0093   14.8   0.0    31    74    10    54     7    66 0.90 tr|A0A2J7TBV8|A0A2J7TBV8_METSI Globin OS=Methylocella silvestris OX=199596 GN=CR492_19740 PE=4 SV=1
Q604N2/16-130        -            115 seed_msa             -            157    0.0048   15.8   0.0   1   1    0.0023    0.0074   15.1   0.0    29    77     9    56     7    95 0.77 tr|Q604N2|Q604N2_METCA Group 1 truncated hemoglobin OS=Methylococcus capsulatus (strain ATCC 33009 / NCIMB 11132 / Bath) OX=243233 GN=MCA2507 PE=3 SV=1
A0A1X0B012/14-126    -            113 seed_msa             -            157    0.0048   15.8   0.0   1   1    0.0027    0.0087   14.9   0.0    30   115    10    90     8   107 0.77 tr|A0A1X0B012|A0A1X0B012_9MYCO Group 1 truncated hemoglobin OS=Mycobacterium branderi OX=43348 GN=BST20_18860 PE=3 SV=1
A0A1I1WIE9/3-109     -            107 seed_msa             -            157    0.0048   15.8   0.0   1   1    0.0017    0.0054   15.6   0.0    31    86    11    63     8   104 0.74 tr|A0A1I1WIE9|A0A1I1WIE9_9DELT Group 1 truncated hemoglobin OS=Nannocystis exedens OX=54 GN=SAMN02745121_02378 PE=3 SV=1
W5TCK6/22-134        -            113 seed_msa             -            157    0.0048   15.8   0.0   1   1    0.0035     0.011   14.5   0.0    30    76    10    55     8   100 0.77 tr|W5TCK6|W5TCK6_9NOCA Group 1 truncated hemoglobin OS=Nocardia nova SH22a OX=1415166 GN=NONO_c22790 PE=3 SV=1
A0A1X2L0D6/14-126    -            113 seed_msa             -            157    0.0048   15.7   0.0   1   1     0.003    0.0099   14.7   0.0    30    73    10    52     8   109 0.84 tr|A0A1X2L0D6|A0A1X2L0D6_9MYCO Group 1 truncated hemoglobin OS=Mycobacterium paraintracellulare OX=1138383 GN=B8W68_09260 PE=3 SV=1
H8IRG4/14-126        -            113 seed_msa             -            157    0.0048   15.7   0.0   1   1     0.003    0.0099   14.7   0.0    30    73    10    52     8   109 0.84 tr|H8IRG4|H8IRG4_MYCIA Group 1 truncated hemoglobin OS=Mycobacterium intracellulare (strain ATCC 13950 / DSM 43223 / JCM 6384 / NCTC 13025 / 3600) OX=487521 GN=OCU_30660 PE=3 SV=1
X8AKE5/14-126        -            113 seed_msa             -            157    0.0048   15.7   0.0   1   1     0.003    0.0099   14.7   0.0    30    73    10    52     8   109 0.84 tr|X8AKE5|X8AKE5_MYCIT Group 1 truncated hemoglobin OS=Mycobacterium intracellulare OX=1767 GN=glbN PE=3 SV=1
X8CIA8/14-126        -            113 seed_msa             -            157    0.0048   15.7   0.0   1   1     0.003    0.0099   14.7   0.0    30    73    10    52     8   109 0.84 tr|X8CIA8|X8CIA8_MYCIT Group 1 truncated hemoglobin OS=Mycobacterium intracellulare 1956 OX=1299331 GN=glbN PE=3 SV=1
A0A2E3D4L0/3-118     -            116 seed_msa             -            157    0.0048   15.7   0.0   1   1    0.0017    0.0057   15.5   0.0    29    71     9    50     7   111 0.85 tr|A0A2E3D4L0|A0A2E3D4L0_9GAMM Group 1 truncated hemoglobin OS=Pseudomonadales bacterium OX=1891229 GN=CMK89_20845 PE=3 SV=1
A0A1V8M1R7/8-124     -            117 seed_msa             -            157    0.0049   15.7   0.0   1   1    0.0018    0.0058   15.5   0.0    29   105     9    83     7   112 0.77 tr|A0A1V8M1R7|A0A1V8M1R7_9GAMM Group 1 truncated hemoglobin OS=Methyloprofundus sedimenti OX=1420851 GN=AU255_14680 PE=3 SV=1
A0A254VUR3/8-120     -            113 seed_msa             -            157    0.0049   15.7   0.0   1   1    0.0022    0.0071   15.2   0.0    30   124    10    99     8   110 0.80 tr|A0A254VUR3|A0A254VUR3_9CYAN Uncharacterized protein (Fragment) OS=cyanobacterium TDX16 OX=1503470 GN=B7486_77245 PE=4 SV=1
A0A1N7CHR7/13-131    -            119 seed_msa             -            157    0.0049   15.7   0.0   1   1    0.0018    0.0059   15.5   0.0    29    77     7    56     6    84 0.89 tr|A0A1N7CHR7|A0A1N7CHR7_9BURK Hemoglobin OS=Pseudacidovorax sp. RU35E OX=1907403 GN=SAMN05880557_11520 PE=4 SV=1
A0A0Q6L651/9-123     -            115 seed_msa             -            157     0.005   15.7   0.0   1   1    0.0025    0.0081   15.0   0.0    29    64     6    47     3    51 0.76 tr|A0A0Q6L651|A0A0Q6L651_9BACI Globin OS=Bacillus sp. Leaf406 OX=1736368 GN=ASG66_13455 PE=4 SV=1
Q22CE3/270-382       -            113 seed_msa             -            157     0.005   15.7   0.1   1   1    0.0029    0.0096   14.8   0.1    29    60     9    37     7    74 0.82 tr|Q22CE3|Q22CE3_TETTS Protozoan/cyanobacterial globin family protein OS=Tetrahymena thermophila (strain SB210) OX=312017 GN=TTHERM_01044760 PE=4 SV=2
A0A2A4YXP0/7-123     -            117 seed_msa             -            157     0.005   15.7   0.1   1   1    0.0022    0.0072   15.2   0.1    29   111     9    90     7   100 0.71 tr|A0A2A4YXP0|A0A2A4YXP0_9PROT Group 1 truncated hemoglobin OS=Alphaproteobacteria bacterium OX=1913988 GN=COB14_06360 PE=3 SV=1
A0A1A2NQJ5/7-124     -            118 seed_msa             -            157    0.0051   15.7   0.0   1   1    0.0024    0.0077   15.1   0.0    30    70    10    53     8    62 0.90 tr|A0A1A2NQJ5|A0A1A2NQJ5_9MYCO Uncharacterized protein OS=Mycobacterium sp. E1715 OX=1856863 GN=A9X03_20350 PE=4 SV=1
A0A1C4W3J5/12-110    -             99 seed_msa             -            157    0.0051   15.7   0.0   1   1     0.004     0.013   14.3   0.0    29    63     8    42     6    52 0.86 tr|A0A1C4W3J5|A0A1C4W3J5_9ACTN Group 1 truncated hemoglobin OS=Micromonospora marina OX=307120 GN=GA0070215_104207 PE=3 SV=1
C4L3Q6/2-106         -            105 seed_msa             -            157    0.0051   15.7   0.0   1   1    0.0018    0.0059   15.5   0.0    31    95    11    73     7    97 0.76 tr|C4L3Q6|C4L3Q6_EXISA Globin OS=Exiguobacterium sp. (strain ATCC BAA-1283 / AT1b) OX=360911 GN=EAT1b_2480 PE=4 SV=1
A0A221MFX3/6-123     -            118 seed_msa             -            157    0.0051   15.7   0.0   1   1    0.0022    0.0071   15.2   0.0    31    74    11    52     9    72 0.78 tr|A0A221MFX3|A0A221MFX3_9BACI Globin OS=Virgibacillus necropolis OX=163877 GN=CFK40_16545 PE=4 SV=1
A0A2I7W6V1/14-126    -            113 seed_msa             -            157    0.0051   15.7   0.0   1   1    0.0027    0.0089   14.9   0.0    30    73    10    52     8   103 0.83 tr|A0A2I7W6V1|A0A2I7W6V1_MYCTX Group 1 truncated hemoglobin OS=Mycobacterium tuberculosis OX=1773 GN=glbN PE=3 SV=1
D5P2P0/15-126        -            112 seed_msa             -            157    0.0051   15.7   0.0   1   1    0.0021    0.0069   15.2   0.0    30    72     9    50     7   105 0.87 tr|D5P2P0|D5P2P0_9MYCO Group 1 truncated hemoglobin OS=Mycobacterium parascrofulaceum ATCC BAA-614 OX=525368 GN=glbN PE=3 SV=1
I4BTC8/3-115         -            113 seed_msa             -            157    0.0051   15.7   0.0   1   1    0.0032      0.01   14.7   0.0    30    77    10    56     8    59 0.86 tr|I4BTC8|I4BTC8_MYCCN Group 1 truncated hemoglobin OS=Mycobacterium chubuense (strain NBB4) OX=710421 GN=Mycch_5927 PE=3 SV=1
A0A081EV33/5-117     -            113 seed_msa             -            157    0.0052   15.6   0.0   1   1    0.0032      0.01   14.7   0.0    29    67     9    46     7    61 0.76 tr|A0A081EV33|A0A081EV33_9EURY Globin OS=Halorubrum saccharovorum OX=2248 GN=FK85_04445 PE=4 SV=1
Q08A21/23-143        -            121 seed_msa             -            157    0.0052   15.6   0.2   1   1    0.0033     0.011   14.6   0.0    30    72    10    53     8    65 0.90 tr|Q08A21|Q08A21_SHEFN Globin OS=Shewanella frigidimarina (strain NCIMB 400) OX=318167 GN=Sfri_0031 PE=4 SV=1
A0A1V3PYS1/31-138    -            108 seed_msa             -            157    0.0052   15.6   0.0   1   1    0.0021    0.0069   15.2   0.0    30   111    10    86     7   104 0.78 tr|A0A1V3PYS1|A0A1V3PYS1_9GAMM Uncharacterized protein OS=Rhodanobacter sp. C03 OX=1945858 GN=B0E48_08510 PE=4 SV=1
A0A1C3UV29/9-129     -            121 seed_msa             -            157    0.0052   15.6   0.0   1   1     0.003    0.0099   14.7   0.0    30    76    10    57     8    63 0.86 tr|A0A1C3UV29|A0A1C3UV29_9BRAD Hemoglobin OS=Bradyrhizobium yuanmingense OX=108015 GN=GA0061099_1002730 PE=4 SV=1
A0A2G5WY47/9-123     -            115 seed_msa             -            157    0.0052   15.6   0.0   1   1    0.0019    0.0061   15.4   0.0    27    70     4    49     1    68 0.87 tr|A0A2G5WY47|A0A2G5WY47_9BACL Globin OS=Sporosarcina sp. P16b OX=2048261 GN=CSV77_16275 PE=4 SV=1
A0A1A2XLA1/15-126    -            112 seed_msa             -            157    0.0052   15.6   0.0   1   1    0.0028    0.0093   14.8   0.0    30    73     9    51     7   106 0.83 tr|A0A1A2XLA1|A0A1A2XLA1_9MYCO Group 1 truncated hemoglobin OS=Mycobacterium sp. E1386 OX=1834126 GN=A5709_08245 PE=3 SV=1
A0A1C6RPU2/2-114     -            113 seed_msa             -            157    0.0052   15.6   0.1   1   1    0.0025    0.0082   15.0   0.1    29    73     9    52     8    92 0.83 tr|A0A1C6RPU2|A0A1C6RPU2_9ACTN Group 1 truncated hemoglobin OS=Micromonospora pallida OX=145854 GN=GA0074692_0570 PE=3 SV=1
I0GAL9/9-129         -            121 seed_msa             -            157    0.0052   15.6   0.0   1   1    0.0025     0.008   15.0   0.0    32    73    12    54     9    61 0.93 tr|I0GAL9|I0GAL9_9BRAD Putative hemoglobin protein OS=Bradyrhizobium sp. S23321 OX=335659 GN=S23_46120 PE=4 SV=1
A0A1H8ARX5/8-121     -            114 seed_msa             -            157    0.0053   15.6   0.2   1   1    0.0026    0.0086   14.9   0.2    29    71     9    50     7    95 0.91 tr|A0A1H8ARX5|A0A1H8ARX5_9BACL Group 1 truncated hemoglobin OS=Lihuaxuella thermophila OX=1173111 GN=SAMN05444955_101286 PE=3 SV=1
A0A1H7A654/9-122     -            114 seed_msa             -            157    0.0053   15.6   0.0   1   1    0.0026    0.0083   15.0   0.0    30    73     7    48     1    61 0.74 tr|A0A1H7A654|A0A1H7A654_9BACL Hemoglobin OS=Bhargavaea ginsengi OX=426757 GN=SAMN04488127_2270 PE=4 SV=1
A0A1H7Q3G7/2-115     -            114 seed_msa             -            157    0.0053   15.6   0.7   1   1    0.0032      0.01   14.7   0.7    29   123     9    98     7   110 0.81 tr|A0A1H7Q3G7|A0A1H7Q3G7_9PSED Group 1 truncated hemoglobin OS=Pseudomonas hussainii OX=1429083 GN=SAMN05216214_11213 PE=3 SV=1
X7YQT3/24-78         -             55 seed_msa             -            157    0.0053   15.6   0.0   1   1     0.002    0.0064   15.3   0.0    30    70    10    49     8    54 0.89 tr|X7YQT3|X7YQT3_MYCXE Group 1 hemoglobin glbN OS=Mycobacterium xenopi 4042 OX=1299334 GN=I553_9895 PE=4 SV=1
A0A1Q1FFY3/5-117     -            113 seed_msa             -            157    0.0053   15.6   0.1   1   1    0.0023    0.0075   15.1   0.1    31    94    11    76     8   108 0.77 tr|A0A1Q1FFY3|A0A1Q1FFY3_9EURY Group 1 truncated hemoglobin OS=Halorientalis sp. IM1011 OX=1932360 GN=BV210_02840 PE=4 SV=1
A0A210RWT4/6-126     -            121 seed_msa             -            157    0.0053   15.6   0.0   1   1     0.003    0.0097   14.8   0.0    30    71    10    56     8   117 0.72 tr|A0A210RWT4|A0A210RWT4_9BURK Hemoglobin-like protein OS=Polynucleobacter hirudinilacicola OX=1743166 GN=B6A14_06630 PE=4 SV=1
A0A1H6CC49/8-120     -            113 seed_msa             -            157    0.0053   15.6   0.0   1   1    0.0029    0.0095   14.8   0.0    30   117    10    92     8   109 0.84 tr|A0A1H6CC49|A0A1H6CC49_9ACTN Group 1 truncated hemoglobin OS=Actinomadura echinospora OX=1992 GN=SAMN04489712_109162 PE=3 SV=1
A0A1V3NKR7/2-115     -            114 seed_msa             -            157    0.0054   15.6   0.0   1   1    0.0021    0.0069   15.2   0.0    29    77     9    56     7    71 0.89 tr|A0A1V3NKR7|A0A1V3NKR7_9GAMM Group 1 truncated hemoglobin OS=Thioalkalivibrio denitrificans OX=108003 GN=B1C78_05950 PE=3 SV=1
A0A1Y5P5U2/5-117     -            113 seed_msa             -            157    0.0054   15.6   0.0   1   1    0.0026    0.0084   15.0   0.0    29    72     9    51     7   107 0.85 tr|A0A1Y5P5U2|A0A1Y5P5U2_9MYCO Group 1 truncated hemoglobin OS=uncultured Mycobacterium sp. OX=171292 GN=glbN PE=3 SV=1
W7ZJB6/11-124        -            114 seed_msa             -            157    0.0054   15.6   0.1   1   1    0.0024     0.008   15.0   0.1    30    68     7    47     5    66 0.75 tr|W7ZJB6|W7ZJB6_9BACI Hemoglobin-like protein HbO OS=Bacillus sp. JCM 19046 OX=1460640 GN=JCM19046_1089 PE=4 SV=1
A0A0M0X980/7-106     -            100 seed_msa             -            157    0.0054   15.6   0.0   1   1    0.0022    0.0072   15.2   0.0    30    77    10    55     8    63 0.81 tr|A0A0M0X980|A0A0M0X980_9BACI Globin OS=Bacillus sp. FJAT-21945 OX=1581033 GN=AMS60_08960 PE=4 SV=1
A0A100Z9D1/3-115     -            113 seed_msa             -            157    0.0054   15.6   0.0   1   1    0.0019    0.0063   15.4   0.0    30    73    10    52     7   106 0.87 tr|A0A100Z9D1|A0A100Z9D1_9MYCO Group 1 truncated hemoglobin OS=Mycolicibacterium novocastrense OX=59813 GN=AU184_04205 PE=3 SV=1
A0A1A2S2X3/15-126    -            112 seed_msa             -            157    0.0054   15.6   0.0   1   1    0.0027    0.0087   14.9   0.0    30    72     9    50     7   106 0.87 tr|A0A1A2S2X3|A0A1A2S2X3_9MYCO Group 1 truncated hemoglobin OS=Mycobacterium colombiense OX=339268 GN=A5685_06170 PE=3 SV=1
A0A1H8H4Z7/5-116     -            112 seed_msa             -            157    0.0054   15.6   0.3   1   1    0.0037     0.012   14.5   0.3    29   122     8    96     6   109 0.79 tr|A0A1H8H4Z7|A0A1H8H4Z7_9BACL Group 1 truncated hemoglobin OS=Paenibacillus sp. OV219 OX=1884377 GN=SAMN05518847_103102 PE=3 SV=1
A0A101BRW8/3-115     -            113 seed_msa             -            157    0.0055   15.6   0.0   1   1    0.0024    0.0077   15.1   0.0    30    72    10    51     8   105 0.87 tr|A0A101BRW8|A0A101BRW8_9MYCO Group 1 truncated hemoglobin OS=Mycobacterium sp. GA-1199 OX=1772287 GN=AU198_18445 PE=3 SV=1
A7BTI1/31-147        -            117 seed_msa             -            157    0.0055   15.6   0.1   1   1    0.0025    0.0082   15.0   0.1    29   115     9   100     7   116 0.77 tr|A7BTI1|A7BTI1_9GAMM Globin OS=Beggiatoa sp. PS OX=422289 GN=BGP_1518 PE=4 SV=1
A0A2A8CMJ1/9-124     -            116 seed_msa             -            157    0.0055   15.6   0.0   1   1    0.0023    0.0075   15.1   0.0    33    70    11    50     6    60 0.89 tr|A0A2A8CMJ1|A0A2A8CMJ1_9BACI Globin OS=Bacillus wiedmannii OX=1890302 GN=CN627_07560 PE=4 SV=1
A0A1I4JIS0/6-126     -            121 seed_msa             -            157    0.0055   15.6   0.0   1   1    0.0027     0.009   14.9   0.0    29    77     9    58     7    65 0.87 tr|A0A1I4JIS0|A0A1I4JIS0_9GAMM Hemoglobin OS=Rugamonas rubra OX=758825 GN=SAMN02982985_01033 PE=4 SV=1
A0A165H022/9-122     -            114 seed_msa             -            157    0.0055   15.6   0.0   1   1    0.0023    0.0076   15.1   0.0    30    69     7    48     1    65 0.77 tr|A0A165H022|A0A165H022_9BACL Globin OS=Bhargavaea cecembensis OX=394098 GN=AV656_05355 PE=4 SV=1
A0A1A3HG69/15-126    -            112 seed_msa             -            157    0.0055   15.6   0.0   1   1    0.0028     0.009   14.9   0.0    30    71     9    49     7   106 0.88 tr|A0A1A3HG69|A0A1A3HG69_9MYCO Group 1 truncated hemoglobin OS=Mycobacterium colombiense OX=339268 GN=A5653_03685 PE=3 SV=1
A0A2G3JWF2/9-129     -            121 seed_msa             -            157    0.0056   15.5   0.0   1   1    0.0027     0.009   14.9   0.0    29    77     9    58     7    65 0.87 tr|A0A2G3JWF2|A0A2G3JWF2_9BURK Hemoglobin-like protein OS=Janthinobacterium sp. BJB412 OX=1871178 GN=CSQ96_04200 PE=4 SV=1
A0A2A6PMT8/9-129     -            121 seed_msa             -            157    0.0056   15.5   0.0   1   1    0.0027    0.0088   14.9   0.0    30    76    10    57     8   120 0.90 tr|A0A2A6PMT8|A0A2A6PMT8_9BRAD Globin OS=Bradyrhizobium sp. Y36 OX=2035447 GN=CO669_20195 PE=4 SV=1
A0A220MKS2/3-115     -            113 seed_msa             -            157    0.0056   15.5   0.3   1   1    0.0037     0.012   14.5   0.3    29   121     9    96     7   110 0.78 tr|A0A220MKS2|A0A220MKS2_9BACL Group 1 truncated hemoglobin OS=Brevibacillus formosus OX=54913 GN=BP422_18635 PE=3 SV=1
A0A150YIN1/9-123     -            115 seed_msa             -            157    0.0056   15.5   0.0   1   1    0.0024    0.0079   15.1   0.0    26    70     3    49     1    59 0.88 tr|A0A150YIN1|A0A150YIN1_9BACI Globin OS=[Bacillus] sp. KCTC 13219 OX=1811976 GN=A0U40_17700 PE=4 SV=1
A0A045HBT3/4-121     -            118 seed_msa             -            157    0.0057   15.5   0.0   1   1    0.0038     0.012   14.4   0.0    31    70    11    53     8    55 0.90 tr|A0A045HBT3|A0A045HBT3_MYCTX Globin OS=Mycobacterium tuberculosis OX=1773 GN=glbO PE=4 SV=1
A0A0H3LG00/7-124     -            118 seed_msa             -            157    0.0057   15.5   0.0   1   1    0.0038     0.012   14.4   0.0    31    70    11    53     8    55 0.90 tr|A0A0H3LG00|A0A0H3LG00_MYCTE Globin O OS=Mycobacterium tuberculosis (strain ATCC 35801 / TMC 107 / Erdman) OX=652616 GN=glbO PE=4 SV=1
A0A0H3M8R8/4-121     -            118 seed_msa             -            157    0.0057   15.5   0.0   1   1    0.0038     0.012   14.4   0.0    31    70    11    53     8    55 0.90 tr|A0A0H3M8R8|A0A0H3M8R8_MYCBP Possible globin (Oxygen-binding protein) glbO OS=Mycobacterium bovis (strain BCG / Pasteur 1173P2) OX=410289 GN=glbO PE=4 SV=1
A0A0Q3Z2L7/10-127    -            118 seed_msa             -            157    0.0057   15.5   0.0   1   1    0.0038     0.012   14.4   0.0    31    70    11    53     8    55 0.90 tr|A0A0Q3Z2L7|A0A0Q3Z2L7_MYCTX Hemoglobin GlbO OS=Mycobacterium tuberculosis OX=1773 GN=glbO PE=4 SV=1
A0A120J206/4-121     -            118 seed_msa             -            157    0.0057   15.5   0.0   1   1    0.0038     0.012   14.4   0.0    31    70    11    53     8    55 0.90 tr|A0A120J206|A0A120J206_MYCTX Hemoglobin GlbO OS=Mycobacterium tuberculosis variant africanum OX=33894 GN=RN09_3032 PE=4 SV=1
A5U5G6/4-121         -            118 seed_msa             -            157    0.0057   15.5   0.0   1   1    0.0038     0.012   14.4   0.0    31    70    11    53     8    55 0.90 tr|A5U5G6|A5U5G6_MYCTA Protozoan/cyanobacterial globin family protein OS=Mycobacterium tuberculosis (strain ATCC 25177 / H37Ra) OX=419947 GN=glbO PE=4 SV=1
G0TPF7/4-121         -            118 seed_msa             -            157    0.0057   15.5   0.0   1   1    0.0038     0.012   14.4   0.0    31    70    11    53     8    55 0.90 tr|G0TPF7|G0TPF7_MYCCP Putative globin (Oxygen-binding protein) GLBO OS=Mycobacterium canettii (strain CIPT 140010059) OX=1048245 GN=glbO PE=4 SV=1
R4MJ17/4-121         -            118 seed_msa             -            157    0.0057   15.5   0.0   1   1    0.0038     0.012   14.4   0.0    31    70    11    53     8    55 0.90 tr|R4MJ17|R4MJ17_MYCTX Uncharacterized protein OS=Mycobacterium tuberculosis CAS/NITR204 OX=1310114 GN=J113_17160 PE=4 SV=1
L8AJP8/3-107         -            105 seed_msa             -            157    0.0057   15.5   0.3   1   1    0.0022    0.0072   15.2   0.3    31    86    11    67     8    96 0.84 tr|L8AJP8|L8AJP8_BACIU Group 1 truncated hemoglobin OS=Bacillus subtilis BEST7613 OX=1204343 GN=glbN PE=3 SV=1
A0A095X3T6/18-138    -            121 seed_msa             -            157    0.0057   15.5   0.0   1   1    0.0034     0.011   14.6   0.0    29    82     9    61     8    66 0.88 tr|A0A095X3T6|A0A095X3T6_9BURK Hemoglobin-like protein OS=Achromobacter sp. RTa OX=1532557 GN=JL37_11730 PE=4 SV=1
A0A0A3HR43/9-122     -            114 seed_msa             -            157    0.0058   15.5   0.0   1   1    0.0025     0.008   15.0   0.0    26    70     3    49     1    54 0.88 tr|A0A0A3HR43|A0A0A3HR43_9BACI Globin OS=Lysinibacillus sinduriensis BLB-1 = JCM 15800 OX=1384057 GN=CD33_16835 PE=4 SV=1
A0A257MZ58/14-128    -            115 seed_msa             -            157    0.0058   15.5   0.0   1   1    0.0024    0.0079   15.0   0.0    29   116     9    94     7   111 0.78 tr|A0A257MZ58|A0A257MZ58_9GAMM Group 1 truncated hemoglobin OS=Methylococcaceae bacterium NSM2-1 OX=1917482 GN=CG441_1586 PE=3 SV=1
A0A0A2VAI8/7-124     -            118 seed_msa             -            157    0.0058   15.5   0.0   1   1    0.0026    0.0085   14.9   0.0    31    70    11    52     9    55 0.86 tr|A0A0A2VAI8|A0A0A2VAI8_9BACI Globin OS=Pontibacillus chungwhensis BH030062 OX=1385513 GN=N780_03250 PE=4 SV=1
A0A0A3XVM2/9-129     -            121 seed_msa             -            157    0.0058   15.5   0.0   1   1    0.0021    0.0069   15.2   0.0    30    77    10    58     8   119 0.90 tr|A0A0A3XVM2|A0A0A3XVM2_BRAJP Globin OS=Bradyrhizobium japonicum OX=375 GN=MA20_22495 PE=4 SV=1
A0A1G6P773/18-136    -            119 seed_msa             -            157    0.0058   15.5   0.0   1   1    0.0038     0.012   14.4   0.0    29    76     7    55     6    64 0.86 tr|A0A1G6P773|A0A1G6P773_9BURK Hemoglobin OS=Burkholderia sp. TNe-862 OX=416944 GN=SAMN05421548_11035 PE=4 SV=1
A0A0M7DJQ1/17-137    -            121 seed_msa             -            157    0.0059   15.5   0.0   1   1    0.0035     0.011   14.5   0.0    29    82     9    61     8    65 0.88 tr|A0A0M7DJQ1|A0A0M7DJQ1_9BURK Truncated BHb OS=Achromobacter sp. OX=134375 GN=yjbI PE=4 SV=1
A0A1A3DTY8/14-126    -            113 seed_msa             -            157    0.0059   15.5   0.0   1   1    0.0029    0.0095   14.8   0.0    30    72    10    51     8   107 0.86 tr|A0A1A3DTY8|A0A1A3DTY8_9MYCO Group 1 truncated hemoglobin OS=Mycobacterium sp. 1482292.6 OX=1834081 GN=A5624_05715 PE=3 SV=1
A0A1A3EV45/14-126    -            113 seed_msa             -            157    0.0059   15.5   0.0   1   1    0.0029    0.0095   14.8   0.0    30    72    10    51     8   107 0.86 tr|A0A1A3EV45|A0A1A3EV45_9MYCO Group 1 truncated hemoglobin OS=Mycobacterium sp. 1245801.1 OX=1834075 GN=A5622_02585 PE=3 SV=1
A0A1A3NBE4/14-126    -            113 seed_msa             -            157    0.0059   15.5   0.0   1   1    0.0029    0.0095   14.8   0.0    30    72    10    51     8   107 0.86 tr|A0A1A3NBE4|A0A1A3NBE4_9MYCO Group 1 truncated hemoglobin OS=Mycobacterium sp. 1245852.3 OX=1856860 GN=A9W96_07025 PE=3 SV=1
A0A2I7SPZ7/6-118     -            113 seed_msa             -            157    0.0059   15.5   0.5   1   1    0.0099     0.032   13.1   0.5    29   114     9    89     7   113 0.72 tr|A0A2I7SPZ7|A0A2I7SPZ7_LACSH Group 1 truncated hemoglobin OS=Laceyella sacchari OX=37482 GN=C1X05_03395 PE=3 SV=1
A0A1X0G278/15-126    -            112 seed_msa             -            157    0.0059   15.5   0.0   1   1    0.0028    0.0092   14.8   0.0    30    74     9    52     7   106 0.81 tr|A0A1X0G278|A0A1X0G278_9MYCO Group 1 truncated hemoglobin OS=Mycobacterium mantenii OX=560555 GN=BST30_06920 PE=3 SV=1
C1D0M8/12-128        -            117 seed_msa             -            157    0.0059   15.5   0.0   1   1     0.003    0.0097   14.8   0.0    30    82     9    61     3   114 0.69 tr|C1D0M8|C1D0M8_DEIDV Putative globin OS=Deinococcus deserti (strain VCD115 / DSM 17065 / LMG 22923) OX=546414 GN=Deide_05641 PE=4 SV=1
M0FJ16/5-117         -            113 seed_msa             -            157     0.006   15.4   0.0   1   1    0.0032     0.011   14.6   0.0    29    98     9    73     7   109 0.69 tr|M0FJ16|M0FJ16_9EURY Globin OS=Halorubrum hochstenium ATCC 700873 OX=1227481 GN=C467_05017 PE=4 SV=1
A0A1Y5H979/30-136    -            107 seed_msa             -            157     0.006   15.4   0.0   1   1    0.0021    0.0068   15.3   0.0    32   103    10    91     8   107 0.80 tr|A0A1Y5H979|A0A1Y5H979_OLEAN Globin OS=Oleispira antarctica OX=188908 GN=A9R00_12915 PE=4 SV=1
G5ZYB7/2-114         -            113 seed_msa             -            157     0.006   15.4   0.0   1   1    0.0028    0.0091   14.8   0.0    32    80    12    57     9   109 0.71 tr|G5ZYB7|G5ZYB7_9PROT Truncated hemoglobin OS=SAR116 cluster alpha proteobacterium HIMB100 OX=909943 GN=HIMB100_00010220 PE=4 SV=1
K7AYC0/23-135        -            113 seed_msa             -            157     0.006   15.4   0.0   1   1     0.003    0.0097   14.8   0.0    30    77    10    56     7    75 0.88 tr|K7AYC0|K7AYC0_9ALTE Globin OS=Paraglaciecola psychrophila 170 OX=1129794 GN=C427_0777 PE=4 SV=1
A0A1H5X2T2/5-109     -            105 seed_msa             -            157    0.0061   15.4   0.0   1   1    0.0024    0.0078   15.1   0.0    32    81    11    57     8    97 0.80 tr|A0A1H5X2T2|A0A1H5X2T2_9GAMM Hemoglobin OS=Marinobacterium lutimaris OX=568106 GN=SAMN05444390_1011246 PE=4 SV=1
A0A1B9DDF3/15-126    -            112 seed_msa             -            157    0.0061   15.4   0.0   1   1    0.0023    0.0076   15.1   0.0    30    72     9    50     7   105 0.88 tr|A0A1B9DDF3|A0A1B9DDF3_MYCMA Group 1 truncated hemoglobin OS=Mycobacterium malmoense OX=1780 GN=A5677_12780 PE=3 SV=1
A0A2D1SPW6/9-123     -            115 seed_msa             -            157    0.0061   15.4   0.0   1   1    0.0025    0.0081   15.0   0.0    26    70     3    49     1    73 0.86 tr|A0A2D1SPW6|A0A2D1SPW6_9BACL Globin OS=Solibacillus sp. R5-41 OX=2048654 GN=CSE16_03280 PE=4 SV=1
A0A264W6A0/9-123     -            115 seed_msa             -            157    0.0061   15.4   0.0   1   1    0.0028    0.0092   14.8   0.0    27    70     4    49     1    56 0.89 tr|A0A264W6A0|A0A264W6A0_9BACL Globin OS=Tetzosporium hominis OX=2020506 GN=CF394_01465 PE=4 SV=1
A0A151AHR1/5-116     -            112 seed_msa             -            157    0.0061   15.4   0.1   1   1    0.0042     0.014   14.3   0.0    29    65     9    48     7    60 0.83 tr|A0A151AHR1|A0A151AHR1_9EURY Bacterial-like globin OS=Halalkalicoccus paucihalophilus OX=1008153 GN=HAPAU_10020 PE=4 SV=1
E3HFM9/17-137        -            121 seed_msa             -            157    0.0061   15.4   0.0   1   1    0.0035     0.011   14.5   0.0    29    82     9    61     8    65 0.88 tr|E3HFM9|E3HFM9_ACHXA Bacterial-like globin family protein 2 OS=Achromobacter xylosoxidans (strain A8) OX=762376 GN=AXYL_01989 PE=4 SV=1
A0A045KIV3/14-127    -            114 seed_msa             -            157    0.0061   15.4   0.0   1   1    0.0029    0.0096   14.8   0.0    30    72    10    51     8   103 0.85 tr|A0A045KIV3|A0A045KIV3_MYCTX Group 1 truncated hemoglobin OS=Mycobacterium tuberculosis OX=1773 GN=glbN PE=3 SV=1
A0A0H3L8R1/14-127    -            114 seed_msa             -            157    0.0061   15.4   0.0   1   1    0.0029    0.0096   14.8   0.0    30    72    10    51     8   103 0.85 tr|A0A0H3L8R1|A0A0H3L8R1_MYCTE Group 1 truncated hemoglobin OS=Mycobacterium tuberculosis (strain ATCC 35801 / TMC 107 / Erdman) OX=652616 GN=glbN PE=3 SV=1
A0A0H3MAH4/14-127    -            114 seed_msa             -            157    0.0061   15.4   0.0   1   1    0.0029    0.0096   14.8   0.0    30    72    10    51     8   103 0.85 tr|A0A0H3MAH4|A0A0H3MAH4_MYCBP Group 1 truncated hemoglobin OS=Mycobacterium bovis (strain BCG / Pasteur 1173P2) OX=410289 GN=glbN PE=3 SV=1
A0A109S7E8/14-127    -            114 seed_msa             -            157    0.0061   15.4   0.0   1   1    0.0029    0.0096   14.8   0.0    30    72    10    51     8   103 0.85 tr|A0A109S7E8|A0A109S7E8_MYCBI Group 1 truncated hemoglobin OS=Mycobacterium tuberculosis variant bovis BCG OX=33892 GN=RN06_1902 PE=3 SV=1
A0A109SWG5/14-127    -            114 seed_msa             -            157    0.0061   15.4   0.0   1   1    0.0029    0.0096   14.8   0.0    30    72    10    51     8   103 0.85 tr|A0A109SWG5|A0A109SWG5_MYCTX Group 1 truncated hemoglobin OS=Mycobacterium tuberculosis variant africanum OX=33894 GN=RN09_1912 PE=3 SV=1
A5U2P9/14-127        -            114 seed_msa             -            157    0.0061   15.4   0.0   1   1    0.0029    0.0096   14.8   0.0    30    72    10    51     8   103 0.85 tr|A5U2P9|A5U2P9_MYCTA Group 1 truncated hemoglobin OS=Mycobacterium tuberculosis (strain ATCC 25177 / H37Ra) OX=419947 GN=glbN PE=3 SV=1
G0TJC6/14-127        -            114 seed_msa             -            157    0.0061   15.4   0.0   1   1    0.0029    0.0096   14.8   0.0    30    72    10    51     8   103 0.85 tr|G0TJC6|G0TJC6_MYCCP Group 1 truncated hemoglobin OS=Mycobacterium canettii (strain CIPT 140010059) OX=1048245 GN=glbN PE=3 SV=1
P0A593/14-127        -            114 seed_msa             -            157    0.0061   15.4   0.0   1   1    0.0029    0.0096   14.8   0.0    30    72    10    51     8   103 0.85 sp|P0A593|TRHBN_MYCBO Group 1 truncated hemoglobin GlbN OS=Mycobacterium bovis (strain ATCC BAA-935 / AF2122/97) OX=233413 GN=glbN PE=1 SV=1
R4M880/14-127        -            114 seed_msa             -            157    0.0061   15.4   0.0   1   1    0.0029    0.0096   14.8   0.0    30    72    10    51     8   103 0.85 tr|R4M880|R4M880_MYCTX Group 1 truncated hemoglobin OS=Mycobacterium tuberculosis CAS/NITR204 OX=1310114 GN=J113_10785 PE=3 SV=1
A0A073KU43/24-144    -            121 seed_msa             -            157    0.0062   15.4   0.1   1   1    0.0097     0.032   13.1   0.0    30    74    10    55     8    71 0.82 tr|A0A073KU43|A0A073KU43_9GAMM Globin OS=Shewanella xiamenensis OX=332186 GN=ABT47_07600 PE=4 SV=1
A0A1Z4AET6/24-144    -            121 seed_msa             -            157    0.0062   15.4   0.1   1   1    0.0097     0.032   13.1   0.0    30    74    10    55     8    71 0.82 tr|A0A1Z4AET6|A0A1Z4AET6_9GAMM Globin OS=Shewanella sp. FDAARGOS_354 OX=1930557 GN=CEQ32_16420 PE=4 SV=1
B4RAP7/18-124        -            107 seed_msa             -            157    0.0062   15.4   0.0   1   1    0.0023    0.0074   15.1   0.0    29    92     9    69     7   104 0.71 tr|B4RAP7|B4RAP7_PHEZH Methyl-accepting chemotaxis protein McpH OS=Phenylobacterium zucineum (strain HLK1) OX=450851 GN=mcpH PE=4 SV=1
A0A1W9XY99/3-115     -            113 seed_msa             -            157    0.0062   15.4   0.0   1   1     0.008     0.026   13.4   0.0    30    77    10    56     8   110 0.73 tr|A0A1W9XY99|A0A1W9XY99_9MYCO Group 1 truncated hemoglobin OS=Mycobacterium alsense OX=324058 GN=BST11_21605 PE=3 SV=1
A0A268J5J0/8-125     -            118 seed_msa             -            157    0.0062   15.4   0.0   1   1    0.0027    0.0088   14.9   0.0    31    71    11    49     9    63 0.75 tr|A0A268J5J0|A0A268J5J0_9BACL Globin OS=Paenibacillus sp. 7884-2 OX=2022552 GN=CHI07_08495 PE=4 SV=1
A0A1E5K0U7/8-125     -            118 seed_msa             -            157    0.0062   15.4   0.0   1   1    0.0031      0.01   14.7   0.0    32    64    12    50     9    55 0.77 tr|A0A1E5K0U7|A0A1E5K0U7_9BACI Globin OS=Oceanobacillus sp. E9 OX=1742575 GN=AQ616_11385 PE=4 SV=1
C5KCT8/138-250       -            113 seed_msa             -            157    0.0063   15.4   0.0   1   1    0.0023    0.0076   15.1   0.0    30    98     9    72     7    91 0.85 tr|C5KCT8|C5KCT8_PERM5 Uncharacterized protein OS=Perkinsus marinus (strain ATCC 50983 / TXsc) OX=423536 GN=Pmar_PMAR023608 PE=4 SV=1
A0A1A2QRU8/14-126    -            113 seed_msa             -            157    0.0063   15.4   0.0   1   1     0.003    0.0099   14.7   0.0    30    73    10    52     8   107 0.85 tr|A0A1A2QRU8|A0A1A2QRU8_MYCIT Group 1 truncated hemoglobin OS=Mycobacterium intracellulare OX=1767 GN=A5690_22120 PE=3 SV=1
A0A0A5GN73/7-124     -            118 seed_msa             -            157    0.0063   15.4   0.0   1   1    0.0029    0.0096   14.8   0.0    31    69    11    51     9    61 0.74 tr|A0A0A5GN73|A0A0A5GN73_9BACI Globin OS=Pontibacillus halophilus JSM 076056 = DSM 19796 OX=1385510 GN=N781_15425 PE=4 SV=1
A0A024QDR0/6-123     -            118 seed_msa             -            157    0.0064   15.3   0.0   1   1    0.0031      0.01   14.7   0.0    32    69    12    51    10    63 0.80 tr|A0A024QDR0|A0A024QDR0_9BACI Truncated BHb OS=Virgibacillus massiliensis OX=1462526 GN=yjbI PE=4 SV=1
A0A2A8IJF6/7-123     -            117 seed_msa             -            157    0.0064   15.3   0.0   1   1    0.0038     0.012   14.4   0.0    29    66     9    47     7    72 0.82 tr|A0A2A8IJF6|A0A2A8IJF6_9BACI Globin OS=Bacillus sp. AFS006103 OX=2033483 GN=CN481_06550 PE=4 SV=1
A0A2A4ML56/2-118     -            117 seed_msa             -            157    0.0065   15.3   0.1   1   1    0.0034     0.011   14.6   0.1    29    73     9    52     7   113 0.74 tr|A0A2A4ML56|A0A2A4ML56_9GAMM Group 1 truncated hemoglobin OS=Gammaproteobacteria bacterium OX=1913989 GN=COC05_03700 PE=3 SV=1
A0A1Y6CYA1/7-119     -            113 seed_msa             -            157    0.0065   15.3   0.0   1   1    0.0024    0.0078   15.1   0.0    29   115     9    93     7   110 0.81 tr|A0A1Y6CYA1|A0A1Y6CYA1_9GAMM Group 1 truncated hemoglobin OS=Methylomagnum ishizawai OX=1760988 GN=SAMN02949497_3003 PE=3 SV=1
A0A0A8X3H6/5-118     -            114 seed_msa             -            157    0.0065   15.3   0.0   1   1    0.0025    0.0082   15.0   0.0    30    73    10    51     7    97 0.82 tr|A0A0A8X3H6|A0A0A8X3H6_9BACI Hemoglobin-like protein HbO OS=Bacillus selenatarsenatis SF-1 OX=1321606 GN=SAMD00020551_0836 PE=4 SV=1
A0A1W6ZX74/4-110     -            107 seed_msa             -            157    0.0065   15.3   0.0   1   1    0.0026    0.0086   14.9   0.0    32    90    12    67    10   106 0.84 tr|A0A1W6ZX74|A0A1W6ZX74_9RHIZ Group 1 truncated hemoglobin OS=Pseudorhodoplanes sinuspersici OX=1235591 GN=CAK95_23550 PE=4 SV=1
A0A1G8EQ17/8-123     -            116 seed_msa             -            157    0.0066   15.3   0.0   1   1    0.0029    0.0094   14.8   0.0    32    74    10    50     6    59 0.73 tr|A0A1G8EQ17|A0A1G8EQ17_9BACI Hemoglobin OS=Alteribacillus persepolensis OX=568899 GN=SAMN05192534_11016 PE=4 SV=1
M7P3U8/9-122         -            114 seed_msa             -            157    0.0066   15.3   0.0   1   1     0.003    0.0097   14.8   0.0    30    73     7    48     2    59 0.74 tr|M7P3U8|M7P3U8_9BACL YjbI OS=Bhargavaea cecembensis DSE10 OX=1235279 GN=yjbI PE=4 SV=1
A0A1H3KZ80/6-117     -            112 seed_msa             -            157    0.0066   15.3   0.0   1   1    0.0042     0.014   14.3   0.0    30    70     9    52     6    54 0.90 tr|A0A1H3KZ80|A0A1H3KZ80_9ACTN Hemoglobin OS=Tessaracoccus flavus OX=1610493 GN=SAMN05428934_102318 PE=4 SV=1
A0A1Q2CG84/13-124    -            112 seed_msa             -            157    0.0066   15.3   0.0   1   1    0.0042     0.014   14.3   0.0    30    70     9    52     6    54 0.90 tr|A0A1Q2CG84|A0A1Q2CG84_9ACTN Globin OS=Tessaracoccus flavus OX=1610493 GN=RPIT_09940 PE=4 SV=1
A0A0Q4H095/19-130    -            112 seed_msa             -            157    0.0067   15.3   0.0   1   1    0.0043     0.014   14.2   0.0    32    77    11    55     7    92 0.71 tr|A0A0Q4H095|A0A0Q4H095_9BURK Globin OS=Xylophilus sp. Leaf220 OX=1735686 GN=ASE76_16755 PE=4 SV=1
A0A1A7LXI9/9-123     -            115 seed_msa             -            157    0.0067   15.3   0.0   1   1    0.0028    0.0093   14.8   0.0    26    71     3    50     1    73 0.84 tr|A0A1A7LXI9|A0A1A7LXI9_9BACL Globin OS=Solibacillus silvestris OX=76853 GN=A9986_07355 PE=4 SV=1
K1L4Y5/9-123         -            115 seed_msa             -            157    0.0067   15.3   0.0   1   1    0.0028    0.0093   14.8   0.0    26    71     3    50     1    73 0.84 tr|K1L4Y5|K1L4Y5_9BACL Uncharacterized protein OS=Solibacillus isronensis B3W22 OX=1224748 GN=B857_00406 PE=4 SV=1
A0A220UHM6/24-144    -            121 seed_msa             -            157    0.0067   15.3   0.1   1   1      0.01     0.034   13.0   0.0    30    74    10    55     8    71 0.82 tr|A0A220UHM6|A0A220UHM6_9GAMM Globin OS=Shewanella bicestrii OX=2018305 GN=CF168_00215 PE=4 SV=1
I9KFN9/2-114         -            113 seed_msa             -            157    0.0067   15.3   0.0   1   1    0.0029    0.0094   14.8   0.0    30    74    10    53     8    98 0.81 tr|I9KFN9|I9KFN9_9ACTN Group 1 truncated hemoglobin OS=Frankia sp. QA3 OX=710111 GN=FraQA3DRAFT_2577 PE=3 SV=1
A0A0K6H9N9/16-136    -            121 seed_msa             -            157    0.0067   15.3   0.0   1   1    0.0028    0.0093   14.8   0.0    29   122     9   107     6   120 0.90 tr|A0A0K6H9N9|A0A0K6H9N9_9GAMM Truncated hemoglobin YjbI OS=Idiomarina woesei OX=1381080 GN=Ga0061064_1813 PE=4 SV=1
A0A076ML93/3-115     -            113 seed_msa             -            157    0.0067   15.3   0.0   1   1    0.0035     0.011   14.5   0.0    31    76    11    55     8   107 0.81 tr|A0A076ML93|A0A076ML93_AMYME Group 1 truncated hemoglobin OS=Amycolatopsis methanolica 239 OX=1068978 GN=AMETH_1417 PE=3 SV=1
A0A0K9YV50/7-119     -            113 seed_msa             -            157    0.0067   15.3   0.0   1   1    0.0041     0.013   14.3   0.0    30    70    10    52     7    55 0.87 tr|A0A0K9YV50|A0A0K9YV50_9BACL Globin OS=Brevibacillus reuszeri OX=54915 GN=ADS79_11915 PE=4 SV=1
A0A1D8I6P1/6-126     -            121 seed_msa             -            157     0.007   15.2   0.0   1   1    0.0034     0.011   14.6   0.0    29    82     9    61     8    66 0.88 tr|A0A1D8I6P1|A0A1D8I6P1_9BURK Hemoglobin-like protein OS=Achromobacter ruhlandii OX=72557 GN=AruCF_1232 PE=4 SV=1
A0A226Y7M3/18-138    -            121 seed_msa             -            157     0.007   15.2   0.0   1   1    0.0049     0.016   14.1   0.0    30    82    10    61     8    66 0.88 tr|A0A226Y7M3|A0A226Y7M3_9BURK Hemoglobin-like protein OS=Achromobacter sp. KAs 3-5 OX=1915388 GN=BMR85_007785 PE=4 SV=1
A0A1X0KMT9/7-124     -            118 seed_msa             -            157     0.007   15.2   0.0   1   1    0.0034     0.011   14.6   0.0    32    70    12    53     8    61 0.91 tr|A0A1X0KMT9|A0A1X0KMT9_MYCSC Uncharacterized protein OS=Mycobacterium scrofulaceum OX=1783 GN=BST44_00730 PE=4 SV=1
A0A1Q8TZL4/5-118     -            114 seed_msa             -            157     0.007   15.2   0.7   1   1    0.0036     0.012   14.5   0.7    29    71     9    51     7   114 0.90 tr|A0A1Q8TZL4|A0A1Q8TZL4_BACPF Group 1 truncated hemoglobin OS=Bacillus pseudofirmus OX=79885 GN=BTR23_16755 PE=3 SV=1
A0A1A3T8U3/15-126    -            112 seed_msa             -            157     0.007   15.2   0.0   1   1    0.0038     0.013   14.4   0.0    30    74     9    52     7   106 0.82 tr|A0A1A3T8U3|A0A1A3T8U3_9MYCO Group 1 truncated hemoglobin OS=Mycobacterium sp. 1165178.9 OX=1834070 GN=A5652_18680 PE=3 SV=1
A0A285KWZ0/19-130    -            112 seed_msa             -            157     0.007   15.2   0.0   1   1    0.0045     0.015   14.2   0.0    30    76     9    54     7   109 0.83 tr|A0A285KWZ0|A0A285KWZ0_9NOCA Group 1 truncated hemoglobin OS=Nocardia amikacinitolerans OX=756689 GN=SAMN04244553_0550 PE=3 SV=1
A0A0L6IH71/18-138    -            121 seed_msa             -            157    0.0071   15.2   0.0   1   1    0.0035     0.011   14.5   0.0    29    82     9    61     8    65 0.88 tr|A0A0L6IH71|A0A0L6IH71_9BURK Hemoglobin-like protein OS=Achromobacter piechaudii OX=72556 GN=AKG08_00175 PE=4 SV=1
D4XAA8/17-137        -            121 seed_msa             -            157    0.0071   15.2   0.0   1   1    0.0035     0.011   14.5   0.0    29    82     9    61     8    65 0.88 tr|D4XAA8|D4XAA8_9BURK Protozoan/cyanobacterial globin family protein OS=Achromobacter piechaudii ATCC 43553 OX=742159 GN=iscS PE=4 SV=1
A0A150ZHK7/9-129     -            121 seed_msa             -            157    0.0071   15.2   0.0   1   1    0.0042     0.014   14.3   0.0    30    77    10    58     8   120 0.86 tr|A0A150ZHK7|A0A150ZHK7_9BRAD Globin OS=Bradyrhizobium sp. DOA1 OX=1126616 GN=SE91_33470 PE=4 SV=1
A0A0D7WAG1/6-117     -            112 seed_msa             -            157    0.0071   15.2   0.1   1   1    0.0042     0.014   14.3   0.1    31   115    11    90     9   106 0.75 tr|A0A0D7WAG1|A0A0D7WAG1_9FLAO Group 1 truncated hemoglobin OS=Tamlana sedimentorum OX=1435349 GN=PW52_07800 PE=3 SV=1
A0A2E5DWC6/6-121     -            116 seed_msa             -            157    0.0071   15.2   0.0   1   1    0.0026    0.0085   14.9   0.0    30   122     9   100     6   114 0.80 tr|A0A2E5DWC6|A0A2E5DWC6_9PROT Group 1 truncated hemoglobin OS=Alphaproteobacteria bacterium OX=1913988 GN=CL570_06755 PE=3 SV=1
A0A132T9T9/2-114     -            113 seed_msa             -            157    0.0071   15.2   0.0   1   1    0.0038     0.012   14.4   0.0    30    71    10    50     8    60 0.88 tr|A0A132T9T9|A0A132T9T9_9MYCO Group 1 truncated hemoglobin OS=Mycobacterium sp. NAZ190054 OX=1747766 GN=ASJ79_19180 PE=3 SV=1
A0A1B7U881/15-126    -            112 seed_msa             -            157    0.0073   15.2   0.0   1   1    0.0031      0.01   14.7   0.0    30    73     9    51     7   106 0.86 tr|A0A1B7U881|A0A1B7U881_9MYCO Group 1 truncated hemoglobin OS=Mycobacterium sp. 852002-40037_SCH5390672 OX=1834089 GN=A5782_06445 PE=3 SV=1
A0A1U9KBB4/10-125    -            116 seed_msa             -            157    0.0073   15.2   0.0   1   1    0.0023    0.0074   15.1   0.0    30    65     8    49     6   112 0.83 tr|A0A1U9KBB4|A0A1U9KBB4_9BACL Globin OS=Novibacillus thermophilus OX=1471761 GN=B0W44_02245 PE=4 SV=1
A0A250KYA2/4-118     -            115 seed_msa             -            157    0.0073   15.2   0.0   1   1    0.0026    0.0084   15.0   0.0    29    92     9    71     7   110 0.71 tr|A0A250KYA2|A0A250KYA2_9GAMM Group 1 truncated hemoglobin OS=Methylocaldum marinum OX=1432792 GN=sS8_4675 PE=3 SV=1
A0A1V4ESY3/6-121     -            116 seed_msa             -            157    0.0073   15.2   0.0   1   1    0.0032      0.01   14.6   0.0    29    62     7    46     5    72 0.82 tr|A0A1V4ESY3|A0A1V4ESY3_9BACL Globin OS=Acidibacillus ferrooxidans OX=1765683 GN=B2M26_09425 PE=4 SV=1
A0A2I8VHT4/15-127    -            113 seed_msa             -            157    0.0074   15.1   0.0   1   1    0.0038     0.012   14.4   0.0    31    77    10    55     7   106 0.87 tr|A0A2I8VHT4|A0A2I8VHT4_9EURY Group 1 truncated hemoglobin OS=Salinigranum rubrum OX=755307 GN=C2R22_07225 PE=4 SV=1
A0A1X0E355/14-126    -            113 seed_msa             -            157    0.0074   15.1   0.0   1   1    0.0029    0.0095   14.8   0.0    30    72    10    51     8   107 0.90 tr|A0A1X0E355|A0A1X0E355_MYCMA Group 1 truncated hemoglobin OS=Mycobacterium malmoense OX=1780 GN=BST29_19945 PE=3 SV=1
A0A1A2VF77/7-124     -            118 seed_msa             -            157    0.0074   15.1   0.0   1   1    0.0035     0.011   14.5   0.0    32    70    12    53     8    62 0.89 tr|A0A1A2VF77|A0A1A2VF77_MYCSC Uncharacterized protein OS=Mycobacterium scrofulaceum OX=1783 GN=A5679_19730 PE=4 SV=1
A0A1Q4HBT4/7-124     -            118 seed_msa             -            157    0.0074   15.1   0.0   1   1    0.0035     0.011   14.5   0.0    32    70    12    53     8    62 0.89 tr|A0A1Q4HBT4|A0A1Q4HBT4_9MYCO Uncharacterized protein OS=Mycobacterium paraffinicum OX=53378 GN=BRW65_28585 PE=4 SV=1
A0A2A5CGD5/4-119     -            116 seed_msa             -            157    0.0075   15.1   0.0   1   1    0.0031      0.01   14.7   0.0    29    76     9    55     7   100 0.81 tr|A0A2A5CGD5|A0A2A5CGD5_9GAMM Group 1 truncated hemoglobin OS=SAR86 cluster bacterium OX=2030880 GN=COA71_03185 PE=3 SV=1
G2MLY7/5-117         -            113 seed_msa             -            157    0.0075   15.1   0.0   1   1    0.0034     0.011   14.6   0.0    30    75    10    54     8   107 0.79 tr|G2MLY7|G2MLY7_9EURY Globin OS=halophilic archaeon DL31 OX=756883 GN=Halar_2132 PE=4 SV=1
A0A2J6NJC8/3-117     -            115 seed_msa             -            157    0.0075   15.1   0.0   1   1    0.0034     0.011   14.6   0.0    24    66     3    45     1    52 0.85 tr|A0A2J6NJC8|A0A2J6NJC8_9STAP Globin OS=Nosocomiicoccus massiliensis OX=1232430 GN=CJ229_01745 PE=4 SV=1
M5RXA7/11-118        -            108 seed_msa             -            157    0.0076   15.1   0.0   1   1    0.0031      0.01   14.7   0.0    32    79     8    54     5    93 0.86 tr|M5RXA7|M5RXA7_9PLAN Globin OS=Rhodopirellula europaea SH398 OX=1263868 GN=RESH_05652 PE=4 SV=1
A0A164MWI3/18-130    -            113 seed_msa             -            157    0.0076   15.1   0.0   1   1    0.0076     0.025   13.4   0.0    30    77    10    56     8   110 0.74 tr|A0A164MWI3|A0A164MWI3_9NOCA Group 1 truncated hemoglobin OS=Nocardia terpenica OX=455432 GN=AWN90_34750 PE=3 SV=1
A0A023XS69/9-129     -            121 seed_msa             -            157    0.0076   15.1   0.0   1   1    0.0038     0.012   14.4   0.0    30    76    10    57     8    64 0.89 tr|A0A023XS69|A0A023XS69_BRAJP Uncharacterized protein OS=Bradyrhizobium japonicum SEMIA 5079 OX=476282 GN=BJS_04766 PE=4 SV=1
E6J538/5-121         -            117 seed_msa             -            157    0.0076   15.1   0.0   1   1    0.0077     0.025   13.4   0.0    31    70    11    53     8    58 0.90 tr|E6J538|E6J538_9ACTN Globin-like protein OS=Dietzia cinnamea P4 OX=910954 GN=ES5_01619 PE=4 SV=1
Q23D58/749-860       -            112 seed_msa             -            157    0.0076   15.1   0.0   1   1    0.0027    0.0088   14.9   0.0    30    77    10    56     8    97 0.81 tr|Q23D58|Q23D58_TETTS Protozoan/cyanobacterial globin family protein OS=Tetrahymena thermophila (strain SB210) OX=312017 GN=TTHERM_00049330 PE=4 SV=2
W4QKN8/6-120         -            115 seed_msa             -            157    0.0077   15.1   0.0   1   1    0.0039     0.013   14.4   0.0    29    75     6    50     2    59 0.77 tr|W4QKN8|W4QKN8_9BACI Hemoglobin-like protein HbO OS=Bacillus hemicellulosilyticus JCM 9152 OX=1236971 GN=JCM9152_4237 PE=4 SV=1
Q7UFG6/8-116         -            109 seed_msa             -            157    0.0078   15.1   0.0   1   1     0.003    0.0097   14.8   0.0    32    79    11    57     8   100 0.85 tr|Q7UFG6|Q7UFG6_RHOBA Hemoglobin-like protein HbN OS=Rhodopirellula baltica (strain DSM 10527 / NCIMB 13988 / SH1) OX=243090 GN=glbN PE=4 SV=1
Q0EZX3/6-112         -            107 seed_msa             -            157    0.0078   15.1   0.0   1   1    0.0043     0.014   14.3   0.0    32    66    12    47     9    49 0.90 tr|Q0EZX3|Q0EZX3_9PROT Bacterial-like globin OS=Mariprofundus ferrooxydans PV-1 OX=314345 GN=SPV1_09458 PE=4 SV=1
A0A0Q9TX98/18-130    -            113 seed_msa             -            157    0.0078   15.1   0.5   1   1    0.0096     0.031   13.1   0.5    29   121     9    96     7   109 0.80 tr|A0A0Q9TX98|A0A0Q9TX98_9BACL Group 1 truncated hemoglobin OS=Paenibacillus sp. Soil787 OX=1736411 GN=ASG93_04365 PE=3 SV=1
A0A1Q7W1S1/3-108     -            106 seed_msa             -            157    0.0078   15.1   0.0   1   1    0.0039     0.013   14.4   0.0    30    76     9    54     7    94 0.74 tr|A0A1Q7W1S1|A0A1Q7W1S1_9ACTN Group 1 truncated hemoglobin OS=Catenulispora sp. 13_1_20CM_3_70_7 OX=1805055 GN=AUG49_12735 PE=3 SV=1
A0A1I3IZF3/9-129     -            121 seed_msa             -            157    0.0079   15.1   0.0   1   1    0.0049     0.016   14.1   0.0    30    76    10    57     8    64 0.91 tr|A0A1I3IZF3|A0A1I3IZF3_9BRAD Hemoglobin OS=Bradyrhizobium sp. cf659 OX=1761771 GN=SAMN04487925_103188 PE=4 SV=1
A0A221KBF9/12-124    -            113 seed_msa             -            157    0.0079   15.0   0.0   1   1    0.0028     0.009   14.9   0.0    30    77     8    56     5   110 0.82 tr|A0A221KBF9|A0A221KBF9_VITFI Globin OS=Vitreoscilla filiformis OX=63 GN=VITFI_CDS0585 PE=4 SV=1
A0A0Q8JTU4/18-138    -            121 seed_msa             -            157    0.0079   15.0   0.0   1   1    0.0049     0.016   14.1   0.0    30    82    10    61     8    66 0.88 tr|A0A0Q8JTU4|A0A0Q8JTU4_9BURK Hemoglobin-like protein OS=Achromobacter sp. Root170 OX=1736480 GN=ASD87_25245 PE=4 SV=1
A0A176XVV9/18-138    -            121 seed_msa             -            157    0.0079   15.0   0.0   1   1    0.0049     0.016   14.1   0.0    30    82    10    61     8    66 0.88 tr|A0A176XVV9|A0A176XVV9_ALCXX Hemoglobin-like protein OS=Alcaligenes xylosoxydans xylosoxydans OX=85698 GN=A7J67_14345 PE=4 SV=1
A0A1A3GMJ2/3-115     -            113 seed_msa             -            157    0.0079   15.0   0.0   1   1    0.0039     0.013   14.4   0.0    30    73    10    52     8   109 0.81 tr|A0A1A3GMJ2|A0A1A3GMJ2_9MYCO Group 1 truncated hemoglobin OS=Mycolicibacterium mucogenicum OX=56689 GN=A5630_05600 PE=3 SV=1
A0A1H4HL22/3-115     -            113 seed_msa             -            157    0.0079   15.0   0.0   1   1    0.0039     0.013   14.4   0.0    30    73    10    52     8   109 0.81 tr|A0A1H4HL22|A0A1H4HL22_9MYCO Group 1 truncated hemoglobin OS=Mycobacterium sp. 283mftsu OX=1761810 GN=SAMN04488580_111108 PE=3 SV=1
Q8ERT2/8-125         -            118 seed_msa             -            157     0.008   15.0   0.0   1   1    0.0038     0.013   14.4   0.0    32    68    12    50     9    54 0.76 tr|Q8ERT2|Q8ERT2_OCEIH Hypothetical conserved protein OS=Oceanobacillus iheyensis (strain DSM 14371 / CIP 107618 / JCM 11309 / KCTC 3954 / HTE831) OX=221109 GN=OB1218 PE=4 SV=1
A0A2B2BVG1/7-107     -            101 seed_msa             -            157     0.008   15.0   0.0   1   1    0.0032      0.01   14.6   0.0    29    66     9    47     8    62 0.81 tr|A0A2B2BVG1|A0A2B2BVG1_9BACI Globin OS=Bacillus sp. AFS073361 OX=2033511 GN=COJ96_21570 PE=4 SV=1
A0A1C4WEI8/11-110    -            100 seed_msa             -            157    0.0081   15.0   0.0   1   1    0.0045     0.015   14.2   0.0    29    61     8    43     6    93 0.84 tr|A0A1C4WEI8|A0A1C4WEI8_MICVI Group 1 truncated hemoglobin OS=Micromonospora viridifaciens OX=1881 GN=GA0074695_2350 PE=3 SV=1
I3E5R7/9-122         -            114 seed_msa             -            157    0.0081   15.0   0.0   1   1    0.0031      0.01   14.7   0.0    29    70     6    49     2    68 0.86 tr|I3E5R7|I3E5R7_BACMT Globin-like protein OS=Bacillus methanolicus PB1 OX=997296 GN=PB1_02825 PE=4 SV=1
A0A1S1QKP3/2-114     -            113 seed_msa             -            157    0.0083   15.0   0.0   1   1    0.0031      0.01   14.7   0.0    29    71     9    50     7    90 0.85 tr|A0A1S1QKP3|A0A1S1QKP3_9ACTN Group 1 truncated hemoglobin OS=Frankia sp. Cc1.17 OX=573497 GN=CC117_21325 PE=3 SV=1
A0A256IFD0/5-99      -             95 seed_msa             -            157    0.0083   15.0   0.0   1   1    0.0028     0.009   14.9   0.0    29    77     9    56     7    89 0.85 tr|A0A256IFD0|A0A256IFD0_9EURY Group 1 truncated hemoglobin (Fragment) OS=Halorubrum sp. E3 OX=1483400 GN=DJ71_26965 PE=4 SV=1
A0A1Y6E6J7/13-131    -            119 seed_msa             -            157    0.0084   15.0   0.0   1   1    0.0032      0.01   14.7   0.0    29   122     7   105     5   118 0.90 tr|A0A1Y6E6J7|A0A1Y6E6J7_9GAMM Hemoglobin OS=Idiomarina planktonica OX=1323738 GN=SAMN06297229_0099 PE=4 SV=1
A0A1X3GLT9/10-129    -            120 seed_msa             -            157    0.0084   15.0   0.0   1   1    0.0041     0.014   14.3   0.0    30    77     9    57     7   119 0.85 tr|A0A1X3GLT9|A0A1X3GLT9_9BRAD Globin OS=Bradyrhizobium canariense OX=255045 GN=BSZ18_04140 PE=4 SV=1
A0A1S9ACV4/6-126     -            121 seed_msa             -            157    0.0084   15.0   0.0   1   1    0.0043     0.014   14.2   0.0    29    70     9    55     7    58 0.90 tr|A0A1S9ACV4|A0A1S9ACV4_9BURK Hemoglobin-like protein OS=Massilia sp. KIM OX=1955422 GN=B0920_18710 PE=4 SV=1
A0A1G7PIZ4/5-110     -            106 seed_msa             -            157    0.0084   15.0   0.0   1   1     0.004     0.013   14.3   0.0    30    77    10    56     8    74 0.83 tr|A0A1G7PIZ4|A0A1G7PIZ4_9EURY Hemoglobin OS=Halorientalis regularis OX=660518 GN=SAMN05216218_110148 PE=4 SV=1
A0A1Z9XU91/10-127    -            118 seed_msa             -            157    0.0085   15.0   0.0   1   1    0.0043     0.014   14.3   0.0    29    67     7    50     5    55 0.73 tr|A0A1Z9XU91|A0A1Z9XU91_9RHOB Uncharacterized protein OS=Hyphomonas sp. TMED17 OX=1986605 GN=CBB77_08895 PE=4 SV=1
A0A1X7HLN7/7-118     -            112 seed_msa             -            157    0.0085   14.9   0.2   1   1    0.0095     0.031   13.1   0.2    29   115     8    89     6   108 0.76 tr|A0A1X7HLN7|A0A1X7HLN7_9BACL Group 1 truncated hemoglobin OS=Paenibacillus uliginis N3/975 OX=1313296 GN=SAMN05661091_3998 PE=3 SV=1
A0A0Q8BRR3/18-138    -            121 seed_msa             -            157    0.0086   14.9   0.0   1   1     0.005     0.016   14.0   0.0    30    82    10    61     8    65 0.88 tr|A0A0Q8BRR3|A0A0Q8BRR3_9BURK Hemoglobin-like protein OS=Achromobacter sp. Root565 OX=1736564 GN=ASD71_16865 PE=4 SV=1
A0A1X1TWD1/14-127    -            114 seed_msa             -            157    0.0086   14.9   0.0   1   1    0.0054     0.018   13.9   0.0    30    73    10    52     5   109 0.82 tr|A0A1X1TWD1|A0A1X1TWD1_9MYCO Group 1 truncated hemoglobin OS=Mycobacterium florentinum OX=292462 GN=AWC05_04205 PE=3 SV=1
A0A1W9JUK3/11-125    -            115 seed_msa             -            157    0.0086   14.9   0.0   1   1     0.004     0.013   14.3   0.0    30    77    10    56     7   113 0.66 tr|A0A1W9JUK3|A0A1W9JUK3_9PROT Group 1 truncated hemoglobin OS=Proteobacteria bacterium ST_bin11 OX=1978759 GN=BVN35_07800 PE=3 SV=1
A0A2A9CE44/4-120     -            117 seed_msa             -            157    0.0087   14.9   0.0   1   1    0.0045     0.015   14.2   0.0    32    61    11    46     3    60 0.75 tr|A0A2A9CE44|A0A2A9CE44_9BACI Hemoglobin OS=Bacillus sp. es.036 OX=1761764 GN=ATG70_0890 PE=4 SV=1
A0A1X9NGG0/19-128    -            110 seed_msa             -            157    0.0087   14.9   0.0   1   1    0.0035     0.011   14.5   0.0    29    77     8    57     4   106 0.82 tr|A0A1X9NGG0|A0A1X9NGG0_9GAMM Globin OS=Oceanicoccus sagamiensis OX=716816 GN=BST96_12915 PE=4 SV=1
A0A149W024/2-116     -            115 seed_msa             -            157    0.0087   14.9   0.0   1   1    0.0038     0.012   14.4   0.0    29    77     9    56     5   101 0.75 tr|A0A149W024|A0A149W024_9PROT Group 1 truncated hemoglobin OS=Ferrovum sp. Z-31 OX=1789004 GN=glbN PE=3 SV=1
C5BXJ9/22-140        -            119 seed_msa             -            157    0.0087   14.9   0.0   1   1    0.0048     0.016   14.1   0.0    32    70    12    53     8    58 0.88 tr|C5BXJ9|C5BXJ9_BEUC1 Globin OS=Beutenbergia cavernae (strain ATCC BAA-8 / DSM 12333 / NBRC 16432) OX=471853 GN=Bcav_2637 PE=4 SV=1
E4NPK6/5-117         -            113 seed_msa             -            157    0.0087   14.9   0.3   1   1    0.0052     0.017   14.0   0.3    32    70    12    49     8   106 0.76 tr|E4NPK6|E4NPK6_HALBP Truncated hemoglobin OS=Halogeometricum borinquense (strain ATCC 700274 / DSM 11551 / JCM 10706 / PR3) OX=469382 GN=Hbor_21120 PE=4 SV=1
H0F9F5/17-137        -            121 seed_msa             -            157    0.0088   14.9   0.0   1   1    0.0062      0.02   13.7   0.0    30    82    10    61     8    65 0.88 tr|H0F9F5|H0F9F5_9BURK Globin family protein 2 OS=Achromobacter arsenitoxydans SY8 OX=477184 GN=KYC_17037 PE=4 SV=1
W6M2M7/41-153        -            113 seed_msa             -            157    0.0088   14.9   0.0   1   1     0.015     0.048   12.5   0.0    29   107     9    82     7   105 0.73 tr|W6M2M7|W6M2M7_9GAMM Group 1 truncated hemoglobin OS=Candidatus Competibacter denitrificans Run_A_D11 OX=1400863 GN=BN873_200019 PE=3 SV=1
A0A1I1XPU5/9-124     -            116 seed_msa             -            157    0.0088   14.9   0.0   1   1    0.0042     0.014   14.3   0.0    30    66     8    50     6    53 0.89 tr|A0A1I1XPU5|A0A1I1XPU5_9BACI Hemoglobin OS=Bacillus sp. OV194 OX=1881065 GN=SAMN05428981_103366 PE=4 SV=1
A0A024JX46/22-134    -            113 seed_msa             -            157    0.0088   14.9   0.0   1   1    0.0043     0.014   14.2   0.0    30    72    10    51     5   107 0.86 tr|A0A024JX46|A0A024JX46_9MYCO Group 1 truncated hemoglobin OS=Mycobacterium triplex OX=47839 GN=BN973_02765 PE=3 SV=1
A0A1Y0IIZ3/8-125     -            118 seed_msa             -            157    0.0088   14.9   0.0   1   1    0.0035     0.011   14.5   0.0    31    75    11    53     8    70 0.76 tr|A0A1Y0IIZ3|A0A1Y0IIZ3_9BACL Globin OS=Tumebacillus avium OX=1903704 GN=CBW65_02385 PE=4 SV=1
A0A1Y4WUK7/3-115     -            113 seed_msa             -            157    0.0088   14.9   0.2   1   1    0.0062      0.02   13.7   0.2    29   121     9    96     7   110 0.82 tr|A0A1Y4WUK7|A0A1Y4WUK7_BREBE Group 1 truncated hemoglobin OS=Brevibacillus brevis OX=1393 GN=B5G50_28720 PE=3 SV=1
A0A0N0BQT1/5-117     -            113 seed_msa             -            157    0.0089   14.9   0.1   1   1    0.0051     0.017   14.0   0.1    29    79     9    58     7   108 0.88 tr|A0A0N0BQT1|A0A0N0BQT1_9EURY Globin OS=Halorubrum tropicale OX=1765655 GN=AMR74_12985 PE=4 SV=1
A0A2A5CUD8/4-116     -            113 seed_msa             -            157    0.0089   14.9   0.0   1   1    0.0039     0.013   14.4   0.0    33   121    13    96    10   113 0.72 tr|A0A2A5CUD8|A0A2A5CUD8_9GAMM Group 1 truncated hemoglobin OS=Moraxellaceae bacterium OX=1889775 GN=COA99_00875 PE=3 SV=1
C5KA99/107-211       -            105 seed_msa             -            157    0.0089   14.9   0.0   1   1    0.0034     0.011   14.6   0.0    32    81    12    64     9    97 0.84 tr|C5KA99|C5KA99_PERM5 Uncharacterized protein OS=Perkinsus marinus (strain ATCC 50983 / TXsc) OX=423536 GN=Pmar_PMAR008889 PE=4 SV=1
A0A1Z4NL65/3-117     -            115 seed_msa             -            157    0.0089   14.9   0.2   1   1    0.0054     0.018   13.9   0.0    29    70     9    49     7    58 0.79 tr|A0A1Z4NL65|A0A1Z4NL65_9CYAN Group 1 truncated hemoglobin OS=Calothrix sp. NIES-3974 OX=2005462 GN=NIES3974_31280 PE=3 SV=1
A0A0V8HI53/9-123     -            115 seed_msa             -            157    0.0089   14.9   0.0   1   1    0.0045     0.015   14.2   0.0    29    70     6    49     3    52 0.87 tr|A0A0V8HI53|A0A0V8HI53_9BACI Hemoglobin OS=Bacillus enclensis OX=1402860 GN=GA0061094_1846 PE=4 SV=1
A0A1C6S3R1/11-121    -            111 seed_msa             -            157    0.0089   14.9   0.1   1   1    0.0095     0.031   13.1   0.1    29    63     8    43     6   104 0.75 tr|A0A1C6S3R1|A0A1C6S3R1_9ACTN Group 1 truncated hemoglobin OS=Micromonospora pallida OX=145854 GN=GA0074692_1710 PE=3 SV=1
A0A1I1HWS8/12-121    -            110 seed_msa             -            157    0.0089   14.9   0.0   1   1    0.0092      0.03   13.2   0.0    29    65     8    43     6    93 0.65 tr|A0A1I1HWS8|A0A1I1HWS8_9ACTN Group 1 truncated hemoglobin OS=Verrucosispora sediminis OX=547162 GN=SAMN05216284_103424 PE=3 SV=1
A0A1Y5D4V4/12-122    -            111 seed_msa             -            157     0.009   14.9   0.0   1   1    0.0062      0.02   13.7   0.0    34    77    12    56     7    78 0.87 tr|A0A1Y5D4V4|A0A1Y5D4V4_9GAMM Globin OS=Bermanella sp. 47_1433_sub80_T6 OX=1856278 GN=A9Q73_09625 PE=4 SV=1
A0A222FEW9/3-118     -            116 seed_msa             -            157     0.009   14.9   0.0   1   1     0.008     0.026   13.4   0.0    29    66     9    49     5    59 0.82 tr|A0A222FEW9|A0A222FEW9_9GAMM Group 1 truncated hemoglobin OS=Bacterioplanes sanyensis OX=1249553 GN=CHH28_02205 PE=3 SV=1
M0NU81/5-117         -            113 seed_msa             -            157     0.009   14.9   0.0   1   1    0.0033     0.011   14.6   0.0    29    78     9    57     7   107 0.85 tr|M0NU81|M0NU81_9EURY Globin OS=Halorubrum litoreum JCM 13561 OX=1227483 GN=C470_07394 PE=4 SV=1
A0A220TXT1/6-123     -            118 seed_msa             -            157     0.009   14.9   0.0   1   1    0.0033     0.011   14.6   0.0    31    77    11    55     9   113 0.74 tr|A0A220TXT1|A0A220TXT1_9BACI Globin OS=Virgibacillus phasianinus OX=2017483 GN=CFK37_00515 PE=4 SV=1
A0A081FV97/4-113     -            110 seed_msa             -            157    0.0091   14.9   0.0   1   1    0.0045     0.015   14.2   0.0    32    84    12    66     9    76 0.79 tr|A0A081FV97|A0A081FV97_9GAMM Cyanoglobin OS=Marinobacterium sp. AK27 OX=1232683 GN=ADIMK_3343 PE=4 SV=1
A0A2A2IB08/6-123     -            118 seed_msa             -            157    0.0091   14.9   0.0   1   1    0.0042     0.014   14.3   0.0    31    73    11    51     9    62 0.75 tr|A0A2A2IB08|A0A2A2IB08_9BACI Globin OS=Virgibacillus profundi OX=2024555 GN=CIL05_12345 PE=4 SV=1
A0A1T4Z4L6/9-122     -            114 seed_msa             -            157    0.0091   14.9   0.0   1   1    0.0084     0.027   13.3   0.0    30    70    10    53     8    58 0.92 tr|A0A1T4Z4L6|A0A1T4Z4L6_9ACTN Hemoglobin OS=Aeromicrobium choanae OX=1736691 GN=SAMN06295964_2182 PE=4 SV=1
A0A1V4UN76/4-119     -            116 seed_msa             -            157    0.0091   14.8   0.0   1   1     0.004     0.013   14.3   0.0    31    77    11    59     8    72 0.92 tr|A0A1V4UN76|A0A1V4UN76_9EURY Bacterial-like globin OS=Methanosaeta sp. PtaB.Bin018 OX=1811684 GN=A4E44_02030 PE=4 SV=1
A0A062U2H3/51-161    -            111 seed_msa             -            157    0.0091   14.8   0.0   1   1    0.0035     0.012   14.5   0.0    29   108     7    81     2    89 0.79 tr|A0A062U2H3|A0A062U2H3_9RHOB Uncharacterized protein OS=Hyphomonas chukchiensis OX=1280947 GN=HY30_09575 PE=4 SV=1
A0A0M7EQE7/17-137    -            121 seed_msa             -            157    0.0091   14.8   0.0   1   1    0.0045     0.015   14.2   0.0    29    82     9    61     8    66 0.88 tr|A0A0M7EQE7|A0A0M7EQE7_9BURK Truncated BHb OS=Achromobacter sp. OX=134375 GN=yjbI PE=4 SV=1
A0A179TAW0/18-138    -            121 seed_msa             -            157    0.0091   14.8   0.0   1   1    0.0045     0.015   14.2   0.0    29    82     9    61     8    66 0.88 tr|A0A179TAW0|A0A179TAW0_ALCXX Hemoglobin-like protein OS=Alcaligenes xylosoxydans xylosoxydans OX=85698 GN=A6I77_13455 PE=4 SV=1
A0A1X1SYM4/14-126    -            113 seed_msa             -            157    0.0091   14.8   0.0   1   1    0.0048     0.016   14.1   0.0    30    73    10    52     8   108 0.84 tr|A0A1X1SYM4|A0A1X1SYM4_9MYCO Group 1 truncated hemoglobin OS=Mycobacterium conspicuum OX=44010 GN=AWC00_23760 PE=3 SV=1
A0A2E7GU35/1-109     -            109 seed_msa             -            157    0.0092   14.8   0.0   1   1    0.0041     0.013   14.3   0.0    30    84     5    60     3    64 0.86 tr|A0A2E7GU35|A0A2E7GU35_9ALTE Group 1 truncated hemoglobin OS=Alteromonadaceae bacterium OX=1916082 GN=CL578_19795 PE=4 SV=1
K6XNV7/1-109         -            109 seed_msa             -            157    0.0092   14.8   0.0   1   1    0.0041     0.013   14.3   0.0    30    84     5    60     3    64 0.86 tr|K6XNV7|K6XNV7_9ALTE Hemoglobin OS=Paraglaciecola agarilytica NO2 OX=1125747 GN=glbN PE=4 SV=1
W7VIH4/10-110        -            101 seed_msa             -            157    0.0092   14.8   0.0   1   1    0.0092      0.03   13.2   0.0    29    63     8    42     6    53 0.83 tr|W7VIH4|W7VIH4_9ACTN Group 1 truncated hemoglobin OS=Micromonospora sp. M42 OX=457406 GN=MCBG_00787 PE=3 SV=1
A0A1J5TFC1/3-116     -            114 seed_msa             -            157    0.0092   14.8   0.0   1   1    0.0035     0.011   14.5   0.0    31   116    11    94     8   110 0.80 tr|A0A1J5TFC1|A0A1J5TFC1_9ZZZZ Group 1 truncated hemoglobin GlbN OS=mine drainage metagenome OX=410659 GN=glbN_1 PE=4 SV=1
A0A1H4GAM4/4-117     -            114 seed_msa             -            157    0.0092   14.8   0.4   1   1    0.0046     0.015   14.1   0.4    29    70     8    48     6    74 0.84 tr|A0A1H4GAM4|A0A1H4GAM4_9GAMM Group 1 truncated hemoglobin OS=Thiothrix caldifontis OX=525918 GN=SAMN05660964_03372 PE=3 SV=1
A0A1Y5EJY5/4-119     -            116 seed_msa             -            157    0.0093   14.8   0.0   1   1    0.0034     0.011   14.6   0.0    29    77     9    56     7   109 0.74 tr|A0A1Y5EJY5|A0A1Y5EJY5_9GAMM Group 1 truncated hemoglobin OS=Cycloclasticus sp. 46_120_T64 OX=1856281 GN=A9Q82_05975 PE=3 SV=1
A0A172TAR8/15-131    -            117 seed_msa             -            157    0.0093   14.8   0.0   1   1    0.0049     0.016   14.0   0.0    31    63    10    48     4    64 0.79 tr|A0A172TAR8|A0A172TAR8_9DEIO Globin OS=Deinococcus puniceus OX=1182568 GN=SU48_09760 PE=4 SV=1
A0A0P1HXU9/4-111     -            108 seed_msa             -            157    0.0093   14.8   0.0   1   1      0.01     0.033   13.0   0.0    31   128    11    98    10   107 0.69 tr|A0A0P1HXU9|A0A0P1HXU9_9RHOB Hemoglobin-like protein HbN OS=Leisingera aquaemixtae OX=1396826 GN=glbN PE=4 SV=1
A0A1A3I4D3/14-126    -            113 seed_msa             -            157    0.0094   14.8   0.0   1   1    0.0044     0.014   14.2   0.0    30    72    10    51     8    93 0.86 tr|A0A1A3I4D3|A0A1A3I4D3_9MYCO Group 1 truncated hemoglobin OS=Mycobacterium sp. 1423905.2 OX=1856859 GN=A9W95_16690 PE=3 SV=1
A0A1H2QVI8/5-122     -            118 seed_msa             -            157    0.0094   14.8   0.0   1   1    0.0036     0.012   14.5   0.0    29   111     9    89     7   113 0.74 tr|A0A1H2QVI8|A0A1H2QVI8_9BACL Hemoglobin OS=Alicyclobacillus hesperidum OX=89784 GN=SAMN04489725_10265 PE=4 SV=1
R4M5H6/14-127        -            114 seed_msa             -            157    0.0094   14.8   0.0   1   1    0.0036     0.012   14.5   0.0    30    71    10    50     8    92 0.87 tr|R4M5H6|R4M5H6_MYCTX Group 1 truncated hemoglobin OS=Mycobacterium tuberculosis str. Haarlem/NITR202 OX=1304279 GN=I917_10910 PE=3 SV=1
A0A1V8M438/221-337   -            117 seed_msa             -            157    0.0095   14.8   0.0   1   1    0.0039     0.013   14.4   0.0    30    86    10    70     7   114 0.75 tr|A0A1V8M438|A0A1V8M438_9GAMM Putative_PNPOx domain-containing protein OS=Methyloprofundus sedimenti OX=1420851 GN=AU255_13745 PE=4 SV=1
A0A177JKR2/8-124     -            117 seed_msa             -            157    0.0095   14.8   0.0   1   1    0.0096     0.031   13.1   0.0    31    70    11    53     8    58 0.90 tr|A0A177JKR2|A0A177JKR2_9ACTN Globin OS=Dietzia cinnamea OX=321318 GN=AYJ66_06565 PE=4 SV=1
A0A1H7F6T8/18-136    -            119 seed_msa             -            157    0.0095   14.8   0.0   1   1    0.0065     0.021   13.7   0.0    29    76     7    55     5    65 0.89 tr|A0A1H7F6T8|A0A1H7F6T8_9BURK Hemoglobin OS=Paraburkholderia caballeronis OX=416943 GN=SAMN05192542_101190 PE=4 SV=1
A8JAR3/27-140        -            114 seed_msa             -            157    0.0095   14.8   0.0   1   1    0.0049     0.016   14.0   0.0    29    64     9    45     7    52 0.90 tr|A8JAR3|A8JAR3_CHLRE Predicted protein OS=Chlamydomonas reinhardtii OX=3055 GN=THB2 PE=2 SV=1
T0J561/5-125         -            121 seed_msa             -            157    0.0095   14.8   0.0   1   1    0.0037     0.012   14.5   0.0    29    99     9    80     7   120 0.73 tr|T0J561|T0J561_9SPHN Uncharacterized protein OS=Novosphingobium lindaniclasticum LE124 OX=1096930 GN=L284_02405 PE=4 SV=1
A0A1I4BQK2/3-115     -            113 seed_msa             -            157    0.0096   14.8   0.0   1   1    0.0052     0.017   14.0   0.0    31    77    11    56     8   109 0.75 tr|A0A1I4BQK2|A0A1I4BQK2_9PSEU Group 1 truncated hemoglobin OS=Amycolatopsis sacchari OX=115433 GN=SAMN05421835_1301 PE=3 SV=1
A0A1A2BIG9/15-126    -            112 seed_msa             -            157    0.0096   14.8   0.0   1   1    0.0047     0.015   14.1   0.0    30    72     9    50     7   106 0.85 tr|A0A1A2BIG9|A0A1A2BIG9_9MYCO Group 1 truncated hemoglobin OS=Mycobacterium sp. 852002-51971_SCH5477799-a OX=1834106 GN=A5753_03045 PE=3 SV=1
A0A1I2NKP5/5-111     -            107 seed_msa             -            157    0.0097   14.8   0.0   1   1    0.0042     0.014   14.3   0.0    29    77     9    56     7   104 0.87 tr|A0A1I2NKP5|A0A1I2NKP5_9BACL Group 1 truncated hemoglobin OS=Planifilum fulgidum OX=201973 GN=SAMN04488025_11380 PE=3 SV=1
A0A2B8U538/1-116     -            116 seed_msa             -            157    0.0097   14.8   0.0   1   1    0.0047     0.015   14.1   0.0    29    64     7    42     2    59 0.76 tr|A0A2B8U538|A0A2B8U538_9BACI Globin OS=Bacillus sp. AFS055030 OX=2033507 GN=CN925_06310 PE=4 SV=1
A0A257NF91/12-126    -            115 seed_msa             -            157    0.0097   14.8   0.0   1   1    0.0039     0.013   14.4   0.0    29   112     9    90     7   108 0.73 tr|A0A257NF91|A0A257NF91_9GAMM Group 1 truncated hemoglobin OS=Methylococcaceae bacterium NSO1 OX=1917483 GN=CG442_793 PE=3 SV=1
A0A094YUZ0/8-123     -            116 seed_msa             -            157    0.0097   14.8   0.0   1   1    0.0052     0.017   14.0   0.0    30    66     9    51     7    59 0.83 tr|A0A094YUZ0|A0A094YUZ0_BACAO Globin OS=Bacillus alcalophilus ATCC 27647 = CGMCC 1.3604 OX=1218173 GN=AJ85_13580 PE=4 SV=1
A0A2E6QNN9/9-129     -            121 seed_msa             -            157    0.0098   14.8   0.0   1   1    0.0044     0.014   14.2   0.0    29    75     9    56     7    76 0.91 tr|A0A2E6QNN9|A0A2E6QNN9_9PROT Globin OS=Rhodospirillaceae bacterium OX=1898112 GN=CMM50_17725 PE=4 SV=1
A0A1C4Y5Q6/12-108    -             97 seed_msa             -            157    0.0098   14.7   0.0   1   1    0.0074     0.024   13.5   0.0    30    63     9    42     7    91 0.79 tr|A0A1C4Y5Q6|A0A1C4Y5Q6_9ACTN Group 1 truncated hemoglobin OS=Micromonospora chokoriensis OX=356851 GN=GA0070612_4319 PE=3 SV=1
A0A1X0I450/7-124     -            118 seed_msa             -            157    0.0098   14.7   0.0   1   1     0.005     0.016   14.0   0.0    31    70    11    53     8    61 0.90 tr|A0A1X0I450|A0A1X0I450_9MYCO Uncharacterized protein OS=Mycobacterium paraseoulense OX=590652 GN=BST39_24275 PE=4 SV=1
M0DQM0/5-117         -            113 seed_msa             -            157    0.0098   14.7   0.0   1   1    0.0037     0.012   14.4   0.0    29    77     9    56     7   107 0.87 tr|M0DQM0|M0DQM0_9EURY Globin OS=Halorubrum terrestre JCM 10247 OX=1227486 GN=C473_01344 PE=4 SV=1
A0A1A5XAF7/9-124     -            116 seed_msa             -            157    0.0099   14.7   0.0   1   1    0.0034     0.011   14.6   0.0    31    76     9    52     6    88 0.80 tr|A0A1A5XAF7|A0A1A5XAF7_9BACL Globin OS=Brevibacillus sp. WF146 OX=319501 GN=A6764_14320 PE=4 SV=1
A0A1M9GQV1/4-117     -            114 seed_msa             -            157    0.0099   14.7   0.2   1   1    0.0066     0.021   13.6   0.2    29   122     9    98     6   114 0.82 tr|A0A1M9GQV1|A0A1M9GQV1_9MYCO Group 1 truncated hemoglobin OS=Mycobacteroides abscessus subsp. abscessus OX=1185650 GN=glbN PE=3 SV=1
A0A1A0KC42/14-126    -            113 seed_msa             -            157    0.0099   14.7   0.0   1   1    0.0064     0.021   13.7   0.0    30    77    10    56     8   110 0.76 tr|A0A1A0KC42|A0A1A0KC42_9MYCO Group 1 truncated hemoglobin OS=Mycobacterium sp. 1100029.7 OX=1834067 GN=A5647_20990 PE=3 SV=1
A0A191UDU4/6-126     -            121 seed_msa             -            157    0.0099   14.7   0.0   1   1    0.0033     0.011   14.6   0.0    30    70    10    55     8   110 0.88 tr|A0A191UDU4|A0A191UDU4_9BURK Hemoglobin-like protein OS=Polynucleobacter wuianus OX=1743168 GN=A8O14_03400 PE=4 SV=1
A0A166MWX0/5-121     -            117 seed_msa             -            157      0.01   14.7   0.0   1   1     0.011     0.035   12.9   0.0    31    70    11    53     8    58 0.90 tr|A0A166MWX0|A0A166MWX0_9ACTN Globin OS=Dietzia maris OX=37915 GN=A2U19_14020 PE=4 SV=1
A0A2I8DSU4/18-138    -            121 seed_msa             -            157      0.01   14.7   0.0   1   1    0.0057     0.019   13.8   0.0    29    82     9    61     8    65 0.88 tr|A0A2I8DSU4|A0A2I8DSU4_9BURK Hemoglobin-like protein OS=Achromobacter sp. AONIH1 OX=1758194 GN=C2U31_15575 PE=4 SV=1
A0A119CZK4/23-143    -            121 seed_msa             -            157      0.01   14.7   0.2   1   1    0.0061      0.02   13.7   0.0    30    72    10    53     8    65 0.90 tr|A0A119CZK4|A0A119CZK4_SHEFR Globin OS=Shewanella frigidimarina OX=56812 GN=AWJ07_16820 PE=4 SV=1
F2F888/9-123         -            115 seed_msa             -            157      0.01   14.7   0.0   1   1    0.0043     0.014   14.2   0.0    26    71     3    50     1    73 0.83 tr|F2F888|F2F888_SOLSS Truncated hemoglobins OS=Solibacillus silvestris (strain StLB046) OX=1002809 GN=yjbI PE=4 SV=1
B2IE39/16-134        -            119 seed_msa             -            157      0.01   14.7   0.0   1   1    0.0041     0.013   14.3   0.0    29    95     7    76     5   115 0.75 tr|B2IE39|B2IE39_BEII9 Globin OS=Beijerinckia indica subsp. indica (strain ATCC 9039 / DSM 1715 / NCIB 8712) OX=395963 GN=Bind_0410 PE=4 SV=1
A0A0N0S390/9-123     -            115 seed_msa             -            157      0.01   14.7   0.0   1   1    0.0039     0.013   14.4   0.0    27    70     4    49     1    71 0.78 tr|A0A0N0S390|A0A0N0S390_9BACI Globin OS=Lysinibacillus contaminans OX=1293441 GN=AEA09_18540 PE=4 SV=1
A0A1C1A7S4/8-117     -            110 seed_msa             -            157      0.01   14.7   0.0   1   1    0.0039     0.013   14.4   0.0    30    70    10    52     8    71 0.87 tr|A0A1C1A7S4|A0A1C1A7S4_9BACL Globin OS=Paenibacillus pectinilyticus OX=512399 GN=A8709_08225 PE=4 SV=1
F4AHK6/29-141        -            113 seed_msa             -            157      0.01   14.7   0.0   1   1    0.0043     0.014   14.2   0.0    29    84     9    65     5    69 0.87 tr|F4AHK6|F4AHK6_GLAS4 Globin OS=Glaciecola sp. (strain 4H-3-7+YE-5) OX=983545 GN=Glaag_0166 PE=4 SV=1
A1ULS8/3-115         -            113 seed_msa             -            157      0.01   14.7   0.0   1   1    0.0059     0.019   13.8   0.0    30    73    10    52     7    97 0.82 tr|A1ULS8|A1ULS8_MYCSK Group 1 truncated hemoglobin OS=Mycobacterium sp. (strain KMS) OX=189918 GN=Mkms_4595 PE=3 SV=1
A0A2G3P969/3-112     -            110 seed_msa             -            157      0.01   14.7   0.1   1   1    0.0051     0.017   14.0   0.1    29    76     9    55     7    70 0.83 tr|A0A2G3P969|A0A2G3P969_9CHRO Group 1 truncated hemoglobin OS=Cyanobacterium aponinum IPPAS B-1201 OX=2047986 GN=CSQ80_14355 PE=3 SV=1
K9ZA57/3-112         -            110 seed_msa             -            157      0.01   14.7   0.1   1   1    0.0051     0.017   14.0   0.1    29    76     9    55     7    70 0.83 tr|K9ZA57|K9ZA57_CYAAP Group 1 truncated hemoglobin OS=Cyanobacterium aponinum (strain PCC 10605) OX=755178 GN=Cyan10605_3194 PE=3 SV=1
F2AZ49/4-103         -            100 seed_msa             -            157      0.01   14.7   0.0   1   1    0.0045     0.015   14.2   0.0    33    79     2    47     1    81 0.85 tr|F2AZ49|F2AZ49_RHOBT Globin OS=Rhodopirellula baltica WH47 OX=991778 GN=RBWH47_02306 PE=4 SV=1
A0A1H6U0C6/12-122    -            111 seed_msa             -            157      0.01   14.7   0.0   1   1    0.0099     0.032   13.1   0.0    30   105     9    79     7   107 0.65 tr|A0A1H6U0C6|A0A1H6U0C6_9ACTN Group 1 truncated hemoglobin OS=Xiangella phaseoli OX=1144548 GN=SAMN05443287_10226 PE=3 SV=1
A0A1R4JZS1/4-119     -            116 seed_msa             -            157      0.01   14.7   0.0   1   1      0.01     0.033   13.0   0.0    32    70    12    53     8    55 0.90 tr|A0A1R4JZS1|A0A1R4JZS1_9ACTN Hemoglobin-like protein HbO OS=Luteococcus japonicus LSP_Lj1 OX=1255658 GN=FM114_10420 PE=4 SV=1
A0A235B9C5/31-140    -            110 seed_msa             -            157      0.01   14.7   0.3   1   1    0.0039     0.013   14.4   0.3    29    70     9    49     7    93 0.86 tr|A0A235B9C5|A0A235B9C5_9BACL Uncharacterized protein OS=Paludifilum halophilum OX=1642702 GN=CHM34_03575 PE=4 SV=1
A0A1E4M100/2-112     -            111 seed_msa             -            157      0.01   14.7   0.0   1   1    0.0046     0.015   14.1   0.0    29    99     9    74     7   104 0.79 tr|A0A1E4M100|A0A1E4M100_9MICO Uncharacterized protein OS=Leifsonia sp. SCN 70-46 OX=1660107 GN=ABT06_03975 PE=4 SV=1
A0A1Q4AQU9/2-112     -            111 seed_msa             -            157      0.01   14.7   0.0   1   1    0.0046     0.015   14.1   0.0    29    99     9    74     7   104 0.79 tr|A0A1Q4AQU9|A0A1Q4AQU9_9MICO Uncharacterized protein OS=Micrococcales bacterium 70-64 OX=1895789 GN=BGO97_03970 PE=4 SV=1
G7DMS9/9-129         -            121 seed_msa             -            157     0.011   14.6   0.0   1   1    0.0051     0.017   14.0   0.0    31    76    11    57     8    64 0.88 tr|G7DMS9|G7DMS9_BRAJP Uncharacterized protein OS=Bradyrhizobium japonicum USDA 6 OX=1037409 GN=BJ6T_11050 PE=4 SV=1
K5E8L9/4-103         -            100 seed_msa             -            157     0.011   14.6   0.0   1   1    0.0041     0.013   14.3   0.0    33    79     2    47     1    86 0.85 tr|K5E8L9|K5E8L9_RHOBT Globin OS=Rhodopirellula baltica SH28 OX=993517 GN=RBSH_02477 PE=4 SV=1
L7CGL8/4-103         -            100 seed_msa             -            157     0.011   14.6   0.0   1   1    0.0041     0.013   14.3   0.0    33    79     2    47     1    86 0.85 tr|L7CGL8|L7CGL8_RHOBT Globin OS=Rhodopirellula baltica SWK14 OX=993516 GN=RBSWK_03920 PE=4 SV=1
A0A2G1W082/4-103     -            100 seed_msa             -            157     0.011   14.6   0.0   1   1    0.0043     0.014   14.2   0.0    33    79     2    47     1    86 0.86 tr|A0A2G1W082|A0A2G1W082_9PLAN Hemin transporter OS=Rhodopirellula bahusiensis OX=2014065 GN=CEE69_25770 PE=4 SV=1
M0PM90/5-117         -            113 seed_msa             -            157     0.011   14.6   0.0   1   1    0.0068     0.022   13.6   0.0    29    77     9    56     7    61 0.80 tr|M0PM90|M0PM90_9EURY Globin OS=Halorubrum arcis JCM 13916 OX=1230455 GN=C462_08380 PE=4 SV=1
A0A1Y6EQD1/11-127    -            117 seed_msa             -            157     0.011   14.6   0.0   1   1    0.0071     0.023   13.5   0.0    29    66     9    47     8    62 0.81 tr|A0A1Y6EQD1|A0A1Y6EQD1_9BACI Hemoglobin OS=Bacillus sp. OV166 OX=1882763 GN=SAMN05444673_1129 PE=4 SV=1
A0A1F1KR67/5-121     -            117 seed_msa             -            157     0.011   14.6   0.0   1   1     0.011     0.035   12.9   0.0    31    70    11    53     8    58 0.90 tr|A0A1F1KR67|A0A1F1KR67_9ACTN Globin OS=Dietzia sp. HMSC21D01 OX=1581054 GN=HMPREF3086_08010 PE=4 SV=1
A0A0B9GD11/25-136    -            112 seed_msa             -            157     0.011   14.6   0.0   1   1    0.0061      0.02   13.7   0.0    29    70     8    54     4    64 0.86 tr|A0A0B9GD11|A0A0B9GD11_9GAMM Globin OS=Photobacterium gaetbulicola OX=1295392 GN=RJ45_15950 PE=4 SV=1
A0A0C5WLZ4/25-136    -            112 seed_msa             -            157     0.011   14.6   0.0   1   1    0.0061      0.02   13.7   0.0    29    70     8    54     4    64 0.86 tr|A0A0C5WLZ4|A0A0C5WLZ4_9GAMM Uncharacterized protein OS=Photobacterium gaetbulicola Gung47 OX=658445 GN=H744_2c1490 PE=4 SV=1
A0A0M6ZUL3/5-112     -            108 seed_msa             -            157     0.011   14.6   0.0   1   1    0.0049     0.016   14.1   0.0    31    78    10    56     8   101 0.88 tr|A0A0M6ZUL3|A0A0M6ZUL3_9RHOB SynHb OS=Labrenzia alba OX=311410 GN=glbN PE=4 SV=1
A0A1H6S263/5-120     -            116 seed_msa             -            157     0.011   14.6   0.0   1   1    0.0044     0.014   14.2   0.0    29    72     9    50     7    68 0.77 tr|A0A1H6S263|A0A1H6S263_9BACT Hemoglobin OS=Dyadobacter koreensis OX=408657 GN=SAMN04487995_1689 PE=4 SV=1
V6M8I7/16-128        -            113 seed_msa             -            157     0.011   14.6   0.9   1   1     0.035      0.11   11.3   0.9    29   116     9    91     7   110 0.64 tr|V6M8I7|V6M8I7_9BACL Group 1 truncated hemoglobin OS=Brevibacillus panacihumi W25 OX=1408254 GN=T458_10270 PE=3 SV=1
A0A1A2MZ13/14-126    -            113 seed_msa             -            157     0.011   14.6   0.0   1   1    0.0046     0.015   14.1   0.0    30    72    10    51     8   107 0.88 tr|A0A1A2MZ13|A0A1A2MZ13_9MYCO Group 1 truncated hemoglobin OS=Mycobacterium sp. E1747 OX=1834128 GN=A5695_26720 PE=3 SV=1
A0A2D9JF20/4-104     -            101 seed_msa             -            157     0.011   14.6   0.0   1   1    0.0042     0.014   14.3   0.0    33    79     2    47     1    86 0.85 tr|A0A2D9JF20|A0A2D9JF20_9PLAN Group 1 truncated hemoglobin OS=Rhodopirellula sp. OX=2024855 GN=CMM00_09520 PE=4 SV=1
A0A0X8P5G0/18-138    -            121 seed_msa             -            157     0.011   14.6   0.0   1   1    0.0055     0.018   13.9   0.0    29    82     9    61     8    66 0.88 tr|A0A0X8P5G0|A0A0X8P5G0_ALCXX Hemoglobin-like protein OS=Alcaligenes xylosoxydans xylosoxydans OX=85698 GN=AL504_09945 PE=4 SV=1
F7T4L5/17-137        -            121 seed_msa             -            157     0.011   14.6   0.0   1   1    0.0055     0.018   13.9   0.0    29    82     9    61     8    66 0.88 tr|F7T4L5|F7T4L5_9BURK Globin family protein 2 OS=Achromobacter insuavis AXX-A OX=1003200 GN=AXXA_19437 PE=4 SV=1
A0A2H0QCW1/3-115     -            113 seed_msa             -            157     0.011   14.6   0.1   1   1    0.0081     0.027   13.3   0.1    30   116    10    91     7   108 0.73 tr|A0A2H0QCW1|A0A2H0QCW1_9PROT Group 1 truncated hemoglobin OS=Alphaproteobacteria bacterium CG11_big_fil_rev_8_21_14_0_20_44_7 OX=1973901 GN=COV36_05220 PE=3 SV=1
A0A218Q0U9/3-105     -            103 seed_msa             -            157     0.011   14.6   0.3   1   1    0.0062      0.02   13.7   0.3    29    85     9    66     7    98 0.68 tr|A0A218Q0U9|A0A218Q0U9_9CYAN Group 1 truncated hemoglobin OS=Nodularia sp. NIES-3585 OX=1973477 GN=glbN PE=3 SV=1
A0A0Q3WS98/7-105     -             99 seed_msa             -            157     0.011   14.6   0.0   1   1    0.0041     0.013   14.3   0.0    28    66     7    46     2    61 0.81 tr|A0A0Q3WS98|A0A0Q3WS98_9BACI Globin OS=Bacillus shackletonii OX=157838 GN=AN964_22195 PE=4 SV=1
A0A162SEF2/6-121     -            116 seed_msa             -            157     0.011   14.6   0.0   1   1    0.0034     0.011   14.6   0.0    29    60     7    44     5   106 0.85 tr|A0A162SEF2|A0A162SEF2_9BACL Globin OS=Acidibacillus ferrooxidans OX=1765683 GN=AYJ22_13925 PE=4 SV=1
G8RPN1/3-115         -            113 seed_msa             -            157     0.011   14.6   0.0   1   1    0.0044     0.014   14.2   0.0    32    72    12    51     7    92 0.87 tr|G8RPN1|G8RPN1_MYCRN Group 1 truncated hemoglobin OS=Mycolicibacterium rhodesiae (strain NBB3) OX=710685 GN=MycrhN_1990 PE=3 SV=1
A0A256HN62/5-117     -            113 seed_msa             -            157     0.011   14.6   0.0   1   1    0.0082     0.027   13.3   0.0    30    77    10    56     8    65 0.81 tr|A0A256HN62|A0A256HN62_9EURY Group 1 truncated hemoglobin OS=Halorubrum sp. Eb13 OX=1383843 GN=DJ75_07470 PE=4 SV=1
A0A256IEF7/5-117     -            113 seed_msa             -            157     0.011   14.6   0.0   1   1    0.0082     0.027   13.3   0.0    30    77    10    56     8    65 0.81 tr|A0A256IEF7|A0A256IEF7_9EURY Group 1 truncated hemoglobin OS=Halorubrum sp. Ea1 OX=1480718 GN=DJ73_04800 PE=4 SV=1
A0A0A0DUW5/29-140    -            112 seed_msa             -            157     0.011   14.6   0.0   1   1     0.004     0.013   14.3   0.0    30    77     9    55     6    90 0.90 tr|A0A0A0DUW5|A0A0A0DUW5_9BURK Uncharacterized protein OS=Aquabacterium sp. NJ1 OX=1538295 GN=JY96_19335 PE=4 SV=1
A0A1C4VU58/12-107    -             96 seed_msa             -            157     0.011   14.6   0.0   1   1     0.005     0.016   14.0   0.0    30    59     9    39     7    91 0.82 tr|A0A1C4VU58|A0A1C4VU58_9ACTN Group 1 truncated hemoglobin OS=Micromonospora saelicesensis OX=285676 GN=GA0070561_2066 PE=3 SV=1
G3IQT3/10-124        -            115 seed_msa             -            157     0.011   14.5   0.1   1   1    0.0048     0.016   14.1   0.1    29    77     9    56     7   111 0.69 tr|G3IQT3|G3IQT3_METTV Group 1 truncated hemoglobin OS=Methylobacter tundripaludum (strain ATCC BAA-1195 / DSM 17260 / SV96) OX=697282 GN=Mettu_2132 PE=3 SV=1
A0A1V4HQP5/8-121     -            114 seed_msa             -            157     0.011   14.5   0.0   1   1    0.0051     0.016   14.0   0.0    30    73    10    51     8    63 0.74 tr|A0A1V4HQP5|A0A1V4HQP5_9BACL Globin OS=Paenibacillus ferrarius OX=1469647 GN=BC351_18125 PE=4 SV=1
A0A256I955/5-116     -            112 seed_msa             -            157     0.011   14.5   0.0   1   1     0.008     0.026   13.4   0.0    30    77    10    56     8    65 0.81 tr|A0A256I955|A0A256I955_9EURY Group 1 truncated hemoglobin OS=Halorubrum sp. Ea8 OX=1383841 GN=DJ74_00040 PE=4 SV=1
A0A259TBX6/20-133    -            114 seed_msa             -            157     0.011   14.5   0.0   1   1    0.0095     0.031   13.1   0.0    30    70    10    52     7    61 0.92 tr|A0A259TBX6|A0A259TBX6_9BACL Globin OS=Paenibacillus sp. XY044 OX=2026089 GN=CJP46_16305 PE=4 SV=1
A0A0C1XCT1/4-117     -            114 seed_msa             -            157     0.011   14.5   0.1   1   1    0.0065     0.021   13.7   0.1    30   124     9    98     7   112 0.82 tr|A0A0C1XCT1|A0A0C1XCT1_9CYAN Group 1 truncated hemoglobin OS=Hassallia byssoidea VB512170 OX=1304833 GN=PI95_53735 PE=3 SV=1
A0A101AXX4/3-115     -            113 seed_msa             -            157     0.011   14.5   0.0   1   1     0.009     0.029   13.2   0.0    30    73    10    52     7   109 0.81 tr|A0A101AXX4|A0A101AXX4_9MYCO Group 1 truncated hemoglobin OS=Mycobacterium sp. GA-2829 OX=1772283 GN=AU194_09165 PE=3 SV=1
K9PBS7/2-115         -            114 seed_msa             -            157     0.012   14.5   0.0   1   1    0.0061      0.02   13.7   0.0    29   125     9   100     7   113 0.83 tr|K9PBS7|K9PBS7_9CYAN Group 1 truncated hemoglobin OS=Calothrix sp. PCC 7507 OX=99598 GN=Cal7507_0081 PE=3 SV=1
L0IE58/6-118         -            113 seed_msa             -            157     0.012   14.5   0.0   1   1     0.011     0.035   13.0   0.0    30    99    10    74     7   110 0.65 tr|L0IE58|L0IE58_HALRX Truncated hemoglobin OS=Halovivax ruber (strain DSM 18193 / JCM 13892 / XH-70) OX=797302 GN=Halru_1640 PE=4 SV=1
A0A1Y1Q7S5/4-117     -            114 seed_msa             -            157     0.012   14.5   0.4   1   1    0.0046     0.015   14.2   0.4    29    70     8    48     6    94 0.83 tr|A0A1Y1Q7S5|A0A1Y1Q7S5_9GAMM Group 1 truncated hemoglobin OS=Thiothrix lacustris OX=525917 GN=BWK73_51810 PE=3 SV=1
A0A149Q6K8/26-138    -            113 seed_msa             -            157     0.012   14.5   0.0   1   1    0.0041     0.013   14.3   0.0    32    72    12    51     5    89 0.81 tr|A0A149Q6K8|A0A149Q6K8_9BURK Globin OS=Caballeronia megalochromosomata OX=1399969 GN=CR51_29885 PE=4 SV=1
A0A0Q8XBS0/18-138    -            121 seed_msa             -            157     0.012   14.5   0.0   1   1    0.0073     0.024   13.5   0.0    31    82    11    61     8    65 0.88 tr|A0A0Q8XBS0|A0A0Q8XBS0_9BURK Hemoglobin-like protein OS=Achromobacter sp. Root83 OX=1736602 GN=ASE30_08430 PE=4 SV=1
A0A2E3RTF9/20-138    -            119 seed_msa             -            157     0.012   14.5   0.0   1   1    0.0068     0.022   13.6   0.0    29    70     8    54     6    56 0.89 tr|A0A2E3RTF9|A0A2E3RTF9_9BACT Hemoglobin-like protein OS=Phycisphaerae bacterium OX=2026778 GN=CMJ32_11435 PE=4 SV=1
A0A1G7WEM6/6-123     -            118 seed_msa             -            157     0.012   14.5   0.0   1   1    0.0056     0.018   13.9   0.0    30    70    10    53     5    62 0.90 tr|A0A1G7WEM6|A0A1G7WEM6_9PSEU Hemoglobin OS=Pseudonocardia oroxyli OX=366584 GN=SAMN05216377_11497 PE=4 SV=1
A0A1H7A344/13-136    -            124 seed_msa             -            157     0.012   14.5   0.0   1   1    0.0047     0.015   14.1   0.0    29    72     7    51     5    71 0.90 tr|A0A1H7A344|A0A1H7A344_9BURK Hemoglobin OS=Variovorax sp. OK202 OX=1884311 GN=SAMN05518853_102651 PE=4 SV=1
A0A1G9DSX7/23-141    -            119 seed_msa             -            157     0.012   14.5   0.0   1   1     0.012      0.04   12.8   0.0    30    70    10    53     7    55 0.90 tr|A0A1G9DSX7|A0A1G9DSX7_9ACTN Hemoglobin OS=Glycomyces sambucus OX=380244 GN=SAMN05216298_1076 PE=4 SV=1
C5BM43/28-140        -            113 seed_msa             -            157     0.012   14.5   0.0   1   1    0.0058     0.019   13.8   0.0    31    78    11    57     8   107 0.86 tr|C5BM43|C5BM43_TERTT Protozoan/cyanobacterial globin protein OS=Teredinibacter turnerae (strain ATCC 39867 / T7901) OX=377629 GN=TERTU_0295 PE=4 SV=1
A0A0N1AF66/17-134    -            118 seed_msa             -            157     0.012   14.5   0.0   1   1    0.0082     0.027   13.3   0.0    29   121     7   104     4   115 0.78 tr|A0A0N1AF66|A0A0N1AF66_9PROT Uncharacterized protein OS=beta proteobacterium AAP65 OX=1523424 GN=IP80_07035 PE=4 SV=1
M0EUC2/5-117         -            113 seed_msa             -            157     0.012   14.5   0.1   1   1    0.0083     0.027   13.3   0.1    29    77     9    56     7   106 0.83 tr|M0EUC2|M0EUC2_9EURY Globin OS=Halorubrum coriense DSM 10284 OX=1227466 GN=C464_01341 PE=4 SV=1
W9G5V2/5-111         -            107 seed_msa             -            157     0.012   14.5   0.0   1   1    0.0071     0.023   13.5   0.0    30    70     8    47     6    66 0.80 tr|W9G5V2|W9G5V2_9MICO Group 1 truncated hemoglobin OS=Intrasporangium oryzae NRRL B-24470 OX=1386089 GN=N865_10430 PE=3 SV=1
A0A179IRS2/5-121     -            117 seed_msa             -            157     0.012   14.5   0.0   1   1    0.0049     0.016   14.1   0.0    30    66     9    45     6   116 0.84 tr|A0A179IRS2|A0A179IRS2_HYDSH Globin OS=Hydrogenibacillus schlegelii OX=1484 GN=SA87_01085 PE=4 SV=1
Q1UYZ7/4-116         -            113 seed_msa             -            157     0.012   14.4   0.0   1   1    0.0066     0.022   13.6   0.0    30    77    10    56     7   110 0.73 tr|Q1UYZ7|Q1UYZ7_PELUQ Group 1 truncated hemoglobin OS=Candidatus Pelagibacter ubique HTCC1002 OX=314261 GN=PU1002_01690 PE=3 SV=1
Q4FLB5/18-130        -            113 seed_msa             -            157     0.012   14.4   0.0   1   1    0.0066     0.022   13.6   0.0    30    77    10    56     7   110 0.73 tr|Q4FLB5|Q4FLB5_PELUB Group 1 truncated hemoglobin OS=Pelagibacter ubique (strain HTCC1062) OX=335992 GN=glbN PE=3 SV=1
B2GG22/15-133        -            119 seed_msa             -            157     0.012   14.4   0.0   1   1     0.011     0.035   13.0   0.0    31    70    11    53     5    58 0.90 tr|B2GG22|B2GG22_KOCRD 2-on-2 hemoglobin OS=Kocuria rhizophila (strain ATCC 9341 / DSM 348 / NBRC 103217 / DC2201) OX=378753 GN=glbO PE=4 SV=1
A0A0Q6TIT5/8-128     -            121 seed_msa             -            157     0.012   14.4   0.0   1   1    0.0043     0.014   14.2   0.0    29   118     9   103     6   120 0.78 tr|A0A0Q6TIT5|A0A0Q6TIT5_9BURK Globin OS=Pelomonas sp. Root1217 OX=1736430 GN=ASC95_21720 PE=4 SV=1
A0A1Z4N183/3-105     -            103 seed_msa             -            157     0.012   14.4   0.6   1   1    0.0085     0.028   13.3   0.6    30    86    10    67     7   101 0.69 tr|A0A1Z4N183|A0A1Z4N183_9CYAN Group 1 truncated hemoglobin OS=Tolypothrix tenuis PCC 7101 OX=231146 GN=glbN PE=3 SV=1
A0A1Z4UBV0/3-105     -            103 seed_msa             -            157     0.012   14.4   0.6   1   1    0.0085     0.028   13.3   0.6    30    86    10    67     7   101 0.69 tr|A0A1Z4UBV0|A0A1Z4UBV0_9CYAN Group 1 truncated hemoglobin OS=Aulosira laxa NIES-50 OX=1541988 GN=glbN PE=3 SV=1
A0A1H8UUC1/6-116     -            111 seed_msa             -            157     0.012   14.4   0.0   1   1    0.0043     0.014   14.2   0.0    30    95    10    75     8   103 0.83 tr|A0A1H8UUC1|A0A1H8UUC1_9BACL Hemoglobin OS=Paenibacillus sophorae OX=1333845 GN=SAMN04487895_11937 PE=4 SV=1
A0A1V5F0C6/9-129     -            121 seed_msa             -            157     0.012   14.4   0.0   1   1    0.0063     0.021   13.7   0.0    30    76    10    57     8    63 0.89 tr|A0A1V5F0C6|A0A1V5F0C6_9BRAD Globin OS=Bradyrhizobium sacchari OX=1399419 GN=A5906_20190 PE=4 SV=1
A0A166W3Z9/21-126    -            106 seed_msa             -            157     0.013   14.4   0.0   1   1    0.0042     0.014   14.3   0.0    32    97     8    76     4   103 0.82 tr|A0A166W3Z9|A0A166W3Z9_9GAMM Globin OS=Thalassolituus sp. HI0120 OX=1822263 GN=A3759_07800 PE=4 SV=1
A0A0A5G9C6/7-124     -            118 seed_msa             -            157     0.013   14.4   0.0   1   1    0.0068     0.022   13.6   0.0    33    69    13    51    10    61 0.76 tr|A0A0A5G9C6|A0A0A5G9C6_9BACI Globin OS=Pontibacillus litoralis JSM 072002 OX=1385512 GN=N784_13945 PE=4 SV=1
A0A0M4FYF3/4-117     -            114 seed_msa             -            157     0.013   14.4   0.1   1   1    0.0075     0.024   13.5   0.1    29    75     9    55     7   111 0.80 tr|A0A0M4FYF3|A0A0M4FYF3_9BACI Group 1 truncated hemoglobin OS=Bacillus sp. FJAT-18017 OX=1705566 GN=AM500_17180 PE=3 SV=1
A0A268BPE6/7-124     -            118 seed_msa             -            157     0.013   14.4   0.0   1   1    0.0058     0.019   13.8   0.0    30    74    10    52     8    61 0.78 tr|A0A268BPE6|A0A268BPE6_9BACI Globin OS=Terribacillus sp. 7520-G OX=2025389 GN=CHH53_12125 PE=4 SV=1
B7KI32/3-109         -            107 seed_msa             -            157     0.013   14.4   1.1   1   1     0.011     0.037   12.9   1.1    29    71     9    50     7    96 0.80 tr|B7KI32|B7KI32_GLOC7 Group 1 truncated hemoglobin OS=Gloeothece citriformis (strain PCC 7424) OX=65393 GN=PCC7424_5169 PE=3 SV=1
A0A0R2V2K5/4-116     -            113 seed_msa             -            157     0.013   14.4   0.0   1   1    0.0069     0.022   13.6   0.0    30    77    10    56     7   110 0.74 tr|A0A0R2V2K5|A0A0R2V2K5_9PROT Group 1 truncated hemoglobin OS=Pelagibacteraceae bacterium BACL20 MAG-120920-bin64 OX=1655618 GN=ABS16_00245 PE=3 SV=1
A0A0Q7J8T9/3-111     -            109 seed_msa             -            157     0.013   14.4   0.0   1   1    0.0072     0.023   13.5   0.0    30    76     9    53     6    61 0.77 tr|A0A0Q7J8T9|A0A0Q7J8T9_9BACL Globin OS=Paenibacillus sp. Root444D2 OX=1736538 GN=ASD40_09830 PE=4 SV=1
A0A0Q9L749/3-111     -            109 seed_msa             -            157     0.013   14.4   0.0   1   1    0.0072     0.023   13.5   0.0    30    76     9    53     6    61 0.77 tr|A0A0Q9L749|A0A0Q9L749_9BACL Globin OS=Paenibacillus sp. Soil724D2 OX=1736392 GN=ASG85_23095 PE=4 SV=1
A0A087MZI3/9-123     -            115 seed_msa             -            157     0.013   14.4   0.0   1   1     0.005     0.016   14.0   0.0    27    70     4    49     1    69 0.87 tr|A0A087MZI3|A0A087MZI3_9BACI Globin OS=Lysinibacillus sp. BF-4 OX=1473546 GN=CH76_13295 PE=4 SV=1
A0A0Q7MYX8/17-129    -            113 seed_msa             -            157     0.013   14.4   0.0   1   1    0.0058     0.019   13.8   0.0    30    74    10    53     7    78 0.85 tr|A0A0Q7MYX8|A0A0Q7MYX8_9NOCA Group 1 truncated hemoglobin OS=Nocardia sp. Root136 OX=1736458 GN=ASD42_20890 PE=3 SV=1
A0A1C0YK01/9-123     -            115 seed_msa             -            157     0.013   14.4   0.1   1   1    0.0051     0.017   14.0   0.1    26    70     3    49     1    72 0.89 tr|A0A1C0YK01|A0A1C0YK01_9BACL Globin OS=Caryophanon tenue OX=33978 GN=A6M13_09170 PE=4 SV=1
A0A078MA20/9-123     -            115 seed_msa             -            157     0.013   14.4   0.0   1   1     0.005     0.016   14.0   0.0    27    70     4    49     1    69 0.87 tr|A0A078MA20|A0A078MA20_9BACI Group 2 truncated hemoglobin YjbI OS=Lysinibacillus saudimassiliensis OX=1461583 GN=yjbI PE=4 SV=1
A0A1E5QWK3/3-117     -            115 seed_msa             -            157     0.013   14.3   0.3   1   1    0.0073     0.024   13.5   0.3    29    77     9    56     7   114 0.68 tr|A0A1E5QWK3|A0A1E5QWK3_9CHRO Group 1 truncated hemoglobin OS=Cyanobacterium sp. IPPAS B-1200 OX=1562720 GN=A5482_11335 PE=3 SV=1
A0A257N8Q0/12-126    -            115 seed_msa             -            157     0.013   14.3   0.0   1   1    0.0057     0.019   13.8   0.0    29    79     9    58     7   104 0.72 tr|A0A257N8Q0|A0A257N8Q0_9GAMM Group 1 truncated hemoglobin OS=Methylococcaceae bacterium NSP1-1 OX=1917480 GN=CG438_759 PE=3 SV=1
A0A254QQM0/3-108     -            106 seed_msa             -            157     0.013   14.3   0.0   1   1    0.0049     0.016   14.1   0.0    35   136    14   105     8   106 0.84 tr|A0A254QQM0|A0A254QQM0_9RHOB Globin OS=Phaeobacter sp. 22II1-1F12B OX=1317111 GN=ATO1_17795 PE=4 SV=1
A0A2G6HCW9/2-114     -            113 seed_msa             -            157     0.013   14.3   0.0   1   1     0.013     0.043   12.7   0.0    33    71    13    54     9    62 0.89 tr|A0A2G6HCW9|A0A2G6HCW9_9ACTO Globin OS=Actinomycetales bacterium OX=1911520 GN=CSA84_02580 PE=4 SV=1
A0A127M8X5/3-116     -            114 seed_msa             -            157     0.013   14.3   0.0   1   1    0.0059     0.019   13.8   0.0    29   111     9    86     7   110 0.71 tr|A0A127M8X5|A0A127M8X5_9GAMM Group 1 truncated hemoglobin OS=Zhongshania aliphaticivorans OX=1470434 GN=AZF00_15660 PE=3 SV=1
I2JH56/3-116         -            114 seed_msa             -            157     0.013   14.3   0.0   1   1    0.0059     0.019   13.8   0.0    29   111     9    86     7   110 0.71 tr|I2JH56|I2JH56_9GAMM Group 1 truncated hemoglobin OS=gamma proteobacterium BDW918 OX=1168065 GN=DOK_15174 PE=3 SV=1
A0A0D7NZM9/9-129     -            121 seed_msa             -            157     0.013   14.3   0.0   1   1    0.0077     0.025   13.4   0.0    30    76    10    57     8    66 0.89 tr|A0A0D7NZM9|A0A0D7NZM9_9BRAD Globin OS=Bradyrhizobium sp. LTSP849 OX=1615890 GN=UB31_22910 PE=4 SV=1
G8RKF8/3-115         -            113 seed_msa             -            157     0.013   14.3   0.0   1   1    0.0073     0.024   13.5   0.0    30    68    10    47     7    60 0.86 tr|G8RKF8|G8RKF8_MYCRN Group 1 truncated hemoglobin OS=Mycolicibacterium rhodesiae (strain NBB3) OX=710685 GN=MycrhN_3020 PE=3 SV=1
C5LT57/67-175        -            109 seed_msa             -            157     0.013   14.3   0.0   1   1    0.0058     0.019   13.8   0.0    32   114    11    88     7   106 0.72 tr|C5LT57|C5LT57_PERM5 Uncharacterized protein OS=Perkinsus marinus (strain ATCC 50983 / TXsc) OX=423536 GN=Pmar_PMAR024501 PE=4 SV=1
A0A0Q9QYB8/3-112     -            110 seed_msa             -            157     0.013   14.3   0.0   1   1    0.0061      0.02   13.7   0.0    30    75     9    52     7    61 0.76 tr|A0A0Q9QYB8|A0A0Q9QYB8_9BACL Globin OS=Paenibacillus sp. Soil766 OX=1736404 GN=ASG89_22565 PE=4 SV=1
A0A0Q8V8L0/2-113     -            112 seed_msa             -            157     0.013   14.3   0.0   1   1    0.0056     0.018   13.9   0.0    31    76    11    55     8    91 0.90 tr|A0A0Q8V8L0|A0A0Q8V8L0_9ACTN Group 1 truncated hemoglobin OS=Nocardioides sp. Root79 OX=1736600 GN=ASE19_14530 PE=3 SV=1
A0A0Q8WDN9/2-113     -            112 seed_msa             -            157     0.013   14.3   0.0   1   1    0.0056     0.018   13.9   0.0    31    76    11    55     8    91 0.90 tr|A0A0Q8WDN9|A0A0Q8WDN9_9ACTN Group 1 truncated hemoglobin OS=Nocardioides sp. Root240 OX=1736500 GN=ASE20_18225 PE=3 SV=1
A0A1U7H9I2/3-95      -             93 seed_msa             -            157     0.013   14.3   0.0   1   1    0.0045     0.015   14.2   0.0    29    72     9    51     7    90 0.77 tr|A0A1U7H9I2|A0A1U7H9I2_9CYAN Uncharacterized protein OS=Hydrococcus rivularis NIES-593 OX=1921803 GN=NIES593_19550 PE=4 SV=1
M5U249/25-131        -            107 seed_msa             -            157     0.014   14.3   0.0   1   2     0.058      0.19   10.6   0.0    32    79     8    54     4    86 0.82 tr|M5U249|M5U249_9PLAN Globin OS=Rhodopirellula sallentina SM41 OX=1263870 GN=RSSM_03156 PE=4 SV=1
M5U249/25-131        -            107 seed_msa             -            157     0.014   14.3   0.0   2   2       7.3        24    3.8   0.0    13    51    55    93    53    98 0.86 tr|M5U249|M5U249_9PLAN Globin OS=Rhodopirellula sallentina SM41 OX=1263870 GN=RSSM_03156 PE=4 SV=1
I2QJ94/9-129         -            121 seed_msa             -            157     0.014   14.3   0.0   1   1    0.0074     0.024   13.5   0.0    30    76    10    57     8    66 0.89 tr|I2QJ94|I2QJ94_9BRAD Hemoglobin OS=Bradyrhizobium sp. WSM1253 OX=319003 GN=Bra1253DRAFT_04602 PE=4 SV=1
D5CMC9/3-115         -            113 seed_msa             -            157     0.014   14.3   0.0   1   1     0.005     0.016   14.0   0.0    30    82    10    59     7   101 0.70 tr|D5CMC9|D5CMC9_SIDLE Group 1 truncated hemoglobin OS=Sideroxydans lithotrophicus (strain ES-1) OX=580332 GN=Slit_2374 PE=3 SV=1
A0A1X0H7E5/3-115     -            113 seed_msa             -            157     0.014   14.3   0.0   1   1    0.0067     0.022   13.6   0.0    30    72    10    51     7    94 0.85 tr|A0A1X0H7E5|A0A1X0H7E5_9MYCO Group 1 truncated hemoglobin OS=Mycolicibacterium monacense DSM 44395 OX=1226751 GN=BST34_07750 PE=3 SV=1
H6N9G9/8-118         -            111 seed_msa             -            157     0.014   14.3   0.0   1   1    0.0058     0.019   13.8   0.0    29    74     9    52     7    70 0.76 tr|H6N9G9|H6N9G9_9BACL Globin family protein OS=Paenibacillus mucilaginosus 3016 OX=1116391 GN=PM3016_1036 PE=4 SV=1
I0BCN4/8-118         -            111 seed_msa             -            157     0.014   14.3   0.0   1   1    0.0058     0.019   13.8   0.0    29    74     9    52     7    70 0.76 tr|I0BCN4|I0BCN4_9BACL Globin OS=Paenibacillus mucilaginosus K02 OX=997761 GN=B2K_05230 PE=4 SV=1
A0A2A5DFX0/3-118     -            116 seed_msa             -            157     0.014   14.2   0.0   1   1    0.0072     0.023   13.5   0.0    29    89     9   108     7   114 0.72 tr|A0A2A5DFX0|A0A2A5DFX0_9BACT Group 1 truncated hemoglobin OS=Candidatus Hydrogenedentes bacterium OX=2030809 GN=COA73_14230 PE=3 SV=1
A0A261SQQ9/18-138    -            121 seed_msa             -            157     0.014   14.2   0.0   1   1    0.0075     0.024   13.5   0.0    29    77     9    58     8    66 0.89 tr|A0A261SQQ9|A0A261SQQ9_9BORD Hemoglobin-like protein OS=Bordetella genomosp. 1 OX=1395607 GN=CEG14_08190 PE=4 SV=1
A0A1M3E815/9-125     -            117 seed_msa             -            157     0.014   14.2   0.0   1   1    0.0054     0.018   13.9   0.0    31    66    11    47     8    79 0.83 tr|A0A1M3E815|A0A1M3E815_9BACT Globin OS=Bacteroidetes bacterium 43-16 OX=1895923 GN=BGO31_05105 PE=4 SV=1
V5C7V6/4-109         -            106 seed_msa             -            157     0.014   14.2   0.0   1   1    0.0061      0.02   13.7   0.0    29   116     9    94     7    98 0.76 tr|V5C7V6|V5C7V6_9GAMM Group 1 truncated hemoglobin OS=Methyloglobulus morosus KoM1 OX=1116472 GN=glbN PE=3 SV=1
A0A2I9DH97/12-127    -            116 seed_msa             -            157     0.014   14.2   0.0   1   1    0.0089     0.029   13.2   0.0    30    74     9    51     3    67 0.80 tr|A0A2I9DH97|A0A2I9DH97_9DEIO Globin OS=Deinococcus aerius OX=200253 GN=DAERI_050057 PE=4 SV=1
A0A0X8CNN6/9-129     -            121 seed_msa             -            157     0.014   14.2   0.0   1   1    0.0067     0.022   13.6   0.0    30    76    10    57     8    78 0.88 tr|A0A0X8CNN6|A0A0X8CNN6_9BRAD Globin OS=Bradyrhizobium sp. CCGE-LA001 OX=1223566 GN=BCCGELA001_34240 PE=4 SV=1
A0A0N0M7L7/7-124     -            118 seed_msa             -            157     0.014   14.2   0.0   1   1     0.006     0.019   13.8   0.0    31    73    11    51     9    63 0.75 tr|A0A0N0M7L7|A0A0N0M7L7_9BACI Globin OS=Oceanobacillus caeni OX=405946 GN=AFL42_10400 PE=4 SV=1
A0A1X2CGV0/14-126    -            113 seed_msa             -            157     0.014   14.2   0.0   1   1    0.0059     0.019   13.8   0.0    30    72    10    51     8   107 0.89 tr|A0A1X2CGV0|A0A1X2CGV0_9MYCO Group 1 truncated hemoglobin OS=Mycobacterium saskatchewanense OX=220927 GN=AWC23_02985 PE=3 SV=1
A0A0X8WYS5/6-119     -            114 seed_msa             -            157     0.014   14.2   0.2   1   1    0.0081     0.026   13.4   0.0    29    72     9    51     7    59 0.86 tr|A0A0X8WYS5|A0A0X8WYS5_9CYAN Group 1 truncated hemoglobin OS=Leptolyngbya sp. O-77 OX=1080068 GN=glbN PE=3 SV=1
A0A1A2S3D6/15-126    -            112 seed_msa             -            157     0.014   14.2   0.0   1   1    0.0068     0.022   13.6   0.0    30    72     9    50     7   106 0.86 tr|A0A1A2S3D6|A0A1A2S3D6_9MYCO Group 1 truncated hemoglobin OS=Mycobacterium sp. E2479 OX=1834134 GN=A5686_23485 PE=3 SV=1
K0UP29/2-114         -            113 seed_msa             -            157     0.014   14.2   0.0   1   1    0.0051     0.017   14.0   0.0    30    72    10    51     8    92 0.90 tr|K0UP29|K0UP29_MYCVA Group 1 truncated hemoglobin OS=Mycolicibacterium vaccae ATCC 25954 OX=1194972 GN=MVAC_29288 PE=3 SV=1
A0A265NH90/6-123     -            118 seed_msa             -            157     0.014   14.2   0.0   1   1    0.0075     0.025   13.4   0.0    32    74    12    52    10    64 0.75 tr|A0A265NH90|A0A265NH90_9BACI Globin OS=Virgibacillus indicus OX=2024554 GN=CIL03_05620 PE=4 SV=1
C5KNH0/3-105         -            103 seed_msa             -            157     0.014   14.2   0.0   1   1    0.0049     0.016   14.1   0.0    29    77     9    56     7    91 0.91 tr|C5KNH0|C5KNH0_PERM5 Group 1 truncated hemoglobin OS=Perkinsus marinus (strain ATCC 50983 / TXsc) OX=423536 GN=Pmar_PMAR022517 PE=3 SV=1
C7NZ91/5-113         -            109 seed_msa             -            157     0.014   14.2   0.0   1   1    0.0054     0.018   13.9   0.0    31    77    11    56     9   108 0.82 tr|C7NZ91|C7NZ91_HALMD Globin OS=Halomicrobium mukohataei (strain ATCC 700874 / DSM 12286 / JCM 9738 / NCIMB 13541) OX=485914 GN=Hmuk_0645 PE=4 SV=1
A0A199AU21/9-125     -            117 seed_msa             -            157     0.014   14.2   0.0   1   1     0.016     0.053   12.4   0.0    31    70    11    53     8    58 0.90 tr|A0A199AU21|A0A199AU21_9ACTN Globin OS=Dietzia sp. 111N12-1 OX=1785156 GN=AYO52_07385 PE=4 SV=1
A0A1E3R276/9-125     -            117 seed_msa             -            157     0.014   14.2   0.0   1   1     0.016     0.053   12.4   0.0    31    70    11    53     8    58 0.90 tr|A0A1E3R276|A0A1E3R276_9ACTN Globin OS=Dietzia alimentaria OX=665550 GN=BFG51_08115 PE=4 SV=1
J9EQ09/46-155        -            110 seed_msa             -            157     0.015   14.2   0.0   1   1     0.012      0.04   12.8   0.0    32    63    12    46     9    91 0.79 tr|J9EQ09|J9EQ09_9SPIT Protozoan/cyanobacterial globin family protein OS=Oxytricha trifallax OX=1172189 GN=OXYTRI_11238 PE=4 SV=1
U1X567/19-131        -            113 seed_msa             -            157     0.015   14.2   0.8   1   1     0.018     0.058   12.2   0.8    30    66    10    47     8   107 0.85 tr|U1X567|U1X567_ANEAE Group 1 truncated hemoglobin OS=Aneurinibacillus aneurinilyticus ATCC 12856 OX=649747 GN=HMPREF0083_01729 PE=3 SV=1
A0A0M7MQT9/17-137    -            121 seed_msa             -            157     0.015   14.2   0.0   1   1    0.0074     0.024   13.5   0.0    29    77     9    58     8    65 0.88 tr|A0A0M7MQT9|A0A0M7MQT9_9BURK Truncated BHb OS=Achromobacter sp. OX=134375 GN=yjbI PE=4 SV=1
A0A1A2PLD4/7-124     -            118 seed_msa             -            157     0.015   14.2   0.0   1   1    0.0075     0.025   13.4   0.0    31    70    11    53     8    61 0.90 tr|A0A1A2PLD4|A0A1A2PLD4_9MYCO Uncharacterized protein OS=Mycobacterium sp. E342 OX=1834147 GN=A5692_23720 PE=4 SV=1
A0A252E426/4-117     -            114 seed_msa             -            157     0.015   14.2   0.2   1   1     0.014     0.045   12.6   0.2    30   117     9    91     6   113 0.79 tr|A0A252E426|A0A252E426_9NOSO Group 1 truncated hemoglobin OS=Nostoc sp. T09 OX=1932621 GN=BV372_13500 PE=3 SV=1
A0A1B9D7B5/7-124     -            118 seed_msa             -            157     0.015   14.2   0.0   1   1    0.0075     0.025   13.4   0.0    31    70    11    53     8    61 0.90 tr|A0A1B9D7B5|A0A1B9D7B5_MYCMA Uncharacterized protein OS=Mycobacterium malmoense OX=1780 GN=A5677_21750 PE=4 SV=1
D5PH46/10-127        -            118 seed_msa             -            157     0.015   14.2   0.0   1   1    0.0075     0.025   13.4   0.0    31    70    11    53     8    61 0.90 tr|D5PH46|D5PH46_9MYCO Hemoglobin-like protein HbO OS=Mycobacterium parascrofulaceum ATCC BAA-614 OX=525368 GN=glbO PE=4 SV=1
A0A1A2N868/7-124     -            118 seed_msa             -            157     0.015   14.2   0.0   1   1    0.0075     0.025   13.4   0.0    31    70    11    53     8    61 0.90 tr|A0A1A2N868|A0A1A2N868_9MYCO Uncharacterized protein OS=Mycobacterium sp. E3247 OX=1856864 GN=A9X04_19100 PE=4 SV=1
A0A1A2WVQ0/7-124     -            118 seed_msa             -            157     0.015   14.2   0.0   1   1    0.0075     0.025   13.4   0.0    31    70    11    53     8    61 0.90 tr|A0A1A2WVQ0|A0A1A2WVQ0_9MYCO Uncharacterized protein OS=Mycobacterium sp. E2497 OX=1834135 GN=A5713_19795 PE=4 SV=1
A0A2E3BAQ9/17-126    -            110 seed_msa             -            157     0.015   14.2   0.0   1   1    0.0052     0.017   14.0   0.0    31    97     9    78     5   103 0.82 tr|A0A2E3BAQ9|A0A2E3BAQ9_9GAMM Globin OS=Oleispira sp. OX=2024846 GN=CMI14_03995 PE=4 SV=1
A0A1I3G3M6/9-129     -            121 seed_msa             -            157     0.015   14.2   0.0   1   1    0.0073     0.024   13.5   0.0    32    76    12    57    10    63 0.92 tr|A0A1I3G3M6|A0A1I3G3M6_9BRAD Hemoglobin OS=Bradyrhizobium sp. cf659 OX=1761771 GN=SAMN04487925_10287 PE=4 SV=1
A0A0P7ZS73/2-110     -            109 seed_msa             -            157     0.015   14.2   0.1   1   1    0.0081     0.026   13.3   0.1    34   129     2   100     1   108 0.86 tr|A0A0P7ZS73|A0A0P7ZS73_9GAMM Hemoglobin-like protein Hbo OS=Idiomarinaceae bacterium HL-53 OX=1298881 GN=hbo PE=4 SV=1
A0A1A2DV05/7-124     -            118 seed_msa             -            157     0.015   14.2   0.0   1   1    0.0075     0.025   13.4   0.0    31    70    11    53     8    61 0.90 tr|A0A1A2DV05|A0A1A2DV05_9MYCO Uncharacterized protein OS=Mycobacterium sp. 852014-52450_SCH5900713 OX=1834116 GN=A5773_12850 PE=4 SV=1
A0A1H9IMF5/23-140    -            118 seed_msa             -            157     0.015   14.1   0.0   1   1     0.007     0.023   13.6   0.0    29    77     7    56     5    72 0.92 tr|A0A1H9IMF5|A0A1H9IMF5_9GAMM Hemoglobin OS=Solimonas aquatica OX=489703 GN=SAMN04488038_110105 PE=4 SV=1
A0A0N1ECM9/24-136    -            113 seed_msa             -            157     0.015   14.1   0.0   1   1    0.0076     0.025   13.4   0.0    30    77    10    56     8    74 0.92 tr|A0A0N1ECM9|A0A0N1ECM9_9GAMM Globin OS=Pseudoalteromonas porphyrae OX=187330 GN=ADS77_19385 PE=4 SV=1
R4M990/4-121         -            118 seed_msa             -            157     0.015   14.1   0.0   1   1    0.0097     0.032   13.1   0.0    31    70    11    53     8    55 0.90 tr|R4M990|R4M990_MYCTX Uncharacterized protein OS=Mycobacterium tuberculosis str. Haarlem/NITR202 OX=1304279 GN=I917_17445 PE=4 SV=1
A0A1Y5GMU4/4-116     -            113 seed_msa             -            157     0.015   14.1   0.0   1   1    0.0084     0.028   13.3   0.0    33   114    13    89    10   110 0.71 tr|A0A1Y5GMU4|A0A1Y5GMU4_9GAMM Group 1 truncated hemoglobin OS=Gammaproteobacteria bacterium 45_16_T64 OX=1856297 GN=A9Q99_25580 PE=3 SV=1
A0A1A0UAJ4/7-124     -            118 seed_msa             -            157     0.015   14.1   0.0   1   1    0.0075     0.025   13.4   0.0    31    70    11    53     8    61 0.90 tr|A0A1A0UAJ4|A0A1A0UAJ4_9MYCO Uncharacterized protein OS=Mycobacterium sp. 852014-50255_SCH5639931 OX=1834112 GN=A5758_10065 PE=4 SV=1
Q12T98/35-155        -            121 seed_msa             -            157     0.015   14.1   0.3   1   1      0.12       0.4    9.5   0.0    30    71    10    52     8    64 0.82 tr|Q12T98|Q12T98_SHEDO Globin OS=Shewanella denitrificans (strain OS217 / ATCC BAA-1090 / DSM 15013) OX=318161 GN=Sden_0031 PE=4 SV=1
A0A1A2M3V3/7-124     -            118 seed_msa             -            157     0.015   14.1   0.0   1   1    0.0075     0.025   13.4   0.0    31    70    11    53     8    61 0.90 tr|A0A1A2M3V3|A0A1A2M3V3_9MYCO Uncharacterized protein OS=Mycobacterium sp. E3251 OX=1834144 GN=A5697_18500 PE=4 SV=1
A0A1A2XWS1/7-124     -            118 seed_msa             -            157     0.015   14.1   0.0   1   1    0.0075     0.025   13.4   0.0    31    70    11    53     8    61 0.90 tr|A0A1A2XWS1|A0A1A2XWS1_9MYCO Uncharacterized protein OS=Mycobacterium sp. E1386 OX=1834126 GN=A5709_26425 PE=4 SV=1
A0A1X1Z0T2/7-124     -            118 seed_msa             -            157     0.015   14.1   0.0   1   1    0.0075     0.025   13.4   0.0    31    70    11    53     8    61 0.90 tr|A0A1X1Z0T2|A0A1X1Z0T2_9MYCO Uncharacterized protein OS=Mycobacterium nebraskense OX=244292 GN=AWC17_14030 PE=4 SV=1
A0A162UP79/17-137    -            121 seed_msa             -            157     0.015   14.1   0.0   1   1    0.0091      0.03   13.2   0.0    29    82     9    61     8    65 0.86 tr|A0A162UP79|A0A162UP79_9BURK Truncated BHb OS=Achromobacter insolitus OX=217204 GN=yjbI PE=4 SV=1
A0A1N5VKW0/12-107    -             96 seed_msa             -            157     0.015   14.1   0.0   1   1      0.01     0.034   13.0   0.0    30   102     9    76     7    91 0.66 tr|A0A1N5VKW0|A0A1N5VKW0_9ACTN Group 1 truncated hemoglobin OS=Micromonospora cremea OX=709881 GN=SAMN04489832_1700 PE=3 SV=1
M0BTG5/6-118         -            113 seed_msa             -            157     0.015   14.1   0.1   1   1     0.019     0.061   12.2   0.1    29    68     9    47     7   110 0.75 tr|M0BTG5|M0BTG5_9EURY Globin OS=Halovivax asiaticus JCM 14624 OX=1227490 GN=C479_00420 PE=4 SV=1
A0A0Q9Y4Q1/9-122     -            114 seed_msa             -            157     0.015   14.1   0.0   1   1    0.0065     0.021   13.7   0.0    28    75     5    50     1    59 0.79 tr|A0A0Q9Y4Q1|A0A0Q9Y4Q1_9BACI Globin OS=Bacillus galactosidilyticus OX=217031 GN=ACA29_19615 PE=4 SV=1
A0A0Q9YDY3/9-122     -            114 seed_msa             -            157     0.015   14.1   0.0   1   1    0.0065     0.021   13.7   0.0    28    75     5    50     1    59 0.79 tr|A0A0Q9YDY3|A0A0Q9YDY3_9BACI Globin OS=Virgibacillus soli OX=480284 GN=ACA30_03545 PE=4 SV=1
E5WMN6/9-108         -            100 seed_msa             -            157     0.015   14.1   0.0   1   1    0.0062      0.02   13.7   0.0    30    71    10    49     8    63 0.77 tr|E5WMN6|E5WMN6_9BACI Uncharacterized protein OS=Bacillus sp. 2_A_57_CT2 OX=665959 GN=HMPREF1013_03721 PE=4 SV=1
A0A2A4WDU8/37-151    -            115 seed_msa             -            157     0.015   14.1   0.0   1   1    0.0054     0.018   13.9   0.0    31    74    11    53     8   108 0.77 tr|A0A2A4WDU8|A0A2A4WDU8_9GAMM Group 1 truncated hemoglobin OS=Thiotrichaceae bacterium OX=2030882 GN=COB33_11155 PE=3 SV=1
S2E0V8/6-123         -            118 seed_msa             -            157     0.016   14.1   0.1   1   1    0.0051     0.017   14.0   0.1    28    77     7    55     3   114 0.85 tr|S2E0V8|S2E0V8_9BACT Hemoglobin-like protein HbO OS=Indibacter alkaliphilus LW1 OX=1189612 GN=A33Q_3080 PE=4 SV=1
A0A1T4S160/17-116    -            100 seed_msa             -            157     0.016   14.1   0.0   1   1     0.005     0.016   14.0   0.0    29    73     7    52     3    91 0.80 tr|A0A1T4S160|A0A1T4S160_9GAMM Globin OS=Oceanospirillum multiglobuliferum OX=64969 GN=BTE48_13710 PE=4 SV=1
A0A1A3DLP5/5-122     -            118 seed_msa             -            157     0.016   14.1   0.0   1   1    0.0086     0.028   13.3   0.0    30    70    10    53     7    55 0.91 tr|A0A1A3DLP5|A0A1A3DLP5_9MYCO Uncharacterized protein OS=Mycobacterium alsense OX=324058 GN=A5660_02540 PE=4 SV=1
I4G3L9/3-116         -            114 seed_msa             -            157     0.016   14.1   0.1   1   1     0.011     0.035   13.0   0.0    29    71     9    50     7    58 0.81 tr|I4G3L9|I4G3L9_MICAE Group 1 truncated hemoglobin OS=Microcystis aeruginosa PCC 9443 OX=1160281 GN=glbN PE=3 SV=1
I4HJM1/3-116         -            114 seed_msa             -            157     0.016   14.1   0.1   1   1     0.011     0.035   13.0   0.0    29    71     9    50     7    58 0.81 tr|I4HJM1|I4HJM1_MICAE Group 1 truncated hemoglobin OS=Microcystis aeruginosa PCC 9808 OX=1160284 GN=glbN PE=3 SV=1
A0A0U1DEM2/10-127    -            118 seed_msa             -            157     0.016   14.1   0.0   1   1    0.0087     0.028   13.3   0.0    31    70    11    53     8    55 0.89 tr|A0A0U1DEM2|A0A0U1DEM2_9MYCO Oxygen-binding protein globin glbO OS=Mycobacterium europaeum OX=761804 GN=BN000_02552 PE=4 SV=1
A0A1X1V2G6/7-124     -            118 seed_msa             -            157     0.016   14.1   0.0   1   1    0.0087     0.028   13.3   0.0    31    70    11    53     8    55 0.89 tr|A0A1X1V2G6|A0A1X1V2G6_9MYCO Uncharacterized protein OS=Mycobacterium europaeum OX=761804 GN=AWC03_04875 PE=4 SV=1
A0A1B1ZWW5/6-124     -            119 seed_msa             -            157     0.016   14.1   0.0   1   1    0.0079     0.026   13.4   0.0    31    70    11    53     7    55 0.90 tr|A0A1B1ZWW5|A0A1B1ZWW5_9PSEU Globin OS=Pseudonocardia sp. HH130630-07 OX=1690815 GN=AFB00_19745 PE=4 SV=1
A0A268IVY1/7-106     -            100 seed_msa             -            157     0.016   14.1   0.0   1   1    0.0067     0.022   13.6   0.0    30    73    10    51     8    62 0.76 tr|A0A268IVY1|A0A268IVY1_9BACI Globin OS=Bacillus sp. 7894-2 OX=2021695 GN=CHI10_03050 PE=4 SV=1
A0A1R1EQD1/6-105     -            100 seed_msa             -            157     0.016   14.1   0.0   1   1    0.0067     0.022   13.6   0.0    30    73    10    51     8    62 0.76 tr|A0A1R1EQD1|A0A1R1EQD1_9BACL Globin OS=Paenibacillus sp. FSL R5-0490 OX=1920424 GN=BK139_19965 PE=4 SV=1
A0A172TDQ2/8-118     -            111 seed_msa             -            157     0.016   14.1   0.0   1   1    0.0057     0.019   13.8   0.0    31   117    11    96     8   110 0.84 tr|A0A172TDQ2|A0A172TDQ2_9BACL Globin OS=Paenibacillus swuensis OX=1178515 GN=SY83_00340 PE=4 SV=1
A0A1Z4SUA8/5-117     -            113 seed_msa             -            157     0.016   14.1   1.1   1   1     0.015     0.047   12.5   1.1    29   106     9    81     7   113 0.68 tr|A0A1Z4SUA8|A0A1Z4SUA8_9CYAN Group 1 truncated hemoglobin OS=Calothrix sp. NIES-4105 OX=2005463 GN=NIES4105_39620 PE=3 SV=1
A0A2H2X946/5-117     -            113 seed_msa             -            157     0.016   14.1   1.1   1   1     0.015     0.047   12.5   1.1    29   106     9    81     7   113 0.68 tr|A0A2H2X946|A0A2H2X946_9CYAN Group 1 truncated hemoglobin OS=Calothrix sp. NIES-4071 OX=2005469 GN=NIES4071_39680 PE=3 SV=1
Q13N39/16-136        -            121 seed_msa             -            157     0.016   14.1   0.0   1   1    0.0077     0.025   13.4   0.0    29    74     9    55     7    77 0.89 tr|Q13N39|Q13N39_PARXL Putative globin OS=Paraburkholderia xenovorans (strain LB400) OX=266265 GN=Bxe_B1464 PE=4 SV=1
A0A259BJ40/9-129     -            121 seed_msa             -            157     0.016   14.0   0.1   1   1    0.0065     0.021   13.7   0.1    30    77    10    58     7   117 0.87 tr|A0A259BJ40|A0A259BJ40_9RHIZ Globin OS=Xanthobacter sp. 17-67-6 OX=1971593 GN=B7Y01_03785 PE=4 SV=1
A0A1X2BFV7/7-124     -            118 seed_msa             -            157     0.016   14.0   0.0   1   1    0.0085     0.028   13.3   0.0    30    70    10    53     7    61 0.92 tr|A0A1X2BFV7|A0A1X2BFV7_9MYCO Uncharacterized protein OS=Mycobacterium parmense OX=185642 GN=AWC20_05510 PE=4 SV=1
M2AVY1/4-104         -            101 seed_msa             -            157     0.016   14.0   0.0   1   1    0.0065     0.021   13.7   0.0    33    79     2    47     1    86 0.85 tr|M2AVY1|M2AVY1_9PLAN Globin OS=Rhodopirellula europaea 6C OX=1263867 GN=RE6C_05566 PE=4 SV=1
A0A0U1NVG1/11-109    -             99 seed_msa             -            157     0.016   14.0   0.0   1   1    0.0067     0.022   13.6   0.0    29    77     9    55     8    70 0.79 tr|A0A0U1NVG1|A0A0U1NVG1_9BACI Globin-like protein OS=Bacillus sp. LF1 OX=1499688 GN=BN000_01939 PE=4 SV=1
A0A1S2TS09/22-142    -            121 seed_msa             -            157     0.017   14.0   0.0   1   1    0.0078     0.026   13.4   0.0    30    73    10    54     8    74 0.78 tr|A0A1S2TS09|A0A1S2TS09_9GAMM Globin OS=Shewanella algae OX=38313 GN=BFS86_14160 PE=4 SV=1
I0GGN0/9-129         -            121 seed_msa             -            157     0.017   14.0   0.0   1   1    0.0084     0.027   13.3   0.0    30    75    10    56     8    62 0.88 tr|I0GGN0|I0GGN0_9BRAD Uncharacterized protein OS=Bradyrhizobium sp. S23321 OX=335659 GN=S23_67410 PE=4 SV=1
A0A2H0J742/13-131    -            119 seed_msa             -            157     0.017   14.0   0.0   1   1    0.0066     0.022   13.6   0.0    29   112     7    94     5    98 0.77 tr|A0A2H0J742|A0A2H0J742_9BURK Globin OS=Comamonadaceae bacterium CG12_big_fil_rev_8_21_14_0_65_59_15 OX=1973952 GN=COW02_04085 PE=4 SV=1
A0A0M0LFT5/9-123     -            115 seed_msa             -            157     0.017   14.0   0.0   1   1    0.0062      0.02   13.7   0.0    26    70     3    49     1    69 0.79 tr|A0A0M0LFT5|A0A0M0LFT5_9BACL Globin OS=Viridibacillus arvi OX=263475 GN=AMD00_14475 PE=4 SV=1
W4F6P9/9-123         -            115 seed_msa             -            157     0.017   14.0   0.0   1   1    0.0062      0.02   13.7   0.0    26    70     3    49     1    69 0.79 tr|W4F6P9|W4F6P9_9BACL Hemoglobin-like protein yjbI OS=Viridibacillus arenosi FSL R5-213 OX=1227360 GN=C176_02648 PE=4 SV=1
A0A1X2DNP8/14-126    -            113 seed_msa             -            157     0.017   14.0   0.0   1   1     0.007     0.023   13.6   0.0    30    72    10    51     8    92 0.87 tr|A0A1X2DNP8|A0A1X2DNP8_MYCSZ Group 1 truncated hemoglobin OS=Mycobacterium szulgai OX=1787 GN=AWC27_12920 PE=3 SV=1
A0A1H8K036/6-121     -            116 seed_msa             -            157     0.017   14.0   0.0   1   1    0.0067     0.022   13.6   0.0    30    70    10    52     7    70 0.74 tr|A0A1H8K036|A0A1H8K036_9BACL Hemoglobin OS=Paenibacillus sp. OV219 OX=1884377 GN=SAMN05518847_104324 PE=4 SV=1
A0A1Q5S9G2/9-129     -            121 seed_msa             -            157     0.017   14.0   0.0   1   1    0.0088     0.029   13.2   0.0    30    76    10    57     8    65 0.89 tr|A0A1Q5S9G2|A0A1Q5S9G2_9BRAD Globin OS=Bradyrhizobium sp. AS23.2 OX=1680155 GN=AC630_08975 PE=4 SV=1
A0A0J1HGV1/27-137    -            111 seed_msa             -            157     0.017   14.0   0.0   1   1    0.0071     0.023   13.5   0.0    29    99     7    80     4   106 0.83 tr|A0A0J1HGV1|A0A0J1HGV1_9GAMM Globin OS=Photobacterium ganghwense OX=320778 GN=ABT57_05165 PE=4 SV=1
H5WMW6/14-132        -            119 seed_msa             -            157     0.017   14.0   0.0   1   1    0.0078     0.025   13.4   0.0    29    74     7    53     5    63 0.89 tr|H5WMW6|H5WMW6_9BURK Hemoglobin OS=Burkholderiales bacterium JOSHI_001 OX=864051 GN=BurJ1DRAFT_1673 PE=4 SV=1
A0A101Y7H3/15-133    -            119 seed_msa             -            157     0.017   13.9   0.0   1   1    0.0092      0.03   13.2   0.0    31    70    11    53     4    58 0.90 tr|A0A101Y7H3|A0A101Y7H3_KOCRH Globin OS=Kocuria rhizophila OX=72000 GN=CYJ75_07585 PE=4 SV=1
A0A1E8UIS1/15-133    -            119 seed_msa             -            157     0.017   13.9   0.0   1   1    0.0092      0.03   13.2   0.0    31    70    11    53     4    58 0.90 tr|A0A1E8UIS1|A0A1E8UIS1_9MICC Uncharacterized protein OS=Kocuria sp. HMSC066H03 OX=1739337 GN=HMPREF2833_11180 PE=4 SV=1
A0A151FQQ2/9-129     -            121 seed_msa             -            157     0.017   13.9   0.0   1   1    0.0088     0.029   13.2   0.0    30    76    10    57     8   120 0.89 tr|A0A151FQQ2|A0A151FQQ2_9BRAD Globin OS=Bradyrhizobium liaoningense OX=43992 GN=A1D31_04830 PE=4 SV=1
A0A1A2V7U7/7-124     -            118 seed_msa             -            157     0.017   13.9   0.0   1   1    0.0087     0.028   13.2   0.0    32    70    12    53     8    61 0.90 tr|A0A1A2V7U7|A0A1A2V7U7_9MYCO Uncharacterized protein OS=Mycobacterium sp. E2733 OX=1834138 GN=A5678_24935 PE=4 SV=1
A0A1I4MJC4/13-136    -            124 seed_msa             -            157     0.017   13.9   0.0   1   1    0.0077     0.025   13.4   0.0    29    72     7    51     6    63 0.88 tr|A0A1I4MJC4|A0A1I4MJC4_9BURK Hemoglobin OS=Variovorax sp. OV329 OX=1882825 GN=SAMN05444747_10278 PE=4 SV=1
A0A1R0V7P4/15-126    -            112 seed_msa             -            157     0.017   13.9   0.0   1   1    0.0085     0.028   13.3   0.0    30    71     9    49     7   106 0.87 tr|A0A1R0V7P4|A0A1R0V7P4_9MYCO Group 1 truncated hemoglobin OS=Mycobacterium colombiense OX=339268 GN=A5739_25335 PE=3 SV=1
G4SUM0/9-123         -            115 seed_msa             -            157     0.017   13.9   0.0   1   1    0.0062      0.02   13.7   0.0    29    78     9    57     7   109 0.76 tr|G4SUM0|G4SUM0_META2 Group 1 truncated hemoglobin OS=Methylomicrobium alcaliphilum (strain DSM 19304 / NCIMB 14124 / VKM B-2133 / 20Z) OX=1091494 GN=MEALZ_1157 PE=3 SV=1
A0A1V8M8L6/15-129    -            115 seed_msa             -            157     0.017   13.9   0.1   1   1    0.0073     0.024   13.5   0.1    29    71     9    50     7   111 0.71 tr|A0A1V8M8L6|A0A1V8M8L6_9GAMM Group 1 truncated hemoglobin OS=Methyloprofundus sedimenti OX=1420851 GN=AU255_08415 PE=3 SV=1
A0A1I6UFZ5/8-124     -            117 seed_msa             -            157     0.017   13.9   0.0   1   1    0.0066     0.021   13.6   0.0    30    77     9    54     6    94 0.82 tr|A0A1I6UFZ5|A0A1I6UFZ5_9BACL Hemoglobin OS=Marininema halotolerans OX=1155944 GN=SAMN05444972_11632 PE=4 SV=1
A0A0M7LI65/17-137    -            121 seed_msa             -            157     0.018   13.9   0.0   1   1    0.0086     0.028   13.3   0.0    29    82     9    61     8    66 0.88 tr|A0A0M7LI65|A0A0M7LI65_9BURK Truncated BHb OS=Achromobacter sp. OX=134375 GN=yjbI PE=4 SV=1
A0A0S1XW23/19-139    -            121 seed_msa             -            157     0.018   13.9   0.0   1   1     0.014     0.047   12.5   0.0    29    84     9    63     7    65 0.90 tr|A0A0S1XW23|A0A0S1XW23_9BORD Hemoglobin-like protein OS=Bordetella sp. N OX=1746199 GN=ASB57_02560 PE=4 SV=1
A0A0B4EV81/1-114     -            114 seed_msa             -            157     0.018   13.9   0.0   1   1    0.0098     0.032   13.1   0.0    31    70     6    48     3    53 0.90 tr|A0A0B4EV81|A0A0B4EV81_KOCRH Bacterial globin-like protein OS=Kocuria rhizophila OX=72000 GN=RK09_00315 PE=4 SV=1
A0A1V3RWW5/17-135    -            119 seed_msa             -            157     0.018   13.9   0.0   1   1    0.0063     0.021   13.7   0.0    29    77     8    57     6   101 0.88 tr|A0A1V3RWW5|A0A1V3RWW5_9BURK Globin OS=Hydrogenophaga sp. A37 OX=1945864 GN=B0E41_18170 PE=4 SV=1
A0A0H2LVX1/13-136    -            124 seed_msa             -            157     0.018   13.9   0.0   1   1    0.0073     0.024   13.5   0.0    29    71     7    50     5    64 0.89 tr|A0A0H2LVX1|A0A0H2LVX1_VARPD Group 2 truncated hemoglobin YjbI OS=Variovorax paradoxus OX=34073 GN=yjbI2 PE=4 SV=1
T1XGK1/13-136        -            124 seed_msa             -            157     0.018   13.9   0.0   1   1    0.0073     0.024   13.5   0.0    29    71     7    50     5    64 0.89 tr|T1XGK1|T1XGK1_VARPD Putative globin OS=Variovorax paradoxus B4 OX=1246301 GN=VAPA_1c41840 PE=4 SV=1
A0A2H5Z9Y2/9-125     -            117 seed_msa             -            157     0.018   13.9   0.0   1   1    0.0084     0.027   13.3   0.0    30    70     9    51     4    64 0.92 tr|A0A2H5Z9Y2|A0A2H5Z9Y2_9BACT Group 2 truncated hemoglobin YjbI OS=bacterium HR29 OX=2035424 GN=yjbI PE=4 SV=1
A0A1X2D927/7-124     -            118 seed_msa             -            157     0.018   13.9   0.0   1   1    0.0095     0.031   13.1   0.0    31    70    11    53     8    62 0.88 tr|A0A1X2D927|A0A1X2D927_9MYCO Uncharacterized protein OS=Mycobacterium riyadhense OX=486698 GN=AWC22_13450 PE=4 SV=1
A0A261TKH9/18-138    -            121 seed_msa             -            157     0.018   13.9   0.0   1   1    0.0085     0.028   13.3   0.0    29    77     9    58     7    66 0.89 tr|A0A261TKH9|A0A261TKH9_9BORD Hemoglobin-like protein OS=Bordetella genomosp. 5 OX=1395608 GN=CAL25_13945 PE=4 SV=1
B9LP51/6-116         -            111 seed_msa             -            157     0.018   13.9   0.0   1   1     0.014     0.044   12.6   0.0    29    77     9    56     7   106 0.79 tr|B9LP51|B9LP51_HALLT Globin OS=Halorubrum lacusprofundi (strain ATCC 49239 / DSM 5036 / JCM 8891 / ACAM 34) OX=416348 GN=Hlac_1552 PE=4 SV=1
A0A0P1GJQ8/4-116     -            113 seed_msa             -            157     0.018   13.9   0.0   1   1     0.068      0.22   10.3   0.0    32   136    12   106    10   110 0.77 tr|A0A0P1GJQ8|A0A0P1GJQ8_9RHOB Hemoglobin-like protein HbN OS=Epibacterium multivorans OX=928856 GN=glbN PE=4 SV=1
A0A259AEK5/9-129     -            121 seed_msa             -            157     0.018   13.9   0.1   1   1    0.0067     0.022   13.6   0.1    30    77    10    58     7   117 0.88 tr|A0A259AEK5|A0A259AEK5_9RHIZ Globin OS=Rhizobiales bacterium 24-66-13 OX=1970548 GN=B7Y12_12445 PE=4 SV=1
A0A259KX59/9-129     -            121 seed_msa             -            157     0.018   13.9   0.1   1   1    0.0067     0.022   13.6   0.1    30    77    10    58     7   117 0.88 tr|A0A259KX59|A0A259KX59_9RHIZ Globin OS=Rhizobiales bacterium 39-66-18 OX=1970553 GN=B7X67_14235 PE=4 SV=1
A0A2E7UW32/7-127     -            121 seed_msa             -            157     0.018   13.9   0.0   1   1     0.036      0.12   11.3   0.0    30    70    10    51     8    63 0.83 tr|A0A2E7UW32|A0A2E7UW32_9DELT Hemoglobin-like protein OS=Deltaproteobacteria bacterium OX=2026735 GN=CL927_18325 PE=4 SV=1
A0A2E1V6U8/4-116     -            113 seed_msa             -            157     0.018   13.9   0.0   1   1      0.01     0.034   13.0   0.0    33   122    13    93    11   112 0.73 tr|A0A2E1V6U8|A0A2E1V6U8_9PROT Uncharacterized protein OS=Geminicoccus sp. OX=2024832 GN=CME01_12125 PE=4 SV=1
A0A2H0QVF3/3-116     -            114 seed_msa             -            157     0.019   13.8   0.2   1   1     0.017     0.055   12.3   0.2    29    67     9    50     7   108 0.84 tr|A0A2H0QVF3|A0A2H0QVF3_9PROT Group 1 truncated hemoglobin OS=Alphaproteobacteria bacterium CG11_big_fil_rev_8_21_14_0_20_39_49 OX=1973900 GN=COV35_08700 PE=3 SV=1
A0A0M7M563/17-137    -            121 seed_msa             -            157     0.019   13.8   0.0   1   1    0.0097     0.031   13.1   0.0    29    81     9    60     8    65 0.88 tr|A0A0M7M563|A0A0M7M563_9BURK Truncated BHb OS=Achromobacter sp. OX=134375 GN=yjbI PE=4 SV=1
A0A1Y5D6P8/4-116     -            113 seed_msa             -            157     0.019   13.8   0.0   1   1    0.0091      0.03   13.2   0.0    33    74    13    53    10   111 0.84 tr|A0A1Y5D6P8|A0A1Y5D6P8_9GAMM Group 1 truncated hemoglobin OS=Colwellia sp. 39_35_sub15_T18 OX=1856279 GN=A9Q74_00115 PE=3 SV=1
U3A5L9/4-114         -            111 seed_msa             -            157     0.019   13.8   0.1   1   1     0.007     0.023   13.5   0.1    30    62    10    41     8   107 0.83 tr|U3A5L9|U3A5L9_9EURY Cyanoglobin OS=Halarchaeum acidiphilum MH1-52-1 OX=1261545 GN=MBEHAL_1699 PE=4 SV=1
A0A1J6WA06/5-105     -            101 seed_msa             -            157     0.019   13.8   0.0   1   1    0.0074     0.024   13.5   0.0    30    63     9    43     2    54 0.79 tr|A0A1J6WA06|A0A1J6WA06_9BACI Globin OS=Bacillus aquimaris OX=189382 GN=BHE18_17505 PE=4 SV=1
A0A1I5F793/6-124     -            119 seed_msa             -            157     0.019   13.8   0.0   1   1    0.0086     0.028   13.3   0.0    31    70    11    53     7    62 0.90 tr|A0A1I5F793|A0A1I5F793_9PSEU Hemoglobin OS=Pseudonocardia ammonioxydans OX=260086 GN=SAMN05216207_103536 PE=4 SV=1
A0A0L6CKY2/9-116     -            108 seed_msa             -            157     0.019   13.8   0.0   1   1     0.013     0.042   12.7   0.0    29    66     7    43     5   105 0.82 tr|A0A0L6CKY2|A0A0L6CKY2_9MICO Group 1 truncated hemoglobin OS=Luteipulveratus halotolerans OX=1631356 GN=VV01_16750 PE=3 SV=1
A0A291RH93/18-130    -            113 seed_msa             -            157     0.019   13.8   0.0   1   1    0.0082     0.027   13.3   0.0    29    72     9    51     7   107 0.88 tr|A0A291RH93|A0A291RH93_9NOCA Group 1 truncated hemoglobin OS=Nocardia terpenica OX=455432 GN=CRH09_12830 PE=3 SV=1
A0A1X0LGB6/14-126    -            113 seed_msa             -            157     0.019   13.8   0.0   1   1    0.0078     0.025   13.4   0.0    30    72    10    51     8   107 0.86 tr|A0A1X0LGB6|A0A1X0LGB6_9MYCO Group 1 truncated hemoglobin OS=Mycobacterium persicum OX=1487726 GN=glbN_2 PE=3 SV=1
A0A2H3MUR5/1-116     -            116 seed_msa             -            157     0.019   13.8   0.0   1   1     0.009      0.03   13.2   0.0    28    64     6    42     1    59 0.76 tr|A0A2H3MUR5|A0A2H3MUR5_9BACI Uncharacterized protein OS=Bacillus sp. AFS017336 OX=2033489 GN=CN601_10715 PE=4 SV=1
A0A1H0MJW3/8-121     -            114 seed_msa             -            157     0.019   13.8   0.0   1   1    0.0074     0.024   13.5   0.0    30    60    10    42     8    71 0.78 tr|A0A1H0MJW3|A0A1H0MJW3_9BACL Hemoglobin OS=Paenibacillus sp. yr247 OX=1761880 GN=SAMN04487897_12315 PE=4 SV=1
A0A0V0PSP9/5-122     -            118 seed_msa             -            157     0.019   13.8   0.0   1   1    0.0076     0.025   13.4   0.0    31   111    11    89     8   113 0.74 tr|A0A0V0PSP9|A0A0V0PSP9_9BACL Globin OS=Alicyclobacillus tengchongensis OX=368812 GN=SD51_01605 PE=4 SV=1
F0SGZ6/5-125         -            121 seed_msa             -            157     0.019   13.8   0.0   1   1    0.0092      0.03   13.2   0.0    29    77     9    58     7    65 0.90 tr|F0SGZ6|F0SGZ6_RUBBR Globin OS=Rubinisphaera brasiliensis (strain ATCC 49424 / DSM 5305 / JCM 21570 / NBRC 103401 / IFAM 1448) OX=756272 GN=Plabr_1871 PE=4 SV=1
A0A1B9APJ1/4-117     -            114 seed_msa             -            157     0.019   13.8   0.0   1   1     0.011     0.037   12.9   0.0    31    77    11    57     8   111 0.79 tr|A0A1B9APJ1|A0A1B9APJ1_9BACI Group 1 truncated hemoglobin OS=Bacillus sp. FJAT-27225 OX=1743144 GN=A8F94_12935 PE=3 SV=1
D8UFV6/6-113         -            108 seed_msa             -            157      0.02   13.8   0.0   1   1    0.0079     0.026   13.4   0.0    29    55     9    35     5   104 0.80 tr|D8UFV6|D8UFV6_VOLCA Uncharacterized protein OS=Volvox carteri f. nagariensis OX=3068 GN=VOLCADRAFT_98632 PE=4 SV=1
J9HMW8/5-122         -            118 seed_msa             -            157      0.02   13.8   0.0   1   1    0.0076     0.025   13.4   0.0    29   111     9    89     7   113 0.74 tr|J9HMW8|J9HMW8_9BACL Globin OS=Alicyclobacillus hesperidum URH17-3-68 OX=1200346 GN=URH17368_1876 PE=4 SV=1
A0A1X1PAS8/13-133    -            121 seed_msa             -            157      0.02   13.8   0.0   1   1     0.012     0.038   12.8   0.0    29    70     9    51     7    64 0.87 tr|A0A1X1PAS8|A0A1X1PAS8_9BURK Cyanoglobin OS=Burkholderia puraquae OX=1904757 GN=B7G54_28200 PE=4 SV=1
A0A1H3EWA5/5-108     -            104 seed_msa             -            157      0.02   13.8   0.0   1   1    0.0076     0.025   13.4   0.0    31   121    11    92     9   104 0.81 tr|A0A1H3EWA5|A0A1H3EWA5_9RHOB Hemoglobin OS=Ruegeria halocynthiae OX=985054 GN=SAMN05444358_11260 PE=4 SV=1
A0A2H0IV79/7-122     -            116 seed_msa             -            157      0.02   13.8   0.0   1   1     0.017     0.055   12.3   0.0    29    85     8   107     2   115 0.68 tr|A0A2H0IV79|A0A2H0IV79_9BACT Cyanoglobin OS=Cytophagales bacterium CG12_big_fil_rev_8_21_14_0_65_40_12 OX=1973954 GN=COW03_02770 PE=4 SV=1
A0A0N0M247/5-125     -            121 seed_msa             -            157      0.02   13.7   0.0   1   1    0.0071     0.023   13.5   0.0    29    78     9    59     7   120 0.77 tr|A0A0N0M247|A0A0N0M247_9SPHN Globin OS=Novosphingobium sp. ST904 OX=1684385 GN=ADT71_09005 PE=4 SV=1
A0A1S1YGE0/6-105     -            100 seed_msa             -            157      0.02   13.7   0.0   1   1    0.0083     0.027   13.3   0.0    30    71    10    49     8    62 0.77 tr|A0A1S1YGE0|A0A1S1YGE0_9BACI Globin OS=Bacillus oceanisediminis OX=665099 GN=BBV17_23065 PE=4 SV=1
A0A0P7CGL3/2-114     -            113 seed_msa             -            157      0.02   13.7   0.0   1   1    0.0088     0.029   13.2   0.0    30    72    10    51     8    91 0.84 tr|A0A0P7CGL3|A0A0P7CGL3_9ACTN Group 1 truncated hemoglobin OS=Frankia sp. R43 OX=269536 GN=ACG83_18270 PE=3 SV=1
A0A1V2KW93/2-114     -            113 seed_msa             -            157      0.02   13.7   0.0   1   1    0.0088     0.029   13.2   0.0    30    72    10    51     8    91 0.84 tr|A0A1V2KW93|A0A1V2KW93_9ACTN Group 1 truncated hemoglobin OS=Frankia sp. CcI49 OX=1745382 GN=CcI49_04020 PE=3 SV=1
A0A0S4QJI5/2-114     -            113 seed_msa             -            157      0.02   13.7   0.0   1   1     0.009     0.029   13.2   0.0    30    72    10    51     8    90 0.84 tr|A0A0S4QJI5|A0A0S4QJI5_9ACTN Group 1 truncated hemoglobin OS=Frankia irregularis OX=795642 GN=Ga0074812_103152 PE=3 SV=1
D3CSZ7/2-114         -            113 seed_msa             -            157      0.02   13.7   0.0   1   1     0.009     0.029   13.2   0.0    30    72    10    51     8    90 0.84 tr|D3CSZ7|D3CSZ7_9ACTN Group 1 truncated hemoglobin OS=Frankia sp. EUN1f OX=102897 GN=FrEUN1fDRAFT_0664 PE=3 SV=1
A0A198AAC1/5-117     -            113 seed_msa             -            157      0.02   13.7   0.7   1   1     0.017     0.055   12.3   0.7    29   107     9    82     7   109 0.69 tr|A0A198AAC1|A0A198AAC1_9BACL Group 1 truncated hemoglobin OS=Paenibacillus sp. 1ZS3-15 OX=1850517 GN=A8708_00460 PE=3 SV=1
A0A1Y2JVJ9/9-129     -            121 seed_msa             -            157     0.021   13.7   0.0   1   1     0.011     0.034   13.0   0.0    31    76    11    57     8    64 0.89 tr|A0A1Y2JVJ9|A0A1Y2JVJ9_BRAJP Globin OS=Bradyrhizobium japonicum OX=375 GN=BSZ19_08740 PE=4 SV=1
A0A1F2RRX3/31-146    -            116 seed_msa             -            157     0.021   13.7   0.0   1   1    0.0077     0.025   13.4   0.0    30    76    10    55     8   112 0.68 tr|A0A1F2RRX3|A0A1F2RRX3_9BACT Uncharacterized protein OS=Acidobacteria bacterium RIFCSPLOWO2_02_FULL_61_28 OX=1797180 GN=A3H28_05225 PE=4 SV=1
F5LPE4/4-115         -            112 seed_msa             -            157     0.021   13.7   0.1   1   1     0.028     0.091   11.6   0.1    29    63     9    43     7   108 0.77 tr|F5LPE4|F5LPE4_9BACL Group 1 truncated hemoglobin OS=Paenibacillus sp. HGF7 OX=944559 GN=glbN PE=3 SV=1
A0A2E2QPB8/5-100     -             96 seed_msa             -            157     0.021   13.7   0.0   1   1    0.0089     0.029   13.2   0.0    31   108    11    83    10    93 0.78 tr|A0A2E2QPB8|A0A2E2QPB8_9PROT Group 1 truncated hemoglobin OS=Sneathiella sp. OX=1964365 GN=CMN56_16020 PE=4 SV=1
B0CBZ4/3-109         -            107 seed_msa             -            157     0.021   13.7   0.2   1   1    0.0098     0.032   13.1   0.2    30    73    10    52     8    69 0.77 tr|B0CBZ4|B0CBZ4_ACAM1 Group 1 truncated hemoglobin OS=Acaryochloris marina (strain MBIC 11017) OX=329726 GN=AM1_0482 PE=3 SV=1
C5K7W4/155-255       -            101 seed_msa             -            157     0.021   13.7   0.0   1   1    0.0079     0.026   13.4   0.0    32    81    12    64     9    95 0.84 tr|C5K7W4|C5K7W4_PERM5 Uncharacterized protein OS=Perkinsus marinus (strain ATCC 50983 / TXsc) OX=423536 GN=Pmar_PMAR012632 PE=4 SV=1
A0A1Y3PFF1/19-134    -            116 seed_msa             -            157     0.021   13.7   0.0   1   1    0.0088     0.029   13.2   0.0    29    69     8    50     6    63 0.73 tr|A0A1Y3PFF1|A0A1Y3PFF1_9BACI Globin OS=Bacillus thermozeamaize OX=230954 GN=BAA01_01625 PE=4 SV=1
A0A0U2VLX1/4-114     -            111 seed_msa             -            157     0.021   13.7   0.0   1   1    0.0086     0.028   13.3   0.0    30    69     9    50     7    72 0.71 tr|A0A0U2VLX1|A0A0U2VLX1_9BACL Globin OS=Paenibacillus naphthalenovorans OX=162209 GN=IJ22_01110 PE=4 SV=1
A0A2A7WPH6/1-116     -            116 seed_msa             -            157     0.021   13.7   0.0   1   1     0.009      0.03   13.2   0.0    28    64     6    42     1    59 0.76 tr|A0A2A7WPH6|A0A2A7WPH6_9BACI Uncharacterized protein OS=Bacillus sp. AFS002410 OX=2033481 GN=CN692_22320 PE=4 SV=1
A0A1G0J9L3/3-116     -            114 seed_msa             -            157     0.021   13.7   0.0   1   1    0.0087     0.028   13.2   0.0    29   116     9    91     7   108 0.82 tr|A0A1G0J9L3|A0A1G0J9L3_9GAMM Group 1 truncated hemoglobin OS=Gammaproteobacteria bacterium RIFCSPLOWO2_02_FULL_57_10 OX=1798299 GN=A3H44_11320 PE=3 SV=1
A0A099KPC9/3-115     -            113 seed_msa             -            157     0.021   13.7   0.0   1   1    0.0084     0.027   13.3   0.0    35    81    15    60    10   110 0.71 tr|A0A099KPC9|A0A099KPC9_COLPS Globin OS=Colwellia psychrerythraea OX=28229 GN=GAB14E_2934 PE=4 SV=1
A0A1Q7WF76/6-123     -            118 seed_msa             -            157     0.021   13.7   0.0   1   1     0.011     0.036   12.9   0.0    30    71    10    54     7    60 0.91 tr|A0A1Q7WF76|A0A1Q7WF76_9ACTN Globin OS=Actinobacteria bacterium 13_1_20CM_3_71_11 OX=1803477 GN=AUG44_04085 PE=4 SV=1
A0A089IZG3/6-115     -            110 seed_msa             -            157     0.021   13.7   0.0   1   1    0.0078     0.025   13.4   0.0    30    95    10    75     8   101 0.81 tr|A0A089IZG3|A0A089IZG3_PAEDU Globin OS=Paenibacillus durus OX=44251 GN=PDUR_22435 PE=4 SV=1
M5T831/11-117        -            107 seed_msa             -            157     0.021   13.7   0.0   1   1     0.057      0.19   10.6   0.0    32    78     8    53     4    86 0.81 tr|M5T831|M5T831_9PLAN Globin OS=Rhodopirellula sp. SWK7 OX=595460 GN=RRSWK_02243 PE=4 SV=1
A0A106E211/13-133    -            121 seed_msa             -            157     0.021   13.7   0.0   1   1     0.013     0.042   12.7   0.0    29    70     9    51     7    62 0.88 tr|A0A106E211|A0A106E211_9BURK Cyanoglobin OS=Burkholderia anthina OX=179879 GN=DF034_22775 PE=4 SV=1
A0A2G1SEQ2/13-133    -            121 seed_msa             -            157     0.021   13.7   0.0   1   1     0.013     0.042   12.7   0.0    29    70     9    51     7    62 0.88 tr|A0A2G1SEQ2|A0A2G1SEQ2_9BURK Cyanoglobin OS=Burkholderia sp. AU18528 OX=2015350 GN=CFB52_011665 PE=4 SV=1
A0A1W9Y856/8-125     -            118 seed_msa             -            157     0.021   13.7   0.0   1   1     0.012     0.038   12.8   0.0    30    70    10    53     7    55 0.91 tr|A0A1W9Y856|A0A1W9Y856_9MYCO Uncharacterized protein OS=Mycobacterium alsense OX=324058 GN=BST11_06565 PE=4 SV=1
A0A1C0Z2F5/9-123     -            115 seed_msa             -            157     0.021   13.7   0.0   1   1     0.007     0.023   13.5   0.0    26    70     3    49     1    91 0.88 tr|A0A1C0Z2F5|A0A1C0Z2F5_9BACL Globin OS=Caryophanon latum OX=33977 GN=A6K76_04745 PE=4 SV=1
A0A1A2LU98/15-126    -            112 seed_msa             -            157     0.021   13.7   0.0   1   1     0.011     0.036   12.9   0.0    30    71     9    49     7   106 0.83 tr|A0A1A2LU98|A0A1A2LU98_9MYCO Group 1 truncated hemoglobin OS=Mycobacterium sp. E3251 OX=1834144 GN=A5697_26595 PE=3 SV=1
A0A1F4GAQ4/19-137    -            119 seed_msa             -            157     0.021   13.6   0.0   1   1     0.011     0.036   12.9   0.0    31    74     9    53     6    65 0.90 tr|A0A1F4GAQ4|A0A1F4GAQ4_9BURK Globin OS=Burkholderiales bacterium RIFCSPHIGHO2_01_FULL_63_240 OX=1797552 GN=A2711_16470 PE=4 SV=1
A0A1E4BAF6/9-127     -            119 seed_msa             -            157     0.021   13.6   0.0   1   1     0.012     0.038   12.8   0.0    29    73     7    52     6    68 0.88 tr|A0A1E4BAF6|A0A1E4BAF6_9BACT Globin OS=Gemmatimonadetes bacterium SCN 70-22 OX=1660163 GN=ABS52_06305 PE=4 SV=1
A0A0Q7J6R3/3-115     -            113 seed_msa             -            157     0.021   13.6   0.6   1   1     0.018     0.059   12.2   0.6    29    77     9    56     7   110 0.71 tr|A0A0Q7J6R3|A0A0Q7J6R3_9BACL Group 1 truncated hemoglobin OS=Paenibacillus sp. Root444D2 OX=1736538 GN=ASD40_16190 PE=3 SV=1
A0A0Q9JY18/3-115     -            113 seed_msa             -            157     0.021   13.6   0.6   1   1     0.018     0.059   12.2   0.6    29    77     9    56     7   110 0.71 tr|A0A0Q9JY18|A0A0Q9JY18_9BACL Group 1 truncated hemoglobin OS=Paenibacillus sp. Soil724D2 OX=1736392 GN=ASG85_12950 PE=3 SV=1
A0A1B1TPL4/3-117     -            115 seed_msa             -            157     0.022   13.6   0.0   1   1     0.012     0.038   12.8   0.0    29    74     9    53     7    60 0.82 tr|A0A1B1TPL4|A0A1B1TPL4_9SYNE Group 1 truncated hemoglobin OS=Synechococcus sp. PCC 7003 OX=374981 GN=AWQ21_07885 PE=3 SV=1
A0A1I1UGZ9/6-110     -            105 seed_msa             -            157     0.022   13.6   0.0   1   1    0.0096     0.031   13.1   0.0    31    77     5    50     2   101 0.87 tr|A0A1I1UGZ9|A0A1I1UGZ9_9ACTN Hemoglobin OS=Klenkia taihuensis OX=1225127 GN=SAMN05661030_4000 PE=4 SV=1
M0IRT7/4-116         -            113 seed_msa             -            157     0.022   13.6   0.0   1   1     0.011     0.035   13.0   0.0    30    77    10    56     8    70 0.83 tr|M0IRT7|M0IRT7_9EURY Cyanoglobin OS=Haloferax mucosum ATCC BAA-1512 OX=662479 GN=C440_00310 PE=4 SV=1
A0A1H8K3Y3/17-137    -            121 seed_msa             -            157     0.022   13.6   0.0   1   1      0.01     0.033   13.0   0.0    29    70     9    51     8    61 0.91 tr|A0A1H8K3Y3|A0A1H8K3Y3_9BURK Hemoglobin OS=Brachymonas denitrificans DSM 15123 OX=1121117 GN=SAMN02745977_02237 PE=4 SV=1
A0A1I1H3G9/7-123     -            117 seed_msa             -            157     0.022   13.6   0.0   1   1      0.01     0.034   13.0   0.0    29    64     8    43     2    60 0.76 tr|A0A1I1H3G9|A0A1I1H3G9_9BACI Hemoglobin OS=Bacillus sp. UNCCL81 OX=1502755 GN=SAMN02799633_00013 PE=4 SV=1
A0A1S2MEX1/7-103     -             97 seed_msa             -            157     0.022   13.6   0.0   1   1    0.0086     0.028   13.3   0.0    29    69     9    47     8    62 0.77 tr|A0A1S2MEX1|A0A1S2MEX1_9BACI Globin OS=Anaerobacillus isosaccharinicus OX=1532552 GN=AWH56_01800 PE=4 SV=1
A0A171KNQ4/16-136    -            121 seed_msa             -            157     0.022   13.6   0.0   1   1     0.034      0.11   11.3   0.0    31    77    11    58     8    64 0.89 tr|A0A171KNQ4|A0A171KNQ4_9BURK Hemoglobin OS=Kerstersia gyiorum OX=206506 GN=AAV32_15810 PE=4 SV=1
A0A0K1S8Y8/3-116     -            114 seed_msa             -            157     0.022   13.6   0.1   1   1     0.017     0.056   12.3   0.0    30    71    10    50     8    58 0.81 tr|A0A0K1S8Y8|A0A0K1S8Y8_9CHRO Group 1 truncated hemoglobin OS=Microcystis panniformis FACHB-1757 OX=1638788 GN=VL20_5789 PE=3 SV=1
A0A1I0W2S0/6-123     -            118 seed_msa             -            157     0.022   13.6   0.0   1   1      0.01     0.033   13.0   0.0    31    68    11    46     9    63 0.77 tr|A0A1I0W2S0|A0A1I0W2S0_9BACI Hemoglobin OS=Lentibacillus halodurans OX=237679 GN=SAMN04488072_102146 PE=4 SV=1
A0A0L0QU58/7-124     -            118 seed_msa             -            157     0.022   13.6   0.0   1   1    0.0079     0.026   13.4   0.0    30    69    10    51     8   112 0.80 tr|A0A0L0QU58|A0A0L0QU58_VIRPA Globin OS=Virgibacillus pantothenticus OX=1473 GN=AFK71_04310 PE=4 SV=1
A0A1R4HEF4/4-118     -            115 seed_msa             -            157     0.022   13.6   0.1   1   1    0.0098     0.032   13.1   0.1    29    76     9    55     7   112 0.70 tr|A0A1R4HEF4|A0A1R4HEF4_9GAMM Group 1 truncated hemoglobin OS=Crenothrix polyspora OX=360316 GN=glbN PE=3 SV=1
A0A0F9I9I0/13-125    -            113 seed_msa             -            157     0.023   13.6   0.0   1   1    0.0091      0.03   13.2   0.0    31    99    11    74     8   107 0.75 tr|A0A0F9I9I0|A0A0F9I9I0_9ZZZZ Uncharacterized protein OS=marine sediment metagenome OX=412755 GN=LCGC14_1904360 PE=4 SV=1
A0A1I1GI92/29-135    -            107 seed_msa             -            157     0.023   13.6   0.0   1   1     0.014     0.046   12.5   0.0    30   115    10    90     7   101 0.80 tr|A0A1I1GI92|A0A1I1GI92_9GAMM Hemoglobin OS=Kushneria avicenniae OX=402385 GN=SAMN05421848_0603 PE=4 SV=1
A0A0F3IFC6/11-125    -            115 seed_msa             -            157     0.023   13.6   0.1   1   1     0.011     0.035   13.0   0.1    29   116     9    94     7   110 0.72 tr|A0A0F3IFC6|A0A0F3IFC6_9GAMM Group 1 truncated hemoglobin OS=Methylocucumis oryzae OX=1632867 GN=VZ94_17620 PE=3 SV=1
A0A1Q9Q1R5/7-121     -            115 seed_msa             -            157     0.023   13.6   0.0   1   1     0.017     0.054   12.3   0.0    29    66     9    47     7    72 0.82 tr|A0A1Q9Q1R5|A0A1Q9Q1R5_9BACI Globin OS=Bacillus sp. MRMR6 OX=1928617 GN=BTR25_08680 PE=4 SV=1
A0A181Z956/35-153    -            119 seed_msa             -            157     0.023   13.6   0.1   1   1     0.029     0.096   11.5   0.1    30    70    10    53     8   119 0.92 tr|A0A181Z956|A0A181Z956_9MICO Hemoglobin OS=Curtobacterium sp. 9128 OX=1793722 GN=GA0004736_1653 PE=4 SV=1
A0A1E2W1W6/1-116     -            116 seed_msa             -            157     0.023   13.6   0.0   1   1     0.011     0.036   12.9   0.0    29    64     7    42     2    59 0.76 tr|A0A1E2W1W6|A0A1E2W1W6_9BACI Uncharacterized protein OS=Bacillus luciferensis OX=178774 GN=BED47_20560 PE=4 SV=1
A0A1X1TDZ2/8-124     -            117 seed_msa             -            157     0.023   13.6   0.0   1   1     0.013     0.041   12.7   0.0    31    70    11    53     8    55 0.90 tr|A0A1X1TDZ2|A0A1X1TDZ2_9MYCO Uncharacterized protein OS=Mycolicibacter engbaekii OX=188915 GN=AWC02_15640 PE=4 SV=1
A0A0Q3TP93/1-116     -            116 seed_msa             -            157     0.023   13.6   0.0   1   1     0.011     0.036   12.9   0.0    29    64     7    42     2    59 0.76 tr|A0A0Q3TP93|A0A0Q3TP93_9BACI Uncharacterized protein OS=Bacillus sp. FJAT-25509 OX=1712029 GN=AN960_19995 PE=4 SV=1
A0A2A7IFY3/1-116     -            116 seed_msa             -            157     0.023   13.6   0.0   1   1     0.011     0.036   12.9   0.0    29    64     7    42     2    59 0.76 tr|A0A2A7IFY3|A0A2A7IFY3_9BACI Uncharacterized protein OS=Bacillus sp. AFS096315 OX=2033517 GN=CON00_04760 PE=4 SV=1
A0A2A8MGV3/1-116     -            116 seed_msa             -            157     0.023   13.6   0.0   1   1     0.011     0.036   12.9   0.0    29    64     7    42     2    59 0.76 tr|A0A2A8MGV3|A0A2A8MGV3_9BACI Uncharacterized protein OS=Bacillus sp. AFS001701 OX=2033480 GN=CN514_19345 PE=4 SV=1
A0A2A9RFY1/1-116     -            116 seed_msa             -            157     0.023   13.6   0.0   1   1     0.011     0.036   12.9   0.0    29    64     7    42     2    59 0.76 tr|A0A2A9RFY1|A0A2A9RFY1_9BACI Uncharacterized protein OS=Bacillus sp. AFS088145 OX=2033514 GN=COI44_19260 PE=4 SV=1
A0A2B1H0C2/1-116     -            116 seed_msa             -            157     0.023   13.6   0.0   1   1     0.011     0.036   12.9   0.0    29    64     7    42     2    59 0.76 tr|A0A2B1H0C2|A0A2B1H0C2_9BACI Uncharacterized protein OS=Bacillus sp. AFS077874 OX=2033513 GN=COJ46_12120 PE=4 SV=1
A0A2B9AKK6/1-116     -            116 seed_msa             -            157     0.023   13.6   0.0   1   1     0.011     0.036   12.9   0.0    29    64     7    42     2    59 0.76 tr|A0A2B9AKK6|A0A2B9AKK6_9BACI Uncharacterized protein OS=Bacillus sp. AFS053548 OX=2033505 GN=CN946_18120 PE=4 SV=1
A0A2C3K9E0/1-116     -            116 seed_msa             -            157     0.023   13.6   0.0   1   1     0.011     0.036   12.9   0.0    29    64     7    42     2    59 0.76 tr|A0A2C3K9E0|A0A2C3K9E0_9BACI Uncharacterized protein OS=Bacillus sp. AFS029533 OX=2033494 GN=COE53_06275 PE=4 SV=1
A0A223D6I5/2-114     -            113 seed_msa             -            157     0.023   13.5   0.0   1   1      0.01     0.033   13.0   0.0    31    74     6    47     4    65 0.77 tr|A0A223D6I5|A0A223D6I5_9BACL Globin OS=Tumebacillus algifaecis OX=1214604 GN=CIG75_04280 PE=4 SV=1
M1UMQ8/6-121         -            116 seed_msa             -            157     0.023   13.5   0.0   1   1     0.015     0.049   12.5   0.0    30    70    10    53     7    57 0.90 tr|M1UMQ8|M1UMQ8_9CORY Uncharacterized protein OS=Corynebacterium callunae DSM 20147 OX=1121353 GN=H924_10285 PE=4 SV=1
A0A1C3K7U1/16-136    -            121 seed_msa             -            157     0.023   13.5   0.0   1   1     0.016     0.053   12.4   0.0    30    77    10    58     7    64 0.89 tr|A0A1C3K7U1|A0A1C3K7U1_9BURK Hemoglobin-like protein HbO OS=Orrella dioscoreae OX=1851544 GN=ODI_00569 PE=4 SV=1
A0A1X1VQK2/8-124     -            117 seed_msa             -            157     0.023   13.5   0.0   1   1     0.013     0.041   12.7   0.0    31    70    11    53     8    55 0.90 tr|A0A1X1VQK2|A0A1X1VQK2_9MYCO Uncharacterized protein OS=Mycolicibacter hiberniae OX=29314 GN=AWC09_07040 PE=4 SV=1
A0A1Y1YI31/43-149    -            107 seed_msa             -            157     0.023   13.5   0.2   1   1     0.014     0.046   12.6   0.1    29    77     3    50     1    63 0.84 tr|A0A1Y1YI31|A0A1Y1YI31_9FUNG Globin-like protein OS=Basidiobolus meristosporus CBS 931.73 OX=1314790 GN=K493DRAFT_314093 PE=4 SV=1
A0A1N7QX94/17-137    -            121 seed_msa             -            157     0.023   13.5   0.0   1   1     0.014     0.046   12.6   0.0    30    82    10    61     8    65 0.86 tr|A0A1N7QX94|A0A1N7QX94_9BURK Hemoglobin OS=Achromobacter sp. MFA1 R4 OX=1881016 GN=SAMN05428937_3592 PE=4 SV=1
A0A0S2JXT5/26-138    -            113 seed_msa             -            157     0.023   13.5   0.0   1   1     0.012     0.039   12.8   0.0    29    78     9    57     4    62 0.91 tr|A0A0S2JXT5|A0A0S2JXT5_9GAMM Cyanoglobin Hemoglobin-like protein HbN OS=Pseudoalteromonas phenolica OX=161398 GN=PP2015_330 PE=4 SV=1
A0A269PN41/4-115     -            112 seed_msa             -            157     0.023   13.5   0.0   1   1     0.008     0.026   13.4   0.0    29    74     9    53     8    95 0.85 tr|A0A269PN41|A0A269PN41_9GAMM Group 1 truncated hemoglobin OS=Pseudoalteromonas sp. NBT06-2 OX=2025950 GN=CJF42_18040 PE=3 SV=1
A0A1X7DTF1/59-177    -            119 seed_msa             -            157     0.023   13.5   0.0   1   1     0.021     0.067   12.0   0.0    33    70    13    53     5    58 0.89 tr|A0A1X7DTF1|A0A1X7DTF1_9MICC Hemoglobin OS=Kocuria indica OX=1049583 GN=SAMN06296028_11521 PE=4 SV=1
A0A1H0XRL5/15-108    -             94 seed_msa             -            157     0.023   13.5   0.0   1   1    0.0098     0.032   13.1   0.0    30    56     8    35     6    58 0.78 tr|A0A1H0XRL5|A0A1H0XRL5_9ACTN Group 1 truncated hemoglobin OS=Quadrisphaera sp. DSM 44207 OX=1881057 GN=SAMN05428996_0235 PE=3 SV=1
A0A1R1EPY2/20-133    -            114 seed_msa             -            157     0.023   13.5   0.0   1   1     0.013     0.042   12.7   0.0    30    70    10    52     8   113 0.93 tr|A0A1R1EPY2|A0A1R1EPY2_9BACL Globin OS=Paenibacillus rhizosphaerae OX=297318 GN=BK138_18765 PE=4 SV=1
A0A2C0ZE32/1-116     -            116 seed_msa             -            157     0.023   13.5   0.0   1   1     0.011     0.036   12.9   0.0    29    64     7    42     2    59 0.76 tr|A0A2C0ZE32|A0A2C0ZE32_9BACI Uncharacterized protein OS=Bacillus sp. AFS041924 OX=2033503 GN=COC46_14800 PE=4 SV=1
A0A1M6WNE5/12-130    -            119 seed_msa             -            157     0.023   13.5   0.0   1   1     0.013     0.043   12.7   0.0    30    70    10    53     8    55 0.91 tr|A0A1M6WNE5|A0A1M6WNE5_PSETH Hemoglobin OS=Pseudonocardia thermophila OX=1848 GN=SAMN05443637_1158 PE=4 SV=1
A0A229UPL2/11-120    -            110 seed_msa             -            157     0.024   13.5   0.0   1   1    0.0099     0.032   13.1   0.0    30    68    10    47     7   106 0.69 tr|A0A229UPL2|A0A229UPL2_9BACL Group 1 truncated hemoglobin OS=Paenibacillus rigui OX=554312 GN=CF651_15565 PE=3 SV=1
A0A1A2B1F0/5-122     -            118 seed_msa             -            157     0.024   13.5   0.0   1   1     0.012      0.04   12.8   0.0    30    70    10    53     7    61 0.92 tr|A0A1A2B1F0|A0A1A2B1F0_9MYCO Uncharacterized protein OS=Mycobacterium sp. 852002-50816_SCH5313054-b OX=1834092 GN=A5787_17375 PE=4 SV=1
A0A2G5PCE0/10-126    -            117 seed_msa             -            157     0.024   13.5   0.0   1   1     0.013     0.042   12.7   0.0    31    70    11    53     8    60 0.91 tr|A0A2G5PCE0|A0A2G5PCE0_9MYCO Globin OS=Mycolicibacterium brumae OX=85968 GN=CQY22_008380 PE=4 SV=1
D8J3V2/5-116         -            112 seed_msa             -            157     0.024   13.5   0.1   1   1     0.019     0.061   12.2   0.1    29    70     9    49     7    60 0.74 tr|D8J3V2|D8J3V2_HALJB Globin OS=Halalkalicoccus jeotgali (strain DSM 18796 / CECT 7217 / JCM 14584 / KCTC 4019 / B3) OX=795797 GN=HacjB3_00250 PE=4 SV=1
G7EL36/24-136        -            113 seed_msa             -            157     0.024   13.5   0.0   1   1     0.011     0.036   12.9   0.0    30    78    10    57     8    96 0.92 tr|G7EL36|G7EL36_9GAMM Hemoglobin OS=Pseudoalteromonas sp. BSi20652 OX=388384 GN=glbN PE=4 SV=1
A0A1A2ZRQ3/5-122     -            118 seed_msa             -            157     0.024   13.5   0.0   1   1     0.014     0.044   12.6   0.0    30    70    10    53     7    55 0.91 tr|A0A1A2ZRQ3|A0A1A2ZRQ3_9MYCO Uncharacterized protein OS=Mycobacterium sp. E787 OX=1834150 GN=A5705_06405 PE=4 SV=1
A0A1A3GF60/8-124     -            117 seed_msa             -            157     0.024   13.5   0.0   1   1     0.014     0.045   12.6   0.0    31    70    11    53     8    55 0.90 tr|A0A1A3GF60|A0A1A3GF60_9MYCO Uncharacterized protein OS=Mycolicibacter heraklionensis OX=512402 GN=A5631_00825 PE=4 SV=1
V6T690/5-115         -            111 seed_msa             -            157     0.024   13.5   0.0   1   1    0.0093      0.03   13.1   0.0    30    73    10    51     8    95 0.81 tr|V6T690|V6T690_9BACI Uncharacterized protein OS=Bacillus sp. 17376 OX=977905 GN=G3A_01450 PE=4 SV=1
W4RQG5/5-115         -            111 seed_msa             -            157     0.024   13.5   0.0   1   1    0.0093      0.03   13.1   0.0    30    73    10    51     8    95 0.81 tr|W4RQG5|W4RQG5_9BACI Hemoglobin-like protein HbO OS=Bacillus boroniphilus JCM 21738 OX=1294265 GN=JCM21738_3452 PE=4 SV=1
A0A1I5C5Z7/9-129     -            121 seed_msa             -            157     0.024   13.5   0.0   1   1     0.031     0.099   11.5   0.0    30    75    10    56     8    64 0.88 tr|A0A1I5C5Z7|A0A1I5C5Z7_9BRAD Hemoglobin OS=Bradyrhizobium sp. Ghvi OX=1855319 GN=SAMN05216330_101672 PE=4 SV=1
A0A1A2NB14/7-124     -            118 seed_msa             -            157     0.024   13.5   0.0   1   1     0.013     0.044   12.6   0.0    31    70    11    53     8    62 0.89 tr|A0A1A2NB14|A0A1A2NB14_9MYCO Uncharacterized protein OS=Mycobacterium sp. E1747 OX=1834128 GN=A5695_16960 PE=4 SV=1
A0A1Y3AGM6/5-117     -            113 seed_msa             -            157     0.024   13.5   0.0   1   1     0.012      0.04   12.8   0.0    29    77     9    56     7   108 0.72 tr|A0A1Y3AGM6|A0A1Y3AGM6_9EURY Group 1 truncated hemoglobin OS=Halorubrum sp. SD612 OX=1855863 GN=B9G38_14005 PE=4 SV=1
M8DAY6/3-115         -            113 seed_msa             -            157     0.025   13.4   0.3   1   1     0.019     0.063   12.1   0.3    29   117     9    92     7   109 0.78 tr|M8DAY6|M8DAY6_9BACL Group 1 truncated hemoglobin OS=Brevibacillus borstelensis AK1 OX=1300222 GN=I532_21810 PE=3 SV=1
A0A1A3TRZ2/11-127    -            117 seed_msa             -            157     0.025   13.4   0.0   1   1     0.014     0.045   12.6   0.0    31    70    11    53     8    55 0.90 tr|A0A1A3TRZ2|A0A1A3TRZ2_9MYCO Uncharacterized protein OS=Mycolicibacter heraklionensis OX=512402 GN=A5649_00470 PE=4 SV=1
A0A1X6W6I1/8-117     -            110 seed_msa             -            157     0.025   13.4   0.0   1   1     0.014     0.046   12.6   0.0    29    68     9    50     7    65 0.74 tr|A0A1X6W6I1|A0A1X6W6I1_CHLAO Truncated BHb OS=Chlamydia abortus OX=83555 GN=yjbI PE=4 SV=1
A0A2E5YJ73/1-111     -            111 seed_msa             -            157     0.025   13.4   0.0   1   1     0.011     0.035   12.9   0.0    30    68     5    44     3    53 0.85 tr|A0A2E5YJ73|A0A2E5YJ73_9DELT Globin OS=Deltaproteobacteria bacterium OX=2026735 GN=CL933_09405 PE=4 SV=1
A0A1F4H0A7/17-136    -            120 seed_msa             -            157     0.025   13.4   0.0   1   1     0.011     0.035   12.9   0.0    29    77     8    57     6    75 0.90 tr|A0A1F4H0A7|A0A1F4H0A7_9BURK Globin OS=Burkholderiales bacterium GWF1_66_17 OX=1797551 GN=A2X72_04215 PE=4 SV=1
A0A136LS41/8-100     -             93 seed_msa             -            157     0.025   13.4   0.1   1   1    0.0077     0.025   13.4   0.1    31    62     2    33     1    89 0.81 tr|A0A136LS41|A0A136LS41_9BACT Globin OS=Bacteroidetes bacterium OLB12 OX=1619897 GN=UZ12_BCD005002028 PE=4 SV=1
A0A0D6AFL7/3-117     -            115 seed_msa             -            157     0.025   13.4   0.1   1   1     0.011     0.036   12.9   0.1    29    70     9    49     7    71 0.77 tr|A0A0D6AFL7|A0A0D6AFL7_9CHRO Group 1 truncated hemoglobin OS=Geminocystis sp. NIES-3708 OX=1615909 GN=GM3708_2012 PE=3 SV=1
D5EIY8/3-117         -            115 seed_msa             -            157     0.025   13.4   0.0   1   1     0.013     0.042   12.7   0.0    29    71     9    50     7    62 0.78 tr|D5EIY8|D5EIY8_CORAD Group 1 truncated hemoglobin OS=Coraliomargarita akajimensis (strain DSM 45221 / IAM 15411 / JCM 23193 / KCTC 12865 / 04OKA010-24) OX=583355 GN=Caka_1368 PE=3 SV=1
K9TPV2/3-108         -            106 seed_msa             -            157     0.025   13.4   0.1   1   1     0.014     0.044   12.6   0.1    30    69    10    48     7   102 0.74 tr|K9TPV2|K9TPV2_9CYAN Group 1 truncated hemoglobin OS=Oscillatoria acuminata PCC 6304 OX=56110 GN=Oscil6304_5374 PE=3 SV=1
A0A1U7HV22/5-117     -            113 seed_msa             -            157     0.025   13.4   0.0   1   1     0.049      0.16   10.8   0.0    29    64     9    45     7    57 0.82 tr|A0A1U7HV22|A0A1U7HV22_9CHRO Group 1 truncated hemoglobin OS=Chroogloeocystis siderophila 5.2 s.c.1 OX=247279 GN=NIES1031_09155 PE=3 SV=1
A0A1A2DCN3/3-115     -            113 seed_msa             -            157     0.025   13.4   0.0   1   1     0.018     0.057   12.3   0.0    30    77    10    56     8   107 0.78 tr|A0A1A2DCN3|A0A1A2DCN3_9MYCO Group 1 truncated hemoglobin OS=Mycobacterium sp. 852002-51152_SCH6134967 OX=1834096 GN=A5790_16665 PE=3 SV=1
A0A071MHZ6/13-133    -            121 seed_msa             -            157     0.025   13.4   0.0   1   1     0.015     0.049   12.5   0.0    29    70     9    51     7    64 0.86 tr|A0A071MHZ6|A0A071MHZ6_9BURK Cyanoglobin OS=Burkholderia cenocepacia OX=95486 GN=DT99_29070 PE=4 SV=1
A0A103KBE0/13-133    -            121 seed_msa             -            157     0.025   13.4   0.0   1   1     0.015     0.049   12.5   0.0    29    70     9    51     7    64 0.86 tr|A0A103KBE0|A0A103KBE0_9BURK Cyanoglobin OS=Burkholderia seminalis OX=488731 GN=WJ13_17985 PE=4 SV=1
A0A1R2AWI8/2-113     -            112 seed_msa             -            157     0.026   13.4   0.0   1   1     0.017     0.055   12.3   0.0    30   122    10    97     7   111 0.72 tr|A0A1R2AWI8|A0A1R2AWI8_9CILI Uncharacterized protein OS=Stentor coeruleus OX=5963 GN=SteCoe_33538 PE=4 SV=1
A0A0M9F8V6/32-130    -             99 seed_msa             -            157     0.026   13.4   0.0   1   1    0.0087     0.028   13.3   0.0    29    89     5    66     2    92 0.78 tr|A0A0M9F8V6|A0A0M9F8V6_PHOLD Globin OS=Photobacterium leiognathi subsp. mandapamensis OX=48408 GN=VT25_11670 PE=4 SV=1
A0A1Y1BE70/13-133    -            121 seed_msa             -            157     0.026   13.4   0.0   1   1     0.012     0.038   12.8   0.0    29    70     9    51     7    64 0.87 tr|A0A1Y1BE70|A0A1Y1BE70_9BURK Globin OS=Burkholderia stabilis OX=95485 GN=BSFP_010830 PE=4 SV=1
A0A095DN90/13-133    -            121 seed_msa             -            157     0.026   13.4   0.0   1   1     0.012     0.038   12.8   0.0    29    70     9    51     7    64 0.87 tr|A0A095DN90|A0A095DN90_BURCE Bacterial-like globin family protein OS=Burkholderia cepacia OX=292 GN=DM42_2783 PE=4 SV=1
A0A0H2XPB0/13-133    -            121 seed_msa             -            157     0.026   13.4   0.0   1   1     0.012     0.038   12.8   0.0    29    70     9    51     7    64 0.87 tr|A0A0H2XPB0|A0A0H2XPB0_BURCA Globin OS=Burkholderia cenocepacia (strain AU 1054) OX=331271 GN=Bcen_1667 PE=4 SV=1
A2VWM5/13-133        -            121 seed_msa             -            157     0.026   13.4   0.0   1   1     0.012     0.038   12.8   0.0    29    70     9    51     7    64 0.87 tr|A2VWM5|A2VWM5_9BURK Protozoan/cyanobacterial globin OS=Burkholderia cenocepacia PC184 OX=350702 GN=BCPG_02436 PE=4 SV=1
B4E5Q1/13-133        -            121 seed_msa             -            157     0.026   13.4   0.0   1   1     0.012     0.038   12.8   0.0    29    70     9    51     7    64 0.87 tr|B4E5Q1|B4E5Q1_BURCJ Putative globin OS=Burkholderia cenocepacia (strain ATCC BAA-245 / DSM 16553 / LMG 16656 / NCTC 13227 / J2315 / CF5610) OX=216591 GN=BCAL2373 PE=4 SV=1
D8THA8/22-134        -            113 seed_msa             -            157     0.026   13.4   0.0   1   1     0.015      0.05   12.4   0.0    30    64    10    45     8    52 0.90 tr|D8THA8|D8THA8_VOLCA Uncharacterized protein OS=Volvox carteri f. nagariensis OX=3068 GN=VOLCADRAFT_102653 PE=4 SV=1
A0A1B4BTV0/13-133    -            121 seed_msa             -            157     0.026   13.4   0.0   1   1     0.016     0.051   12.4   0.0    29    71     9    52     7    64 0.85 tr|A0A1B4BTV0|A0A1B4BTV0_9BURK Cyanoglobin OS=Burkholderia diffusa OX=488732 GN=WI26_11045 PE=4 SV=1
A0A1M4VQ42/4-110     -            107 seed_msa             -            157     0.026   13.3   0.0   1   1     0.012     0.038   12.8   0.0    32   115    12    90     9   107 0.72 tr|A0A1M4VQ42|A0A1M4VQ42_9RHOB Hemoglobin OS=Ruegeria intermedia OX=996115 GN=SAMN05444279_106176 PE=4 SV=1
S9SW52/7-114         -            108 seed_msa             -            157     0.026   13.3   0.0   1   1      0.01     0.033   13.0   0.0    29    78     9    62     7    71 0.77 tr|S9SW52|S9SW52_PAEAL Globin OS=Paenibacillus alvei TS-15 OX=1117108 GN=PAALTS15_05438 PE=4 SV=1
A0A1S0X3T2/49-160    -            112 seed_msa             -            157     0.027   13.3   0.0   1   1     0.015     0.048   12.5   0.0    32   114    11    88     7    93 0.83 tr|A0A1S0X3T2|A0A1S0X3T2_9GAMM Globin OS=Rhodanobacter sp. FW104-R5 OX=1524468 GN=RHOFW104R5_34605 PE=4 SV=1
I4H5U0/3-116         -            114 seed_msa             -            157     0.027   13.3   0.1   1   1      0.02     0.066   12.0   0.0    29    71     9    50     7    59 0.82 tr|I4H5U0|I4H5U0_MICAE Group 1 truncated hemoglobin OS=Microcystis aeruginosa PCC 9807 OX=1160283 GN=glbN PE=3 SV=1
A0A1I1FAJ4/4-111     -            108 seed_msa             -            157     0.027   13.3   0.0   1   1    0.0092      0.03   13.2   0.0    29    76     9    55     8    95 0.82 tr|A0A1I1FAJ4|A0A1I1FAJ4_9GAMM Group 1 truncated hemoglobin OS=Pseudoalteromonas denitrificans DSM 6059 OX=1123010 GN=SAMN02745724_00565 PE=3 SV=1
A0A0I9XLT3/8-124     -            117 seed_msa             -            157     0.027   13.3   0.0   1   1     0.016     0.052   12.4   0.0    32    70    12    53     8    55 0.90 tr|A0A0I9XLT3|A0A0I9XLT3_9MYCO Group 2 truncated hemoglobin GlbO OS=Mycolicibacter heraklionensis OX=512402 GN=ABW16_14610 PE=4 SV=1
A0A106N7I9/13-133    -            121 seed_msa             -            157     0.027   13.3   0.0   1   1     0.016     0.052   12.4   0.0    29    71     9    52     7    64 0.85 tr|A0A106N7I9|A0A106N7I9_9BURK Cyanoglobin OS=Burkholderia territorii OX=1503055 GN=WT27_21935 PE=4 SV=1
A0A073AX10/3-115     -            113 seed_msa             -            157     0.027   13.3   0.0   1   1     0.024     0.077   11.8   0.0    30    57    10    44     8    91 0.78 tr|A0A073AX10|A0A073AX10_9PSEU Group 1 truncated hemoglobin OS=Saccharopolyspora rectivirgula OX=28042 GN=GU90_11305 PE=3 SV=1
A0A2H0QIV4/3-116     -            114 seed_msa             -            157     0.027   13.3   0.0   1   1     0.013     0.041   12.7   0.0    29    66     9    49     7    55 0.87 tr|A0A2H0QIV4|A0A2H0QIV4_9PROT Group 1 truncated hemoglobin OS=Bdellovibrio sp. CG11_big_fil_rev_8_21_14_0_20_39_38 OX=1975527 GN=COV37_13825 PE=3 SV=1
A0A1W9J8D7/39-150    -            112 seed_msa             -            157     0.027   13.3   0.0   1   1     0.012     0.039   12.8   0.0    32    76    12    55     9   106 0.87 tr|A0A1W9J8D7|A0A1W9J8D7_9PROT Group 1 truncated hemoglobin OS=Proteobacteria bacterium ST_bin12 OX=1978760 GN=BVN34_10335 PE=4 SV=1
A0A1R1LQ32/10-128    -            119 seed_msa             -            157     0.027   13.3   0.0   1   1      0.02     0.064   12.1   0.0    31    71    11    54     8    61 0.88 tr|A0A1R1LQ32|A0A1R1LQ32_9MICC Globin OS=Tersicoccus phoenicis OX=554083 GN=BKD30_00250 PE=4 SV=1
A0A1A2VZQ1/8-124     -            117 seed_msa             -            157     0.027   13.3   0.0   1   1     0.015     0.048   12.5   0.0    31    70    11    53     8    55 0.89 tr|A0A1A2VZQ1|A0A1A2VZQ1_9MYCO Uncharacterized protein OS=Mycolicibacter heraklionensis OX=512402 GN=A5715_20730 PE=4 SV=1
A0A1R0U913/8-124     -            117 seed_msa             -            157     0.027   13.3   0.0   1   1     0.015     0.048   12.5   0.0    31    70    11    53     8    55 0.89 tr|A0A1R0U913|A0A1R0U913_9MYCO Uncharacterized protein OS=Mycolicibacter heraklionensis OX=512402 GN=A5735_10725 PE=4 SV=1
A0A1X1YZR1/8-124     -            117 seed_msa             -            157     0.027   13.3   0.0   1   1     0.015     0.048   12.5   0.0    31    70    11    53     8    55 0.89 tr|A0A1X1YZR1|A0A1X1YZR1_MYCNO Uncharacterized protein OS=Mycobacterium nonchromogenicum OX=1782 GN=AWC18_17835 PE=4 SV=1
A0A1X0FSW7/8-124     -            117 seed_msa             -            157     0.027   13.3   0.0   1   1     0.013     0.042   12.7   0.0    32    70    12    53     8    62 0.89 tr|A0A1X0FSW7|A0A1X0FSW7_9MYCO Uncharacterized protein OS=Mycolicibacter minnesotensis OX=1118379 GN=BST33_00355 PE=4 SV=1
A0A0D1XIW3/7-119     -            113 seed_msa             -            157     0.027   13.3   0.5   1   1     0.022      0.07   12.0   0.5    30    66    10    47     7   107 0.87 tr|A0A0D1XIW3|A0A0D1XIW3_ANEMI Group 1 truncated hemoglobin OS=Aneurinibacillus migulanus OX=47500 GN=AF333_25255 PE=3 SV=1
A0A1G3CPZ3/8-126     -            119 seed_msa             -            157     0.027   13.3   0.0   1   1     0.011     0.037   12.9   0.0    30    70     8    53     6    72 0.88 tr|A0A1G3CPZ3|A0A1G3CPZ3_9BURK Hemoglobin-like protein OS=Polynucleobacter sp. GWA2_45_21 OX=1801989 GN=A2X74_04955 PE=4 SV=1
A0A259IFE1/8-126     -            119 seed_msa             -            157     0.027   13.3   0.0   1   1     0.011     0.037   12.9   0.0    30    70     8    53     6    72 0.88 tr|A0A259IFE1|A0A259IFE1_9BURK Hemoglobin-like protein OS=Polynucleobacter sp. 39-46-10 OX=1970428 GN=B7X71_14140 PE=4 SV=1
A0A160MB34/6-105     -            100 seed_msa             -            157     0.027   13.3   0.0   1   1     0.011     0.036   12.9   0.0    30    74    10    52     8    63 0.76 tr|A0A160MB34|A0A160MB34_9BACI Globin OS=Bacillus oceanisediminis 2691 OX=1196031 GN=A361_13135 PE=4 SV=1
A0A1A3HN35/7-124     -            118 seed_msa             -            157     0.027   13.3   0.0   1   1     0.015      0.05   12.4   0.0    31    70    11    53     8    55 0.88 tr|A0A1A3HN35|A0A1A3HN35_9MYCO Uncharacterized protein OS=Mycobacterium sp. 1423905.2 OX=1856859 GN=A9W95_03185 PE=4 SV=1
A0A0Q9N9Y5/5-117     -            113 seed_msa             -            157     0.027   13.3   0.8   1   1     0.078      0.26   10.1   0.7    30    77    10    56     7    92 0.65 tr|A0A0Q9N9Y5|A0A0Q9N9Y5_9BACL Group 1 truncated hemoglobin OS=Paenibacillus sp. Soil750 OX=1736398 GN=ASL11_11620 PE=3 SV=1
A0A0Q8PEQ7/10-130    -            121 seed_msa             -            157     0.028   13.3   0.0   1   1     0.012     0.038   12.8   0.0    29    72     9    53     7    64 0.89 tr|A0A0Q8PEQ7|A0A0Q8PEQ7_9BURK Uncharacterized protein OS=Noviherbaspirillum sp. Root189 OX=1736487 GN=ASE07_07215 PE=4 SV=1
A0A2C2UQK0/7-123     -            117 seed_msa             -            157     0.028   13.3   0.0   1   1     0.019     0.061   12.2   0.0    30    68    10    46     8    62 0.77 tr|A0A2C2UQK0|A0A2C2UQK0_9BACI Globin OS=Bacillus sp. AFS031507 OX=2033496 GN=COE25_01420 PE=4 SV=1
A0A0C2UH57/6-121     -            116 seed_msa             -            157     0.028   13.3   0.0   1   1     0.011     0.036   12.9   0.0    29    70     9    52     7    71 0.70 tr|A0A0C2UH57|A0A0C2UH57_9BACL Globin OS=Cohnella kolymensis OX=1590652 GN=SD71_09030 PE=4 SV=1
A0A078A2L1/17-126    -            110 seed_msa             -            157     0.028   13.3   0.0   1   1     0.012      0.04   12.7   0.0    30    67    10    47     8   106 0.86 tr|A0A078A2L1|A0A078A2L1_STYLE Group 1 truncated hemoglobin OS=Stylonychia lemnae OX=5949 GN=Contig11588.g12405 PE=3 SV=1
A0A228QDM0/13-133    -            121 seed_msa             -            157     0.028   13.3   0.0   1   1     0.013     0.042   12.7   0.0    29    70     9    51     7    62 0.88 tr|A0A228QDM0|A0A228QDM0_9BURK Cyanoglobin OS=Burkholderia sp. HI2761 OX=2015360 GN=CFB46_16030 PE=4 SV=1
A0A0U0W791/5-122     -            118 seed_msa             -            157     0.028   13.3   0.0   1   1     0.014     0.044   12.6   0.0    30    70    10    53     7    55 0.86 tr|A0A0U0W791|A0A0U0W791_9MYCO GlbO OS=Mycobacterium bohemicum DSM 44277 OX=1236609 GN=glbO PE=4 SV=1
A0A1X1QWJ6/5-122     -            118 seed_msa             -            157     0.028   13.3   0.0   1   1     0.014     0.044   12.6   0.0    30    70    10    53     7    55 0.86 tr|A0A1X1QWJ6|A0A1X1QWJ6_9MYCO Uncharacterized protein OS=Mycobacterium bohemicum OX=56425 GN=AWB93_22535 PE=4 SV=1
A8JAR4/10-121        -            112 seed_msa             -            157     0.028   13.3   0.1   1   1     0.011     0.037   12.9   0.1    29    64     9    45     5    99 0.88 tr|A8JAR4|A8JAR4_CHLRE Putative truncated hemoglobin OS=Chlamydomonas reinhardtii OX=3055 GN=THB1 PE=1 SV=1
A0A1T2L3S7/3-118     -            116 seed_msa             -            157     0.028   13.2   0.0   1   1     0.015      0.05   12.5   0.0    29    70     9    49     7    56 0.79 tr|A0A1T2L3S7|A0A1T2L3S7_9GAMM Group 1 truncated hemoglobin OS=Solemya pervernicosa gill symbiont OX=642797 GN=BOW53_10945 PE=3 SV=1
C0N7K0/25-137        -            113 seed_msa             -            157     0.028   13.2   0.0   1   1     0.012      0.04   12.7   0.0    29    78     9    57     5    97 0.91 tr|C0N7K0|C0N7K0_9GAMM Protozoan/cyanobacterial globin family protein OS=Methylophaga thiooxydans DMS010 OX=637616 GN=MDMS009_2196 PE=4 SV=1
A0A1X0GM80/15-126    -            112 seed_msa             -            157     0.028   13.2   0.0   1   1     0.014     0.045   12.6   0.0    30    76     9    54     7   106 0.83 tr|A0A1X0GM80|A0A1X0GM80_9MYCO Group 1 truncated hemoglobin OS=Mycobacterium noviomagense OX=459858 GN=BST37_10150 PE=3 SV=1
A0A250WV04/99-217    -            119 seed_msa             -            157     0.028   13.2   0.0   1   1     0.012     0.039   12.8   0.0    31    77    11    56     8   103 0.83 tr|A0A250WV04|A0A250WV04_9CHLO Uncharacterized protein OS=Chlamydomonas eustigma OX=1157962 GN=CEUSTIGMA_g2034.t1 PE=4 SV=1
A0A0F5N3F7/8-124     -            117 seed_msa             -            157     0.028   13.2   0.0   1   1     0.016     0.051   12.4   0.0    32    70    12    53     8    55 0.90 tr|A0A0F5N3F7|A0A0F5N3F7_9MYCO Group 2 truncated hemoglobin GlbO OS=Mycolicibacter arupensis OX=342002 GN=WR43_00475 PE=4 SV=1
W6LVG1/21-129        -            109 seed_msa             -            157     0.028   13.2   0.0   1   1     0.011     0.034   13.0   0.0    29    59     7    38     3    80 0.78 tr|W6LVG1|W6LVG1_9GAMM Hemoglobin-like protein HbO OS=Candidatus Contendobacter odensis Run_B_J11 OX=1400861 GN=BN874_420033 PE=4 SV=1
A0A1T4YL53/4-115     -            112 seed_msa             -            157     0.029   13.2   0.0   1   1     0.012      0.04   12.7   0.0    32    77    12    56     8    63 0.90 tr|A0A1T4YL53|A0A1T4YL53_9MICO Group 1 truncated hemoglobin OS=Agreia sp. VKM Ac-2052 OX=123316 GN=SAMN06295879_3499 PE=3 SV=1
A0A0J5VCJ1/6-105     -            100 seed_msa             -            157     0.029   13.2   0.0   1   1     0.012     0.038   12.8   0.0    31    73    11    51     8    62 0.75 tr|A0A0J5VCJ1|A0A0J5VCJ1_BACFI Globin OS=Bacillus firmus OX=1399 GN=VL14_22660 PE=4 SV=1
A0A229UJF2/3-115     -            113 seed_msa             -            157     0.029   13.2   0.7   1   1     0.027     0.088   11.7   0.7    31   105    11    80     8   109 0.73 tr|A0A229UJF2|A0A229UJF2_9BACL Group 1 truncated hemoglobin OS=Paenibacillus rigui OX=554312 GN=CF651_25845 PE=3 SV=1
Q1N3A5/29-141        -            113 seed_msa             -            157     0.029   13.2   0.0   1   1     0.013     0.044   12.6   0.0    30    77    10    56     8   111 0.86 tr|Q1N3A5|Q1N3A5_9GAMM Group 1 truncated hemoglobin OS=Bermanella marisrubri OX=207949 GN=RED65_13417 PE=3 SV=1
A0A1Z9E2A1/27-146    -            120 seed_msa             -            157     0.029   13.2   0.1   1   1    0.0097     0.032   13.1   0.1    32    83    12    66     8   108 0.84 tr|A0A1Z9E2A1|A0A1Z9E2A1_9GAMM Uncharacterized protein OS=Gammaproteobacteria bacterium TMED119 OX=1986671 GN=CBC79_01080 PE=4 SV=1
C5LT58/111-223       -            113 seed_msa             -            157     0.029   13.2   0.0   1   1    0.0097     0.032   13.1   0.0    31    77    11    58     8   111 0.85 tr|C5LT58|C5LT58_PERM5 Uncharacterized protein OS=Perkinsus marinus (strain ATCC 50983 / TXsc) OX=423536 GN=Pmar_PMAR024502 PE=4 SV=1
A0A1Y5FZS4/11-108    -             98 seed_msa             -            157     0.029   13.2   0.0   1   1     0.011     0.035   13.0   0.0    29    67     8    47     4    63 0.86 tr|A0A1Y5FZS4|A0A1Y5FZS4_9GAMM Globin OS=Gammaproteobacteria bacterium 50_400_T64 OX=1856294 GN=A9Q88_04580 PE=4 SV=1
A0A1G7YDV0/11-110    -            100 seed_msa             -            157     0.029   13.2   0.0   1   1     0.013     0.042   12.7   0.0    34    76     3    44     1    78 0.89 tr|A0A1G7YDV0|A0A1G7YDV0_9ACTN Hemoglobin OS=Klenkia brasiliensis OX=333142 GN=SAMN05660324_3918 PE=4 SV=1
A0A0Q6QBS0/13-131    -            119 seed_msa             -            157      0.03   13.2   0.0   1   1     0.021     0.068   12.0   0.0    32    70    12    53     8    56 0.90 tr|A0A0Q6QBS0|A0A0Q6QBS0_9MICO Globin OS=Leifsonia sp. Root112D2 OX=1736426 GN=ASC63_11335 PE=4 SV=1
A0A258Q3I4/14-136    -            123 seed_msa             -            157      0.03   13.2   0.0   1   1     0.014     0.045   12.6   0.0    29    69    13    58     5    68 0.77 tr|A0A258Q3I4|A0A258Q3I4_9PROT Hemoglobin-like protein OS=Methylophilales bacterium 28-44-11 OX=1970538 GN=B7Y48_06700 PE=4 SV=1
A0A258UUJ3/14-136    -            123 seed_msa             -            157      0.03   13.2   0.0   1   1     0.014     0.045   12.6   0.0    29    69    13    58     5    68 0.77 tr|A0A258UUJ3|A0A258UUJ3_9PROT Hemoglobin-like protein OS=Methylophilales bacterium 16-45-7 OX=1970536 GN=B7Y32_02955 PE=4 SV=1
A0A259CW70/14-136    -            123 seed_msa             -            157      0.03   13.2   0.0   1   1     0.014     0.045   12.6   0.0    29    69    13    58     5    68 0.77 tr|A0A259CW70|A0A259CW70_9PROT Hemoglobin-like protein OS=Methylophilaceae bacterium 17-44-8 OX=1970534 GN=B7X95_04540 PE=4 SV=1
A0A0R3E6Z1/10-129    -            120 seed_msa             -            157      0.03   13.2   0.0   1   1     0.015     0.049   12.5   0.0    30    76     9    56     7    62 0.87 tr|A0A0R3E6Z1|A0A0R3E6Z1_9BRAD Globin OS=Bradyrhizobium manausense OX=989370 GN=AOQ71_09845 PE=4 SV=1
A0A209DHI0/6-115     -            110 seed_msa             -            157      0.03   13.2   0.0   1   1     0.013     0.043   12.7   0.0    33    70    13    52     9    71 0.86 tr|A0A209DHI0|A0A209DHI0_9BACL Globin OS=Saccharibacillus sp. O16 OX=1978120 GN=B9G55_13760 PE=4 SV=1
A0A1I0VLJ6/10-122    -            113 seed_msa             -            157      0.03   13.2   0.1   1   1     0.022     0.072   11.9   0.1    32   116    12    91     8    96 0.64 tr|A0A1I0VLJ6|A0A1I0VLJ6_9BACL Group 1 truncated hemoglobin OS=Cohnella sp. OV330 OX=1855288 GN=SAMN05216312_101397 PE=3 SV=1
A6DUG6/3-114         -            112 seed_msa             -            157      0.03   13.2   0.0   1   1     0.011     0.037   12.9   0.0    31   111    11    93     8   107 0.87 tr|A6DUG6|A6DUG6_9BACT Uncharacterized protein OS=Lentisphaera araneosa HTCC2155 OX=313628 GN=LNTAR_08298 PE=4 SV=1
A0A1C6MGQ8/19-137    -            119 seed_msa             -            157      0.03   13.2   0.0   1   1     0.012     0.039   12.8   0.0    32    79    10    58     6   115 0.82 tr|A0A1C6MGQ8|A0A1C6MGQ8_9BURK Hemoglobin OS=Variovorax sp. HW608 OX=1034889 GN=VAR608DRAFT_1265 PE=4 SV=1
A0A1E7IET6/2-113     -            112 seed_msa             -            157      0.03   13.2   0.0   1   1     0.017     0.054   12.3   0.0    29    77     9    56     7    60 0.85 tr|A0A1E7IET6|A0A1E7IET6_9DELT Group 1 truncated hemoglobin OS=Desulfuromonadales bacterium C00003068 OX=1869312 GN=BA874_10605 PE=3 SV=1
A0A0N0YF51/8-124     -            117 seed_msa             -            157      0.03   13.2   0.0   1   1     0.013     0.043   12.7   0.0    30    69     9    50     7    69 0.78 tr|A0A0N0YF51|A0A0N0YF51_THEVU Globin OS=Thermoactinomyces vulgaris OX=2026 GN=ADL26_03485 PE=4 SV=1
B8HSM2/3-109         -            107 seed_msa             -            157      0.03   13.2   0.1   1   1     0.012     0.039   12.8   0.1    30    74    10    53     8    76 0.82 tr|B8HSM2|B8HSM2_CYAP4 Group 1 truncated hemoglobin OS=Cyanothece sp. (strain PCC 7425 / ATCC 29141) OX=395961 GN=Cyan7425_3685 PE=3 SV=1
A0A2I7SPD4/7-123     -            117 seed_msa             -            157      0.03   13.2   0.0   1   1     0.013     0.043   12.7   0.0    30    69     9    50     7    69 0.78 tr|A0A2I7SPD4|A0A2I7SPD4_LACSH Globin OS=Laceyella sacchari OX=37482 GN=C1X05_02315 PE=4 SV=1
A0A1H9L5L8/16-132    -            117 seed_msa             -            157      0.03   13.2   0.0   1   1     0.012     0.038   12.8   0.0    29    75     7    54     6    94 0.89 tr|A0A1H9L5L8|A0A1H9L5L8_9GAMM Hemoglobin OS=Solimonas aquatica OX=489703 GN=SAMN04488038_11530 PE=4 SV=1
A0A0E3VTZ2/10-130    -            121 seed_msa             -            157      0.03   13.1   0.0   1   1     0.018     0.058   12.2   0.0    30    75    10    56     8    62 0.89 tr|A0A0E3VTZ2|A0A0E3VTZ2_9BRAD Uncharacterized protein OS=Bradyrhizobium diazoefficiens OX=1355477 GN=NK6_3328 PE=4 SV=1
A3QJE6/21-141        -            121 seed_msa             -            157     0.031   13.1   0.0   1   1     0.027     0.089   11.6   0.0    29    70     9    51     7    67 0.80 tr|A3QJE6|A3QJE6_SHELP Globin OS=Shewanella loihica (strain ATCC BAA-1088 / PV-4) OX=323850 GN=Shew_3728 PE=4 SV=1
A0A0C1J6J4/4-110     -            107 seed_msa             -            157     0.031   13.1   0.0   1   1     0.031       0.1   11.4   0.0    31    86    11    67    10   107 0.71 tr|A0A0C1J6J4|A0A0C1J6J4_9RHOB Globin OS=Leisingera sp. ANG-M7 OX=1577902 GN=RA26_00100 PE=4 SV=1
A0A2K3UUS9/12-128    -            117 seed_msa             -            157     0.031   13.1   0.0   1   1    0.0094     0.031   13.1   0.0    30    62     9    41     3   114 0.87 tr|A0A2K3UUS9|A0A2K3UUS9_9DEIO Globin OS=Deinococcus koreensis OX=2054903 GN=CVO96_01960 PE=4 SV=1
A0A1R4H6H9/12-125    -            114 seed_msa             -            157     0.031   13.1   0.0   1   1     0.012     0.039   12.8   0.0    29    66     9    49     7   107 0.82 tr|A0A1R4H6H9|A0A1R4H6H9_9GAMM Group 1 truncated hemoglobin OS=Crenothrix polyspora OX=360316 GN=glbN PE=3 SV=1
A0A1J5LLU1/6-123     -            118 seed_msa             -            157     0.031   13.1   0.0   1   1     0.021     0.067   12.0   0.0    24    76     3    54     1    71 0.85 tr|A0A1J5LLU1|A0A1J5LLU1_9FLAO Uncharacterized protein OS=Crocinitomix sp. MedPE-SWsnd OX=1860084 GN=BM555_04215 PE=4 SV=1
A0A2A6N5F8/10-130    -            121 seed_msa             -            157     0.031   13.1   0.0   1   1     0.017     0.055   12.3   0.0    30    76    10    57     8    64 0.89 tr|A0A2A6N5F8|A0A2A6N5F8_9BRAD Globin OS=Bradyrhizobium diazoefficiens OX=1355477 GN=CO678_06420 PE=4 SV=1
Q89VH0/10-130        -            121 seed_msa             -            157     0.031   13.1   0.0   1   1     0.017     0.055   12.3   0.0    30    76    10    57     8    64 0.89 tr|Q89VH0|Q89VH0_BRADU Bll1075 protein OS=Bradyrhizobium diazoefficiens (strain JCM 10833 / IAM 13628 / NBRC 14792 / USDA 110) OX=224911 GN=bll1075 PE=4 SV=1
F8JH13/9-129         -            121 seed_msa             -            157     0.031   13.1   0.0   1   1     0.017     0.054   12.3   0.0    30    76    10    57     7    65 0.92 tr|F8JH13|F8JH13_HYPSM Putative hemoglobin protein (Truncated hemoglobin) OS=Hyphomicrobium sp. (strain MC1) OX=717785 GN=HYPMC_3652 PE=4 SV=1
A0A0F7FCS2/6-115     -            110 seed_msa             -            157     0.031   13.1   0.0   1   1     0.011     0.037   12.9   0.0    29    77     9    55     8    92 0.78 tr|A0A0F7FCS2|A0A0F7FCS2_PAEDU Globin OS=Paenibacillus durus ATCC 35681 OX=1333534 GN=VK70_17985 PE=4 SV=1
A0A254NM30/6-115     -            110 seed_msa             -            157     0.031   13.1   0.0   1   1     0.013     0.041   12.7   0.0    33    70    13    52     9    74 0.87 tr|A0A254NM30|A0A254NM30_9BACL Globin OS=Saccharibacillus sp. O23 OX=2009338 GN=CDO73_11655 PE=4 SV=1
A0A160UKY5/9-129     -            121 seed_msa             -            157     0.031   13.1   0.0   1   1     0.017     0.055   12.3   0.0    30    76    10    57     8    64 0.86 tr|A0A160UKY5|A0A160UKY5_9BRAD Hemoglobinlike protein HbO CDS OS=Bradyrhizobium sp. G22 OX=1839752 GN=BN2626_G22_0205 PE=4 SV=1
A0A1A6C2U8/3-119     -            117 seed_msa             -            157     0.031   13.1   0.0   1   1      0.01     0.033   13.0   0.0    30    77    10    56     7   109 0.83 tr|A0A1A6C2U8|A0A1A6C2U8_9GAMM Group 1 truncated hemoglobin OS=Acidihalobacter prosperus OX=160660 GN=Thpro_023133 PE=3 SV=1
V7KM83/14-126        -            113 seed_msa             -            157     0.032   13.1   0.0   1   1     0.019     0.061   12.2   0.0    30    74    10    53     8   107 0.84 tr|V7KM83|V7KM83_MYCPC Group 1 truncated hemoglobin OS=Mycobacterium avium subsp. paratuberculosis 08-8281 OX=1391998 GN=O980_13840 PE=3 SV=1
A0A1R4H476/4-117     -            114 seed_msa             -            157     0.032   13.1   0.0   1   1     0.014     0.045   12.6   0.0    29    77     9    56     7   108 0.72 tr|A0A1R4H476|A0A1R4H476_9GAMM Group 1 truncated hemoglobin OS=Crenothrix polyspora OX=360316 GN=glbN PE=3 SV=1
A0A258MS18/8-126     -            119 seed_msa             -            157     0.032   13.1   0.0   1   1     0.011     0.035   12.9   0.0    30    70     8    53     6    96 0.87 tr|A0A258MS18|A0A258MS18_9BURK Hemoglobin-like protein OS=Polynucleobacter sp. 35-46-11 OX=1970425 GN=B7Y67_05115 PE=4 SV=1
A0A0A3J0M6/9-123     -            115 seed_msa             -            157     0.032   13.1   0.1   1   1     0.011     0.036   12.9   0.1    26    70     3    49     1   110 0.85 tr|A0A0A3J0M6|A0A0A3J0M6_9BACI Globin OS=Lysinibacillus massiliensis 4400831 = CIP 108448 = CCUG 49529 OX=1211035 GN=CD30_10920 PE=4 SV=1
A0E1T0/415-527       -            113 seed_msa             -            157     0.032   13.1   0.0   1   1     0.017     0.056   12.3   0.0    32   117    12    92     9   110 0.76 tr|A0E1T0|A0E1T0_PARTE Protein kinase domain-containing protein OS=Paramecium tetraurelia OX=5888 GN=GSPATT00022418001 PE=4 SV=1
A0A0K0GCP9/7-124     -            118 seed_msa             -            157     0.032   13.1   0.0   1   1     0.013     0.043   12.7   0.0    31    68    11    46     9    63 0.77 tr|A0A0K0GCP9|A0A0K0GCP9_9FIRM Globin OS=Bacilli bacterium VT-13-104 OX=1637974 GN=WH51_04610 PE=4 SV=1
A0A1R4HBL5/12-125    -            114 seed_msa             -            157     0.032   13.1   0.1   1   1     0.014     0.046   12.5   0.0    29    66     9    49     7    95 0.83 tr|A0A1R4HBL5|A0A1R4HBL5_9GAMM Group 1 truncated hemoglobin OS=Crenothrix polyspora OX=360316 GN=glbN PE=3 SV=1
A0A101A0I9/3-115     -            113 seed_msa             -            157     0.032   13.1   0.0   1   1     0.013     0.042   12.7   0.0    30    72    10    51     8    92 0.88 tr|A0A101A0I9|A0A101A0I9_9MYCO Group 1 truncated hemoglobin OS=Mycobacterium lehmannii OX=2048550 GN=AU192_09990 PE=3 SV=1
A0A1I3JCQ7/6-123     -            118 seed_msa             -            157     0.033   13.0   0.0   1   1     0.015     0.048   12.5   0.0    30    57    10    39     7    61 0.76 tr|A0A1I3JCQ7|A0A1I3JCQ7_9BACL Hemoglobin OS=Thermoflavimicrobium dichotomicum OX=46223 GN=SAMN05421852_10121 PE=4 SV=1
A0A1A6BIT3/7-124     -            118 seed_msa             -            157     0.033   13.0   0.0   1   1     0.017     0.055   12.3   0.0    31    70    11    53     8    61 0.89 tr|A0A1A6BIT3|A0A1A6BIT3_MYCGO Uncharacterized protein OS=Mycobacterium gordonae OX=1778 GN=A9W98_15895 PE=4 SV=1
A0A1A3KDJ5/7-124     -            118 seed_msa             -            157     0.033   13.0   0.0   1   1     0.016     0.053   12.4   0.0    31    70    11    53     8    62 0.88 tr|A0A1A3KDJ5|A0A1A3KDJ5_MYCGO Uncharacterized protein OS=Mycobacterium gordonae OX=1778 GN=A9W97_24025 PE=4 SV=1
J3HWX1/9-129         -            121 seed_msa             -            157     0.033   13.0   0.0   1   1     0.019     0.063   12.1   0.0    30    76    10    57     8    64 0.89 tr|J3HWX1|J3HWX1_9BRAD Hemoglobin like protein OS=Bradyrhizobium sp. YR681 OX=1144344 GN=PMI42_07407 PE=4 SV=1
A0A1E1VSP4/7-107     -            101 seed_msa             -            157     0.033   13.0   0.0   1   1     0.012     0.039   12.8   0.0    29    70     9    52     7    71 0.78 tr|A0A1E1VSP4|A0A1E1VSP4_9BACL Bacterial globin family protein OS=Paenibacillus sp. NAIST15-1 OX=1605994 GN=PBN151_4511 PE=4 SV=1
A0A0Q2MHK5/7-124     -            118 seed_msa             -            157     0.033   13.0   0.0   1   1     0.016     0.053   12.4   0.0    31    70    11    53     8    62 0.88 tr|A0A0Q2MHK5|A0A0Q2MHK5_MYCGO Uncharacterized protein OS=Mycobacterium gordonae OX=1778 GN=AO501_14820 PE=4 SV=1
A0A1A0UM92/3-114     -            112 seed_msa             -            157     0.033   13.0   0.0   1   1     0.014     0.045   12.6   0.0    31    72    11    51     8   106 0.86 tr|A0A1A0UM92|A0A1A0UM92_9MYCO Group 1 truncated hemoglobin OS=Mycobacterium sp. 852014-52144_SCH5372336 OX=1834115 GN=A5759_19425 PE=3 SV=1
A0A1C4XSN1/12-107    -             96 seed_msa             -            157     0.033   13.0   0.0   1   1     0.022     0.073   11.9   0.0    30   102     9    76     7    91 0.66 tr|A0A1C4XSN1|A0A1C4XSN1_9ACTN Group 1 truncated hemoglobin OS=Micromonospora coriariae OX=285665 GN=GA0070607_5701 PE=3 SV=1
A0A2A2FAS2/6-118     -            113 seed_msa             -            157     0.033   13.0   0.0   1   1     0.023     0.076   11.9   0.0    30    77    10    56     8   108 0.79 tr|A0A2A2FAS2|A0A2A2FAS2_9EURY Group 1 truncated hemoglobin OS=Halorubrum sp. WN019 OX=2032630 GN=CK500_13225 PE=4 SV=1
A0A0Q6N6L9/13-136    -            124 seed_msa             -            157     0.033   13.0   0.0   1   1     0.014     0.046   12.6   0.0    29    71     7    50     5    64 0.89 tr|A0A0Q6N6L9|A0A0Q6N6L9_9BURK Globin OS=Variovorax sp. Root318D1 OX=1736513 GN=ASC78_07735 PE=4 SV=1
A0A212KWD0/3-115     -            113 seed_msa             -            157     0.033   13.0   0.1   1   1     0.013     0.043   12.7   0.1    29    60     9    41     7    92 0.85 tr|A0A212KWD0|A0A212KWD0_9CHLA Group 1 truncated hemoglobin OS=Chlamydiales bacterium SCGC AG-110-P3 OX=1871323 GN=SCG7086_CX_00030 PE=3 SV=1
A0A103BKT8/13-133    -            121 seed_msa             -            157     0.033   13.0   0.0   1   1     0.015     0.049   12.5   0.0    29    70     9    51     7    64 0.86 tr|A0A103BKT8|A0A103BKT8_9BURK Cyanoglobin OS=Burkholderia sp. ABCPW 11 OX=1637859 GN=WS61_31925 PE=4 SV=1
B6BDI6/4-110         -            107 seed_msa             -            157     0.033   13.0   0.0   1   1     0.021     0.067   12.0   0.0    31    86    11    67    10   106 0.79 tr|B6BDI6|B6BDI6_9RHOB Protozoan/cyanobacterial globin family protein OS=Rhodobacterales bacterium Y4I OX=439496 GN=RBY4I_2761 PE=4 SV=1
A0A259DQX7/8-126     -            119 seed_msa             -            157     0.034   13.0   0.0   1   1     0.014     0.046   12.6   0.0    30    70     8    53     6    72 0.85 tr|A0A259DQX7|A0A259DQX7_9BURK Hemoglobin-like protein OS=Polynucleobacter sp. 24-46-87 OX=1970423 GN=B7Y05_00225 PE=4 SV=1
A0A259IRF7/8-126     -            119 seed_msa             -            157     0.034   13.0   0.0   1   1     0.014     0.046   12.6   0.0    30    70     8    53     6    72 0.85 tr|A0A259IRF7|A0A259IRF7_9BURK Hemoglobin-like protein OS=Polynucleobacter sp. 39-46-10 OX=1970428 GN=B7X71_03275 PE=4 SV=1
A0A1G9N2T5/13-121    -            109 seed_msa             -            157     0.034   13.0   0.0   1   1     0.012     0.038   12.8   0.0    29    74     5    51     3   102 0.79 tr|A0A1G9N2T5|A0A1G9N2T5_9GAMM Hemoglobin OS=Halomonas muralis OX=119000 GN=SAMN05661010_02609 PE=4 SV=1
A0A085F2K3/21-141    -            121 seed_msa             -            157     0.034   13.0   0.0   1   1     0.017     0.055   12.3   0.0    29    70     9    55     7    64 0.88 tr|A0A085F2K3|A0A085F2K3_9BURK Bacterial-like globin OS=Massilia sp. LC238 OX=1502852 GN=FG94_03784 PE=4 SV=1
A0A1T4YL39/3-115     -            113 seed_msa             -            157     0.034   13.0   0.0   1   1     0.019     0.062   12.2   0.0    32   132    12   105     8   113 0.79 tr|A0A1T4YL39|A0A1T4YL39_9MICO Group 1 truncated hemoglobin OS=Agreia sp. VKM Ac-2052 OX=123316 GN=SAMN06295879_3493 PE=3 SV=1
A0A0U2MMJ7/24-136    -            113 seed_msa             -            157     0.034   13.0   0.0   1   1     0.012     0.041   12.7   0.0    30    78    10    57     7    91 0.92 tr|A0A0U2MMJ7|A0A0U2MMJ7_9GAMM Hemoglobin OS=Pseudoalteromonas translucida KMM 520 OX=1315283 GN=glbN PE=4 SV=1
A0A1J5KAK1/3-116     -            114 seed_msa             -            157     0.034   13.0   0.0   1   1     0.015     0.049   12.5   0.0    30    66    10    47     8   110 0.85 tr|A0A1J5KAK1|A0A1J5KAK1_9PROT Group 1 truncated hemoglobin OS=Bacteriovorax sp. MedPE-SWde OX=1860085 GN=BM556_06205 PE=3 SV=1
A0A1A3CFP9/7-124     -            118 seed_msa             -            157     0.034   13.0   0.0   1   1      0.02     0.064   12.1   0.0    31    70    11    53     8    55 0.88 tr|A0A1A3CFP9|A0A1A3CFP9_MYCAS Uncharacterized protein OS=Mycobacterium asiaticum OX=1790 GN=A5640_19535 PE=4 SV=1
A0A1A3UK10/7-124     -            118 seed_msa             -            157     0.034   13.0   0.0   1   1      0.02     0.064   12.1   0.0    31    70    11    53     8    55 0.88 tr|A0A1A3UK10|A0A1A3UK10_MYCAS Uncharacterized protein OS=Mycobacterium asiaticum OX=1790 GN=A5635_03435 PE=4 SV=1
A0A1X1UFH7/14-126    -            113 seed_msa             -            157     0.034   13.0   0.0   1   1     0.029     0.093   11.6   0.0    30    74    10    53     8   108 0.84 tr|A0A1X1UFH7|A0A1X1UFH7_9MYCO Group 1 truncated hemoglobin OS=Mycobacterium fragae OX=1260918 GN=AWC06_04110 PE=3 SV=1
A0A0C1JCF8/5-106     -            102 seed_msa             -            157     0.034   13.0   0.0   1   1     0.017     0.057   12.3   0.0    31    99    11    74    10   100 0.78 tr|A0A0C1JCF8|A0A0C1JCF8_9RHOB Globin OS=Ruegeria sp. ANG-S4 OX=1577904 GN=RA28_10200 PE=4 SV=1
A0A101CZ84/4-112     -            109 seed_msa             -            157     0.034   13.0   0.0   1   1     0.025     0.083   11.7   0.0    32   135    12   105     9   107 0.78 tr|A0A101CZ84|A0A101CZ84_9RHOB Globin OS=Ruegeria marisrubri OX=1685379 GN=AVO45_03900 PE=4 SV=1
A0A1G6YMC7/4-111     -            108 seed_msa             -            157     0.035   13.0   0.0   1   1      0.02     0.064   12.1   0.0    33    66    13    71    10    74 0.73 tr|A0A1G6YMC7|A0A1G6YMC7_9PROT Hemoglobin OS=Kordiimonas lacus OX=637679 GN=SAMN04488071_1677 PE=4 SV=1
A0A0Q5C6D9/20-137    -            118 seed_msa             -            157     0.035   13.0   0.0   1   1     0.017     0.054   12.3   0.0    31    71    10    53     7    60 0.92 tr|A0A0Q5C6D9|A0A0Q5C6D9_9MICO Globin OS=Frondihabitans sp. Leaf304 OX=1736329 GN=ASF54_11185 PE=4 SV=1
A0A1G8GLY3/13-136    -            124 seed_msa             -            157     0.035   13.0   0.0   1   1     0.014     0.046   12.6   0.0    29    71     7    50     5    64 0.89 tr|A0A1G8GLY3|A0A1G8GLY3_9BURK Hemoglobin OS=Variovorax sp. OV700 OX=1882826 GN=SAMN05444748_10375 PE=4 SV=1
C5CWP3/13-136        -            124 seed_msa             -            157     0.035   13.0   0.0   1   1     0.014     0.046   12.6   0.0    29    71     7    50     5    64 0.89 tr|C5CWP3|C5CWP3_VARPS Globin OS=Variovorax paradoxus (strain S110) OX=543728 GN=Vapar_4036 PE=4 SV=1
A0A1X1V6C1/7-124     -            118 seed_msa             -            157     0.035   13.0   0.0   1   1     0.019     0.062   12.1   0.0    31    70    11    53     8    56 0.88 tr|A0A1X1V6C1|A0A1X1V6C1_MYCGS Uncharacterized protein OS=Mycobacterium gastri OX=1777 GN=AWC07_14425 PE=4 SV=1
W4HUK3/7-124         -            118 seed_msa             -            157     0.035   13.0   0.0   1   1     0.019     0.062   12.1   0.0    31    70    11    53     8    56 0.88 tr|W4HUK3|W4HUK3_MYCGS Globin OS=Mycobacterium gastri 'Wayne' OX=1436723 GN=MGAST_22770 PE=4 SV=1
A0A1Q2U0Z5/4-118     -            115 seed_msa             -            157     0.035   12.9   0.0   1   1     0.015     0.048   12.5   0.0    29    71     9    50     7    72 0.79 tr|A0A1Q2U0Z5|A0A1Q2U0Z5_9SYNE Group 1 truncated hemoglobin OS=Synechococcus sp. NIES-970 OX=1827144 GN=glbN PE=3 SV=1
B8ELT2/13-132        -            120 seed_msa             -            157     0.035   12.9   0.0   1   1     0.022     0.071   12.0   0.0    31    74    10    54     7    65 0.87 tr|B8ELT2|B8ELT2_METSB Globin OS=Methylocella silvestris (strain DSM 15510 / CIP 108128 / LMG 27833 / NCIMB 13906 / BL2) OX=395965 GN=Msil_1767 PE=4 SV=1
A0A2J7TMN2/13-130    -            118 seed_msa             -            157     0.035   12.9   0.0   1   1     0.014     0.044   12.6   0.0    29    77     7    56     6   115 0.78 tr|A0A2J7TMN2|A0A2J7TMN2_METSI Globin OS=Methylocella silvestris OX=199596 GN=CR492_01980 PE=4 SV=1
C5TD07/15-133        -            119 seed_msa             -            157     0.035   12.9   0.0   1   1     0.011     0.037   12.9   0.0    29    72     7    51     5    96 0.87 tr|C5TD07|C5TD07_ACIDE Globin OS=Acidovorax delafieldii 2AN OX=573060 GN=AcdelDRAFT_4788 PE=4 SV=1
A0A081NE66/7-124     -            118 seed_msa             -            157     0.035   12.9   0.0   1   1     0.016     0.052   12.4   0.0    29    72     7    51     6    62 0.92 tr|A0A081NE66|A0A081NE66_9GAMM Globin OS=Endozoicomonas numazuensis OX=1137799 GN=GZ78_18780 PE=4 SV=1
A0A1V3XMT7/10-127    -            118 seed_msa             -            157     0.036   12.9   0.0   1   1      0.02     0.066   12.1   0.0    31    70    11    53     8    56 0.89 tr|A0A1V3XMT7|A0A1V3XMT7_MYCKA Group 2 hemoglobin glbO OS=Mycobacterium kansasii OX=1768 GN=glbO PE=4 SV=1
U5WLG3/10-127        -            118 seed_msa             -            157     0.036   12.9   0.0   1   1      0.02     0.066   12.1   0.0    31    70    11    53     8    56 0.89 tr|U5WLG3|U5WLG3_MYCKA Globin OS=Mycobacterium kansasii ATCC 12478 OX=557599 GN=MKAN_05505 PE=4 SV=1
X7Y3S4/10-127        -            118 seed_msa             -            157     0.036   12.9   0.0   1   1      0.02     0.066   12.1   0.0    31    70    11    53     8    56 0.89 tr|X7Y3S4|X7Y3S4_MYCKA Group 2 hemoglobin glbO OS=Mycobacterium kansasii 824 OX=1299328 GN=glbO PE=4 SV=1
X7ZNN5/7-124         -            118 seed_msa             -            157     0.036   12.9   0.0   1   1      0.02     0.066   12.1   0.0    31    70    11    53     8    56 0.89 tr|X7ZNN5|X7ZNN5_MYCKA Group 2 hemoglobin glbO OS=Mycobacterium kansasii 662 OX=1299326 GN=glbO PE=4 SV=1
A0A1T1AW36/13-131    -            119 seed_msa             -            157     0.036   12.9   0.0   1   1     0.017     0.055   12.3   0.0    29    77     7    56     5   114 0.83 tr|A0A1T1AW36|A0A1T1AW36_RHOFE Globin OS=Rhodoferax fermentans OX=28066 GN=RF819_17035 PE=4 SV=1
W6KIL3/4-111         -            108 seed_msa             -            157     0.036   12.9   0.0   1   1      0.02     0.065   12.1   0.0    31    87    11    64     9   105 0.77 tr|W6KIL3|W6KIL3_MAGSQ Protozoan/cyanobacterial globin family protein OS=Magnetospira sp. (strain QH-2) OX=1288970 GN=MGMAQ_1527 PE=4 SV=1
A0A163WAA6/7-124     -            118 seed_msa             -            157     0.036   12.9   0.0   1   1     0.021     0.068   12.0   0.0    31    70    11    53     8    55 0.89 tr|A0A163WAA6|A0A163WAA6_MYCKA Uncharacterized protein OS=Mycobacterium kansasii OX=1768 GN=A4G28_05845 PE=4 SV=1
A0A0W1LIE2/24-139    -            116 seed_msa             -            157     0.036   12.9   0.0   1   1     0.014     0.046   12.5   0.0    30   122    10    99     7   112 0.82 tr|A0A0W1LIE2|A0A0W1LIE2_9GAMM Globin OS=Pseudoalteromonas sp. 10-33 OX=1761890 GN=ATS76_00810 PE=4 SV=1
I3CWC5/33-143        -            111 seed_msa             -            157     0.036   12.9   0.0   1   1     0.014     0.045   12.6   0.0    30    73    10    52     8    89 0.91 tr|I3CWC5|I3CWC5_9BURK Group 1 truncated hemoglobin OS=Herbaspirillum sp. GW103 OX=1175306 GN=GWL_21590 PE=3 SV=1
A0A1T4YHK4/25-143    -            119 seed_msa             -            157     0.036   12.9   0.0   1   1      0.02     0.065   12.1   0.0    31    70    11    53     8    56 0.88 tr|A0A1T4YHK4|A0A1T4YHK4_9MICO Hemoglobin OS=Agreia sp. VKM Ac-2052 OX=123316 GN=SAMN06295879_3223 PE=4 SV=1
A0A049D9I2/14-126    -            113 seed_msa             -            157     0.036   12.9   0.0   1   1      0.02     0.064   12.1   0.0    30    73    10    52     8   107 0.85 tr|A0A049D9I2|A0A049D9I2_MYCAV Group 1 truncated hemoglobin OS=Mycobacterium avium XTB13-223 OX=1427296 GN=X425_04312 PE=3 SV=1
A0A0E2WNY2/16-128    -            113 seed_msa             -            157     0.036   12.9   0.0   1   1      0.02     0.064   12.1   0.0    30    73    10    52     8   107 0.85 tr|A0A0E2WNY2|A0A0E2WNY2_MYCAV Group 1 truncated hemoglobin OS=Mycobacterium avium subsp. hominissuis A5 OX=1160711 GN=MAVA5_13835 PE=3 SV=1
A0A0H2ZWM2/16-128    -            113 seed_msa             -            157     0.036   12.9   0.0   1   1      0.02     0.064   12.1   0.0    30    73    10    52     8   107 0.85 tr|A0A0H2ZWM2|A0A0H2ZWM2_MYCA1 Group 1 truncated hemoglobin OS=Mycobacterium avium (strain 104) OX=243243 GN=MAV_3228 PE=3 SV=1
A0A1X0C6L4/14-126    -            113 seed_msa             -            157     0.036   12.9   0.0   1   1      0.02     0.064   12.1   0.0    30    73    10    52     8   107 0.85 tr|A0A1X0C6L4|A0A1X0C6L4_9MYCO Group 1 truncated hemoglobin OS=Mycobacterium bouchedurhonense OX=701041 GN=BST19_08070 PE=3 SV=1
A0A2A2ZR60/14-126    -            113 seed_msa             -            157     0.036   12.9   0.0   1   1      0.02     0.064   12.1   0.0    30    73    10    52     8   107 0.85 tr|A0A2A2ZR60|A0A2A2ZR60_MYCAV Group 1 truncated hemoglobin OS=Mycobacterium avium OX=1764 GN=CKJ66_08945 PE=3 SV=1
A0A2A3LEH2/14-126    -            113 seed_msa             -            157     0.036   12.9   0.0   1   1      0.02     0.064   12.1   0.0    30    73    10    52     8   107 0.85 tr|A0A2A3LEH2|A0A2A3LEH2_MYCAV Group 1 truncated hemoglobin OS=Mycobacterium avium subsp. hominissuis OX=439334 GN=DFS55_10480 PE=3 SV=1
T2GRH1/14-126        -            113 seed_msa             -            157     0.036   12.9   0.0   1   1      0.02     0.064   12.1   0.0    30    73    10    52     8   107 0.85 tr|T2GRH1|T2GRH1_MYCHT Group 1 truncated hemoglobin OS=Mycobacterium avium subsp. hominissuis (strain TH135) OX=1229671 GN=MAH_2074 PE=3 SV=1
V7J0W5/16-128        -            113 seed_msa             -            157     0.036   12.9   0.0   1   1      0.02     0.064   12.1   0.0    30    73    10    52     8   107 0.85 tr|V7J0W5|V7J0W5_MYCAV Group 1 truncated hemoglobin OS=Mycobacterium avium 05-4293 OX=1392002 GN=O984_14970 PE=3 SV=1
V7JGZ8/16-128        -            113 seed_msa             -            157     0.036   12.9   0.0   1   1      0.02     0.064   12.1   0.0    30    73    10    52     8   107 0.85 tr|V7JGZ8|V7JGZ8_MYCAV Group 1 truncated hemoglobin OS=Mycobacterium avium 10-5581 OX=1392000 GN=O982_15445 PE=3 SV=1
V7KD78/16-128        -            113 seed_msa             -            157     0.036   12.9   0.0   1   1      0.02     0.064   12.1   0.0    30    73    10    52     8   107 0.85 tr|V7KD78|V7KD78_MYCAV Group 1 truncated hemoglobin OS=Mycobacterium avium subsp. silvaticum ATCC 49884 OX=1401690 GN=P863_13915 PE=3 SV=1
V7L151/16-128        -            113 seed_msa             -            157     0.036   12.9   0.0   1   1      0.02     0.064   12.1   0.0    30    73    10    52     8   107 0.85 tr|V7L151|V7L151_MYCAV Group 1 truncated hemoglobin OS=Mycobacterium avium subsp. avium 10-9275 OX=1391991 GN=O972_14775 PE=3 SV=1
V7LDM6/16-128        -            113 seed_msa             -            157     0.036   12.9   0.0   1   1      0.02     0.064   12.1   0.0    30    73    10    52     8   107 0.85 tr|V7LDM6|V7LDM6_MYCAV Group 1 truncated hemoglobin OS=Mycobacterium avium subsp. avium 11-4751 OX=1391992 GN=O973_14120 PE=3 SV=1
V7MYV8/16-128        -            113 seed_msa             -            157     0.036   12.9   0.0   1   1      0.02     0.064   12.1   0.0    30    73    10    52     8   107 0.85 tr|V7MYV8|V7MYV8_MYCAV Group 1 truncated hemoglobin OS=Mycobacterium avium subsp. hominissuis 10-5606 OX=1381559 GN=N602_13325 PE=3 SV=1
V7NZ75/16-128        -            113 seed_msa             -            157     0.036   12.9   0.0   1   1      0.02     0.064   12.1   0.0    30    73    10    52     8   107 0.85 tr|V7NZ75|V7NZ75_MYCAV Group 1 truncated hemoglobin OS=Mycobacterium avium 10-5560 OX=1391999 GN=O981_15485 PE=3 SV=1
X7VGF0/14-126        -            113 seed_msa             -            157     0.036   12.9   0.0   1   1      0.02     0.064   12.1   0.0    30    73    10    52     8   107 0.85 tr|X7VGF0|X7VGF0_9MYCO Group 1 truncated hemoglobin OS=Mycobacterium sp. MAC_080597_8934 OX=1335322 GN=glbN PE=3 SV=1
X8B3X5/14-126        -            113 seed_msa             -            157     0.036   12.9   0.0   1   1      0.02     0.064   12.1   0.0    30    73    10    52     8   107 0.85 tr|X8B3X5|X8B3X5_MYCAV Group 1 truncated hemoglobin OS=Mycobacterium avium subsp. avium 2285 (R) OX=1299330 GN=glbN PE=3 SV=1
A0A172QVE3/6-120     -            115 seed_msa             -            157     0.036   12.9   0.0   1   1     0.019     0.061   12.2   0.0    30    70    10    53     7    56 0.89 tr|A0A172QVE3|A0A172QVE3_9CORY Hemin receptor OS=Corynebacterium crudilactis OX=1652495 GN=ccrud_10965 PE=4 SV=1
A0A0P9CI63/5-122     -            118 seed_msa             -            157     0.037   12.9   0.0   1   1     0.017     0.056   12.3   0.0    30    77    10    55     8    64 0.85 tr|A0A0P9CI63|A0A0P9CI63_9BACL Globin OS=Alicyclobacillus ferrooxydans OX=471514 GN=AN477_03910 PE=4 SV=1
A0A1X3PC99/285-403   -            119 seed_msa             -            157     0.037   12.9   0.1   1   1     0.019     0.064   12.1   0.1    32    70    12    53     8   118 0.87 tr|A0A1X3PC99|A0A1X3PC99_9MICC Uncharacterized protein OS=Nesterenkonia sp. PF2B19 OX=1881858 GN=BCY76_000435 PE=4 SV=1
A0A103LJA1/13-133    -            121 seed_msa             -            157     0.037   12.9   0.0   1   1     0.022      0.07   12.0   0.0    29    70     9    51     7    64 0.85 tr|A0A103LJA1|A0A103LJA1_9BURK Cyanoglobin OS=Burkholderia sp. FL-7-2-10-S1-D7 OX=1637866 GN=WS75_11245 PE=4 SV=1
A0A1Z4LRL3/3-117     -            115 seed_msa             -            157     0.037   12.9   0.1   1   1     0.016     0.052   12.4   0.1    30    86    10    67     8   112 0.74 tr|A0A1Z4LRL3|A0A1Z4LRL3_9CYAN Group 1 truncated hemoglobin OS=Calothrix parasitica NIES-267 OX=1973488 GN=glbN PE=3 SV=1
A0A1X0LIB8/7-124     -            118 seed_msa             -            157     0.037   12.9   0.0   1   1     0.021     0.068   12.0   0.0    31    70    11    53     8    55 0.89 tr|A0A1X0LIB8|A0A1X0LIB8_9MYCO Uncharacterized protein OS=Mycobacterium persicum OX=1487726 GN=B4U45_05680 PE=4 SV=1
A0A1Y6EK99/25-143    -            119 seed_msa             -            157     0.037   12.9   0.0   1   1      0.02     0.065   12.1   0.0    31    70    11    53     8    56 0.88 tr|A0A1Y6EK99|A0A1Y6EK99_9MICO Hemoglobin OS=Agreia sp. VKM Ac-1783 OX=1938889 GN=SAMN06295943_0851 PE=4 SV=1
A0A0D6ZBP8/7-106     -            100 seed_msa             -            157     0.037   12.9   0.0   1   1     0.015     0.048   12.5   0.0    30    68    10    46     7    75 0.78 tr|A0A0D6ZBP8|A0A0D6ZBP8_9BACI Globin OS=Bacillus subterraneus OX=285983 GN=UB32_08390 PE=4 SV=1
A0A102E9Q4/13-133    -            121 seed_msa             -            157     0.037   12.9   0.0   1   1     0.022      0.07   12.0   0.0    29    70     9    51     7    64 0.85 tr|A0A102E9Q4|A0A102E9Q4_9BURK Cyanoglobin OS=Burkholderia sp. RF2-non_BP3 OX=1637844 GN=WS45_32140 PE=4 SV=1
K6YV08/1-112         -            112 seed_msa             -            157     0.037   12.9   0.0   1   1     0.013     0.044   12.6   0.0    30    78     9    56     6   108 0.85 tr|K6YV08|K6YV08_9ALTE Hemoglobin OS=Glaciecola pallidula DSM 14239 = ACAM 615 OX=1121922 GN=glbN PE=4 SV=1
A0A258VA56/7-126     -            120 seed_msa             -            157     0.037   12.9   0.0   1   1     0.017     0.056   12.3   0.0    29    71     9    51     7    64 0.88 tr|A0A258VA56|A0A258VA56_9PROT Globin OS=Bdellovibrio sp. 28-41-41 OX=1970323 GN=B7Y39_18755 PE=4 SV=1
A0A0D5J6K0/13-133    -            121 seed_msa             -            157     0.037   12.9   0.0   1   1     0.022     0.071   11.9   0.0    29    70     9    51     7    64 0.85 tr|A0A0D5J6K0|A0A0D5J6K0_9BURK Bacterial-like globin family protein OS=Burkholderia dolosa AU0158 OX=350701 GN=AK34_831 PE=4 SV=1
A2W8M7/42-162        -            121 seed_msa             -            157     0.037   12.9   0.0   1   1     0.022     0.071   11.9   0.0    29    70     9    51     7    64 0.85 tr|A2W8M7|A2W8M7_9BURK Protozoan/cyanobacterial globin OS=Burkholderia dolosa AU0158 OX=350701 GN=BDAG_01036 PE=4 SV=1
A0A2C6DDK8/24-136    -            113 seed_msa             -            157     0.038   12.8   0.0   1   1     0.022     0.071   11.9   0.0    32    79    12    58     8    66 0.93 tr|A0A2C6DDK8|A0A2C6DDK8_9GAMM Group 1 truncated hemoglobin OS=Pseudoalteromonas sp. GCY OX=2003316 GN=CBQ28_12800 PE=4 SV=1
A0A0F4NUV2/24-136    -            113 seed_msa             -            157     0.038   12.8   0.0   1   1     0.022     0.071   11.9   0.0    32    79    12    58     8    66 0.93 tr|A0A0F4NUV2|A0A0F4NUV2_PSEO7 Globin OS=Pseudoalteromonas piscicida OX=43662 GN=TW75_16480 PE=4 SV=1
A0A0B0DCK6/9-127     -            119 seed_msa             -            157     0.038   12.8   0.0   1   1     0.021     0.067   12.0   0.0    33    70    13    53     5    58 0.89 tr|A0A0B0DCK6|A0A0B0DCK6_9MICC Bacterial globin-like protein OS=Kocuria marina OX=223184 GN=AS25_04955 PE=4 SV=1
A0A1A0J9Y9/9-127     -            119 seed_msa             -            157     0.038   12.8   0.0   1   1     0.021     0.067   12.0   0.0    33    70    13    53     5    58 0.89 tr|A0A1A0J9Y9|A0A1A0J9Y9_9MICC Uncharacterized protein OS=Kocuria sp. ICS0012 OX=1834155 GN=A5728_12075 PE=4 SV=1
A0A285RD70/9-123     -            115 seed_msa             -            157     0.038   12.8   0.0   1   1     0.016     0.052   12.4   0.0    26    70     3    49     1    58 0.79 tr|A0A285RD70|A0A285RD70_9BACI Hemoglobin OS=Lysinibacillus xyleni OX=614648 GN=SAMN05880501_101366 PE=4 SV=1
A0A0E4GXU9/14-126    -            113 seed_msa             -            157     0.038   12.8   0.0   1   1     0.018     0.059   12.2   0.0    30    71    10    50     8   107 0.86 tr|A0A0E4GXU9|A0A0E4GXU9_9MYCO Group 1 truncated hemoglobin OS=Mycobacterium lentiflavum OX=141349 GN=BN1232_02568 PE=3 SV=1
A0A164C5H4/7-124     -            118 seed_msa             -            157     0.038   12.8   0.0   1   1     0.024     0.079   11.8   0.0    31    70    10    52     3    56 0.89 tr|A0A164C5H4|A0A164C5H4_9MICO Group 2 truncated hemoglobin GlbO OS=Microbacterium sp. TNHR37B OX=1775956 GN=glbO PE=4 SV=1
A0A1G7QJS9/7-114     -            108 seed_msa             -            157     0.038   12.8   0.0   1   1     0.014     0.046   12.6   0.0    29    70     9    52     7    71 0.78 tr|A0A1G7QJS9|A0A1G7QJS9_9BACL Hemoglobin OS=Paenibacillus sp. cl6col OX=1761878 GN=SAMN04488689_108256 PE=4 SV=1
A0A261VPM6/18-138    -            121 seed_msa             -            157     0.038   12.8   0.0   1   1     0.022     0.073   11.9   0.0    29    77     9    58     8    64 0.87 tr|A0A261VPM6|A0A261VPM6_9BORD Hemoglobin-like protein OS=Bordetella genomosp. 12 OX=463035 GN=CAL22_07385 PE=4 SV=1
A0A0B2AWG6/13-133    -            121 seed_msa             -            157     0.038   12.8   0.0   1   1     0.022     0.072   11.9   0.0    29    70     9    51     7    64 0.85 tr|A0A0B2AWG6|A0A0B2AWG6_9ACTN Cyanoglobin OS=Mumia flava OX=1348852 GN=LK11_57770 PE=4 SV=1
A0A1E3FQY7/13-133    -            121 seed_msa             -            157     0.038   12.8   0.0   1   1     0.022     0.072   11.9   0.0    29    70     9    51     7    64 0.85 tr|A0A1E3FQY7|A0A1E3FQY7_9BURK Cyanoglobin OS=Burkholderia contaminans OX=488447 GN=BGI28_16215 PE=4 SV=1
A0A257MWV7/9-123     -            115 seed_msa             -            157     0.038   12.8   0.0   1   1     0.016     0.053   12.4   0.0    29    78     9    57     7    95 0.86 tr|A0A257MWV7|A0A257MWV7_9GAMM Group 1 truncated hemoglobin OS=Methylococcaceae bacterium NSP1-2 OX=1917481 GN=CG439_2159 PE=3 SV=1
C5KVN6/3-103         -            101 seed_msa             -            157     0.038   12.8   0.1   1   1      0.02     0.064   12.1   0.0    29    76     9    55     7    74 0.88 tr|C5KVN6|C5KVN6_PERM5 Group 1 truncated hemoglobin OS=Perkinsus marinus (strain ATCC 50983 / TXsc) OX=423536 GN=Pmar_PMAR011084 PE=3 SV=1
A0A1B1PQQ9/4-112     -            109 seed_msa             -            157     0.038   12.8   0.0   1   1     0.015     0.048   12.5   0.0    32   122    12    93    10   107 0.80 tr|A0A1B1PQQ9|A0A1B1PQQ9_9RHOB Globin OS=Yangia sp. CCB-MM3 OX=1792508 GN=AYJ57_11160 PE=4 SV=1
A0A1F2RU97/13-127    -            115 seed_msa             -            157     0.039   12.8   0.0   1   1     0.014     0.045   12.6   0.0    30    71     9    49     7    95 0.74 tr|A0A1F2RU97|A0A1F2RU97_9BACT Uncharacterized protein OS=Acidobacteria bacterium RIFCSPLOWO2_12_FULL_59_11 OX=1797187 GN=A3G20_00820 PE=4 SV=1
A0A1Y3A243/203-318   -            116 seed_msa             -            157     0.039   12.8   0.1   1   1     0.015     0.049   12.5   0.1    30    79     9    57     7   111 0.81 tr|A0A1Y3A243|A0A1Y3A243_9GAMM Putative_PNPOx domain-containing protein OS=Crenothrix sp. D3 OX=1880899 GN=BCS42_03310 PE=4 SV=1
A0A0Q4FJB7/14-132    -            119 seed_msa             -            157     0.039   12.8   0.0   1   1      0.02     0.065   12.1   0.0    31    70    11    53     8    56 0.88 tr|A0A0Q4FJB7|A0A0Q4FJB7_9MICO Globin OS=Agreia sp. Leaf210 OX=1735682 GN=ASE64_00795 PE=4 SV=1
A0A1X7I019/25-143    -            119 seed_msa             -            157     0.039   12.8   0.0   1   1      0.02     0.065   12.1   0.0    31    70    11    53     8    56 0.88 tr|A0A1X7I019|A0A1X7I019_9MICO Hemoglobin OS=Agreia pratensis OX=150121 GN=SAMN06296010_0009 PE=4 SV=1
A0A0D7KIB8/7-115     -            109 seed_msa             -            157     0.039   12.8   0.0   1   1     0.014     0.047   12.5   0.0    29    70     9    52     7    71 0.78 tr|A0A0D7KIB8|A0A0D7KIB8_9BACL Globin OS=Paenibacillus sp. E194 OX=1458845 GN=AZ66_22160 PE=4 SV=1
A0A1H1G9P8/58-176    -            119 seed_msa             -            157     0.039   12.8   0.0   1   1     0.022     0.071   11.9   0.0    34    70    14    53     8    56 0.91 tr|A0A1H1G9P8|A0A1H1G9P8_9MICC Hemoglobin OS=Arthrobacter crystallopoietes OX=37928 GN=SAMN04489742_3941 PE=4 SV=1
A0A1B8UWW4/7-115     -            109 seed_msa             -            157     0.039   12.8   0.0   1   1     0.014     0.047   12.5   0.0    29    70     9    52     7    71 0.78 tr|A0A1B8UWW4|A0A1B8UWW4_9BACL Globin OS=Paenibacillus sp. KS1 OX=1849249 GN=BBG47_04410 PE=4 SV=1
T0SPU9/3-116         -            114 seed_msa             -            157     0.039   12.8   0.0   1   1     0.033      0.11   11.4   0.0    30    64    10    45     8    54 0.86 tr|T0SPU9|T0SPU9_9PROT Group 1 truncated hemoglobin OS=Bacteriovorax sp. Seq25_V OX=1201288 GN=glbN PE=3 SV=1
A0A1I6G2R9/6-124     -            119 seed_msa             -            157     0.039   12.8   0.0   1   1      0.02     0.066   12.0   0.0    33    70    13    53     8    58 0.90 tr|A0A1I6G2R9|A0A1I6G2R9_9MICO Hemoglobin OS=Microbacterium sp. cl127 OX=1761805 GN=SAMN04488591_0679 PE=4 SV=1
A0A1D8ILZ1/3-119     -            117 seed_msa             -            157     0.039   12.8   0.0   1   1     0.013     0.041   12.7   0.0    30    77    10    56     7   107 0.82 tr|A0A1D8ILZ1|A0A1D8ILZ1_9GAMM Group 1 truncated hemoglobin OS=Acidihalobacter prosperus OX=160660 GN=BI364_05300 PE=3 SV=1
A0A1P8JTN3/13-131    -            119 seed_msa             -            157     0.039   12.8   0.0   1   1     0.015     0.048   12.5   0.0    29    75     7    54     6    94 0.84 tr|A0A1P8JTN3|A0A1P8JTN3_9BURK Globin OS=Rhodoferax koreense OX=1842727 GN=RD110_07740 PE=4 SV=1
A0A290TTB4/24-136    -            113 seed_msa             -            157     0.039   12.8   0.0   1   1      0.02     0.064   12.1   0.0    32    79    12    58     8    74 0.93 tr|A0A290TTB4|A0A290TTB4_PSEO7 Hemoglobin OS=Pseudoalteromonas piscicida OX=43662 GN=glbN PE=4 SV=1
A0A1X0A1C6/14-126    -            113 seed_msa             -            157     0.039   12.8   0.0   1   1     0.016     0.053   12.4   0.0    30    72    10    51     8    92 0.87 tr|A0A1X0A1C6|A0A1X0A1C6_9MYCO Group 1 truncated hemoglobin OS=Mycobacterium angelicum OX=470074 GN=BST12_06240 PE=3 SV=1
A0A1H9F7Z3/27-139    -            113 seed_msa             -            157      0.04   12.8   0.0   1   1     0.014     0.046   12.6   0.0    30    71    10    50     8   105 0.89 tr|A0A1H9F7Z3|A0A1H9F7Z3_9PROT Hemoglobin OS=Nitrosomonas ureae OX=44577 GN=SAMN05216406_1672 PE=4 SV=1
A0A231R406/13-127    -            115 seed_msa             -            157      0.04   12.8   0.0   1   1     0.017     0.054   12.3   0.0    30    57    10    43     8    71 0.74 tr|A0A231R406|A0A231R406_9BACL Globin OS=Cohnella sp. CIP 111063 OX=1955714 GN=B1A99_30155 PE=4 SV=1
V7KU29/5-122         -            118 seed_msa             -            157      0.04   12.8   0.0   1   1      0.02     0.065   12.1   0.0    30    70    10    53     7    61 0.92 tr|V7KU29|V7KU29_MYCPC Globin OS=Mycobacterium avium subsp. paratuberculosis 08-8281 OX=1391998 GN=O980_08020 PE=4 SV=1
A0A1M5FRJ1/24-142    -            119 seed_msa             -            157      0.04   12.7   0.0   1   1     0.015     0.049   12.5   0.0    30    77     8    56     5   115 0.83 tr|A0A1M5FRJ1|A0A1M5FRJ1_9ALTE Hemoglobin OS=Aestuariibacter aggregatus OX=634436 GN=SAMN05216361_0960 PE=4 SV=1
A0A081EUH9/6-116     -            111 seed_msa             -            157      0.04   12.7   0.0   1   1     0.019     0.063   12.1   0.0    30    78    10    57     8   108 0.76 tr|A0A081EUH9|A0A081EUH9_9EURY Globin OS=Halorubrum saccharovorum OX=2248 GN=FK85_06575 PE=4 SV=1
A0A1F4N7J1/20-140    -            121 seed_msa             -            157      0.04   12.7   0.0   1   1     0.023     0.074   11.9   0.0    30    74    10    55     8    64 0.88 tr|A0A1F4N7J1|A0A1F4N7J1_9BURK Uncharacterized protein OS=Burkholderiales bacterium RIFCSPLOWO2_12_FULL_64_99 OX=1797568 GN=A3G29_13305 PE=4 SV=1
A0A1A2IYC8/7-124     -            118 seed_msa             -            157     0.041   12.7   0.0   1   1      0.02     0.064   12.1   0.0    31    70    11    53     8    61 0.90 tr|A0A1A2IYC8|A0A1A2IYC8_9MYCO Uncharacterized protein OS=Mycobacterium sp. E3339 OX=1834146 GN=A5702_07400 PE=4 SV=1
A0DTZ6/420-532       -            113 seed_msa             -            157     0.041   12.7   0.0   1   1     0.028     0.093   11.6   0.0    32   132    12   105     9   110 0.76 tr|A0DTZ6|A0DTZ6_PARTE Protein kinase domain-containing protein OS=Paramecium tetraurelia OX=5888 GN=GSPATT00020197001 PE=4 SV=1
A0A0S9E0Z5/3-113     -            111 seed_msa             -            157     0.041   12.7   0.0   1   1     0.017     0.057   12.3   0.0    32    77    12    56     8   109 0.78 tr|A0A0S9E0Z5|A0A0S9E0Z5_9MICO Uncharacterized protein OS=Agreia sp. Leaf244 OX=1736305 GN=ASF06_03865 PE=4 SV=1
C5KVP3/3-103         -            101 seed_msa             -            157     0.041   12.7   0.1   1   1     0.017     0.056   12.3   0.1    29    76     9    55     7    91 0.90 tr|C5KVP3|C5KVP3_PERM5 Group 1 truncated hemoglobin OS=Perkinsus marinus (strain ATCC 50983 / TXsc) OX=423536 GN=Pmar_PMAR011093 PE=3 SV=1
A0A0S9E0X9/1-111     -            111 seed_msa             -            157     0.041   12.7   0.0   1   1     0.013     0.043   12.6   0.0    32    77    11    55     7   109 0.82 tr|A0A0S9E0X9|A0A0S9E0X9_9MICO Group 1 truncated hemoglobin OS=Agreia sp. Leaf244 OX=1736305 GN=ASF06_03870 PE=3 SV=1
H0EBK8/6-119         -            114 seed_msa             -            157     0.041   12.7   0.0   1   1     0.015     0.048   12.5   0.0    29    81     9    60     7   108 0.82 tr|H0EBK8|H0EBK8_9ACTN Group 1 truncated hemoglobin OS=Patulibacter medicamentivorans OX=1097667 GN=PAI11_42400 PE=3 SV=1
A0A2E1CTT6/10-127    -            118 seed_msa             -            157     0.041   12.7   0.0   1   1     0.027     0.087   11.7   0.0    29    71     7    50     6    59 0.90 tr|A0A2E1CTT6|A0A2E1CTT6_9PROT Globin OS=Kordiimonas sp. OX=1970157 GN=CMF31_03905 PE=4 SV=1
L8D2R4/31-149        -            119 seed_msa             -            157     0.041   12.7   0.0   1   1     0.018     0.059   12.2   0.0    29    71     7    50     5    65 0.88 tr|L8D2R4|L8D2R4_9GAMM Hemoglobin-like protein HbO OS=Pseudoalteromonas luteoviolacea B = ATCC 29581 OX=1268239 GN=PALB_15330 PE=4 SV=1
K4ZCK7/7-115         -            109 seed_msa             -            157     0.041   12.7   0.0   1   1     0.016     0.051   12.4   0.0    29    68     9    50     7    70 0.79 tr|K4ZCK7|K4ZCK7_PAEA2 Putative bacterial-like globin OS=Paenibacillus alvei (strain ATCC 6344 / DSM 29 / NBRC 3343 / NCIMB 9371 / NCTC 6352) OX=1206781 GN=PAV_10c01420 PE=4 SV=1
A0A2E9TED0/47-162    -            116 seed_msa             -            157     0.041   12.7   0.0   1   1     0.019     0.062   12.1   0.0    30    66     9    45     7    53 0.82 tr|A0A2E9TED0|A0A2E9TED0_9CHLR Uncharacterized protein OS=Chloroflexi bacterium OX=2026724 GN=CL724_08845 PE=4 SV=1
A0A0F0L216/6-124     -            119 seed_msa             -            157     0.041   12.7   0.0   1   1     0.023     0.073   11.9   0.0    33    70    13    53     8    56 0.90 tr|A0A0F0L216|A0A0F0L216_9MICO Group 2 truncated hemoglobin GlbO OS=Microbacterium azadirachtae OX=582680 GN=glbO PE=4 SV=1
A0A1H5DL06/30-147    -            118 seed_msa             -            157     0.042   12.7   0.0   1   1     0.025     0.082   11.7   0.0    29    71     9    54     7    62 0.89 tr|A0A1H5DL06|A0A1H5DL06_9MICO Hemoglobin OS=Haloactinobacterium album OX=648782 GN=SAMN04488554_0715 PE=4 SV=1
A0A0Q7QIA2/7-122     -            116 seed_msa             -            157     0.042   12.7   0.0   1   1     0.055      0.18   10.7   0.0    31    70    11    53     8   116 0.93 tr|A0A0Q7QIA2|A0A0Q7QIA2_9ACTN Globin OS=Aeromicrobium sp. Root495 OX=1736550 GN=ASD11_03340 PE=4 SV=1
A0A1I4V5A1/31-143    -            113 seed_msa             -            157     0.042   12.7   0.0   1   1     0.053      0.17   10.7   0.0    32    78    12    57     9   104 0.89 tr|A0A1I4V5A1|A0A1I4V5A1_9GAMM Group 1 truncated hemoglobin OS=Dokdonella immobilis OX=578942 GN=SAMN05216289_101134 PE=3 SV=1
B8EJ43/13-130        -            118 seed_msa             -            157     0.042   12.7   0.0   1   1     0.016     0.051   12.4   0.0    30   101     8    80     6   115 0.76 tr|B8EJ43|B8EJ43_METSB Globin OS=Methylocella silvestris (strain DSM 15510 / CIP 108128 / LMG 27833 / NCIMB 13906 / BL2) OX=395965 GN=Msil_3650 PE=4 SV=1
A0A0M0GER7/14-114    -            101 seed_msa             -            157     0.042   12.7   0.0   1   1     0.018      0.06   12.2   0.0    30    77    10    55     8    63 0.84 tr|A0A0M0GER7|A0A0M0GER7_SPOGL Globin OS=Sporosarcina globispora OX=1459 GN=AF332_17440 PE=4 SV=1
A0A0U4D170/13-133    -            121 seed_msa             -            157     0.042   12.7   0.0   1   1     0.019     0.062   12.1   0.0    29    70     9    51     7    64 0.84 tr|A0A0U4D170|A0A0U4D170_BURCE Cyanoglobin OS=Burkholderia cepacia JBK9 OX=1395570 GN=P350_06580 PE=4 SV=1
A0A176YQ39/9-129     -            121 seed_msa             -            157     0.043   12.7   0.0   1   1     0.021     0.069   12.0   0.0    30    76    10    57     8    63 0.89 tr|A0A176YQ39|A0A176YQ39_9BRAD Globin OS=Bradyrhizobium centrolobii OX=1505087 GN=AYJ54_13045 PE=4 SV=1
A0A0E9EU15/2-100     -             99 seed_msa             -            157     0.043   12.7   0.0   1   1      0.02     0.064   12.1   0.0    39    70     1    34     1    51 0.95 tr|A0A0E9EU15|A0A0E9EU15_CHLTH Truncated BHb OS=Chlamydia trachomatis OX=813 GN=yjbI PE=4 SV=1
A0A0M4CJN0/6-115     -            110 seed_msa             -            157     0.043   12.7   0.0   1   1     0.024     0.079   11.8   0.0    34    70    14    53     8    55 0.89 tr|A0A0M4CJN0|A0A0M4CJN0_9CORY Uncharacterized protein OS=Corynebacterium deserti GIMN1.010 OX=931089 GN=CDES_11115 PE=4 SV=1
A0A1Q6BL62/6-121     -            116 seed_msa             -            157     0.043   12.7   0.0   1   1     0.027     0.089   11.6   0.0    34    70    14    53     8    55 0.89 tr|A0A1Q6BL62|A0A1Q6BL62_CORGT Globin OS=Corynebacterium glutamicum OX=1718 GN=AUO95_10565 PE=4 SV=1
A4QGJ0/6-121         -            116 seed_msa             -            157     0.043   12.7   0.0   1   1     0.027     0.089   11.6   0.0    34    70    14    53     8    55 0.89 tr|A4QGJ0|A4QGJ0_CORGB Uncharacterized protein OS=Corynebacterium glutamicum (strain R) OX=340322 GN=cgR_2351 PE=4 SV=1
R0HTY1/6-121         -            116 seed_msa             -            157     0.043   12.7   0.0   1   1     0.027     0.089   11.6   0.0    34    70    14    53     8    55 0.89 tr|R0HTY1|R0HTY1_CORCT Uncharacterized protein OS=Corynebacterium crenatum MT OX=1310164 GN=J433_15212 PE=4 SV=1
A0A1V3RZK3/14-132    -            119 seed_msa             -            157     0.043   12.7   0.0   1   1     0.014     0.046   12.6   0.0    29    77     7    56     5    91 0.90 tr|A0A1V3RZK3|A0A1V3RZK3_9BURK Globin OS=Hydrogenophaga sp. A37 OX=1945864 GN=B0E41_16585 PE=4 SV=1
A0A072ZAE1/6-115     -            110 seed_msa             -            157     0.043   12.7   0.0   1   1     0.024     0.079   11.8   0.0    34    70    14    53     8    55 0.89 tr|A0A072ZAE1|A0A072ZAE1_CORGT Hemin receptor OS=Corynebacterium glutamicum ATCC 14067 OX=1079988 GN=KIQ_000105 PE=4 SV=1
A0A0F6Z6R0/6-115     -            110 seed_msa             -            157     0.043   12.7   0.0   1   1     0.024     0.079   11.8   0.0    34    70    14    53     8    55 0.89 tr|A0A0F6Z6R0|A0A0F6Z6R0_9CORY Hemin receptor OS=[Brevibacterium] flavum OX=92706 GN=YH66_12230 PE=4 SV=1
A0A168IB85/2-114     -            113 seed_msa             -            157     0.043   12.6   0.0   1   1     0.018     0.058   12.2   0.0    30    71    10    50     8    90 0.83 tr|A0A168IB85|A0A168IB85_9ACTN Group 1 truncated hemoglobin OS=Frankia sp. EI5c OX=683316 GN=UG55_109621 PE=3 SV=1
A0A0D8LN11/32-130    -             99 seed_msa             -            157     0.043   12.6   0.0   1   1     0.014     0.046   12.6   0.0    29    77     5    54     2    92 0.82 tr|A0A0D8LN11|A0A0D8LN11_PHODD Globin OS=Photobacterium damselae subsp. damselae OX=85581 GN=UB36_07105 PE=4 SV=1
A0A2D5VLQ2/11-115    -            105 seed_msa             -            157     0.043   12.6   0.0   1   1     0.016     0.052   12.4   0.0    31    71     9    50     6    77 0.80 tr|A0A2D5VLQ2|A0A2D5VLQ2_PSESP Globin OS=Pseudomonas sp. OX=306 GN=CMK92_01625 PE=4 SV=1
A0A157SDQ6/19-139    -            121 seed_msa             -            157     0.044   12.6   0.0   1   1     0.034      0.11   11.3   0.0    30    81    10    60     8    66 0.87 tr|A0A157SDQ6|A0A157SDQ6_9BORD Globin-like protein OS=Bordetella ansorpii OX=288768 GN=glbO PE=4 SV=1
A0A157MZZ2/19-139    -            121 seed_msa             -            157     0.044   12.6   0.0   1   1     0.034      0.11   11.3   0.0    30    81    10    60     8    66 0.87 tr|A0A157MZZ2|A0A157MZZ2_9BORD Globin-like protein OS=Bordetella ansorpii OX=288768 GN=glbO PE=4 SV=1
A0A1Z5KD25/9-126     -            118 seed_msa             -            157     0.044   12.6   0.0   1   1      0.02     0.066   12.0   0.0    30    75    10    54     8    63 0.86 tr|A0A1Z5KD25|A0A1Z5KD25_FISSO Uncharacterized protein OS=Fistulifera solaris OX=1519565 GN=FisN_4Lh247 PE=4 SV=1
A0A0Q8V1G7/19-137    -            119 seed_msa             -            157     0.044   12.6   0.0   1   1     0.024     0.077   11.8   0.0    32    70    12    53     8    56 0.91 tr|A0A0Q8V1G7|A0A0Q8V1G7_9MICO Globin OS=Leifsonia sp. Root227 OX=1736496 GN=ASE16_08005 PE=4 SV=1
A0A127JW56/13-131    -            119 seed_msa             -            157     0.044   12.6   0.0   1   1     0.022     0.072   11.9   0.0    29    82     7    59     6    64 0.85 tr|A0A127JW56|A0A127JW56_9BURK Globin OS=Ramlibacter tataouinensis OX=94132 GN=UC35_16980 PE=4 SV=1
C5KVN8/3-103         -            101 seed_msa             -            157     0.044   12.6   0.1   1   1     0.017     0.055   12.3   0.1    29    76     9    55     7    91 0.90 tr|C5KVN8|C5KVN8_PERM5 Group 1 truncated hemoglobin OS=Perkinsus marinus (strain ATCC 50983 / TXsc) OX=423536 GN=Pmar_PMAR011086 PE=3 SV=1
A0A164DVJ8/7-124     -            118 seed_msa             -            157     0.044   12.6   0.0   1   1     0.024     0.079   11.8   0.0    31    70    11    53     8    55 0.89 tr|A0A164DVJ8|A0A164DVJ8_MYCKA Uncharacterized protein OS=Mycobacterium kansasii OX=1768 GN=A4G26_09100 PE=4 SV=1
A0A2G2QTD0/31-142    -            112 seed_msa             -            157     0.044   12.6   0.0   1   1     0.024     0.079   11.8   0.0    30    77    10    56     8    65 0.90 tr|A0A2G2QTD0|A0A2G2QTD0_9GAMM Group 1 truncated hemoglobin OS=Porticoccus sp. OX=2024853 GN=COB19_05155 PE=3 SV=1
A0A212RPK4/8-129     -            122 seed_msa             -            157     0.044   12.6   0.0   1   1     0.027     0.087   11.7   0.0    30    76    10    57     7    64 0.89 tr|A0A212RPK4|A0A212RPK4_RHOAC Hemoglobin OS=Rhodoblastus acidophilus OX=1074 GN=SAMN06265338_10652 PE=4 SV=1
A0A2A4UDY3/47-164    -            118 seed_msa             -            157     0.044   12.6   0.0   1   1     0.052      0.17   10.7   0.0    30    69    10    48     8   106 0.72 tr|A0A2A4UDY3|A0A2A4UDY3_9PROT Group 1 truncated hemoglobin OS=Proteobacteria bacterium OX=1977087 GN=COB41_06195 PE=3 SV=1
A0A0A0DTP9/12-129    -            118 seed_msa             -            157     0.044   12.6   0.0   1   1     0.031       0.1   11.4   0.0    30    74     8    53     5    63 0.90 tr|A0A0A0DTP9|A0A0A0DTP9_9BURK Globin OS=Aquabacterium sp. NJ1 OX=1538295 GN=JY96_18155 PE=4 SV=1
Q22YY3/56-168        -            113 seed_msa             -            157     0.045   12.6   0.1   1   1      0.02     0.065   12.1   0.1    29    88     9    65     7   105 0.70 tr|Q22YY3|Q22YY3_TETTS Group 1 truncated hemoglobin OS=Tetrahymena thermophila (strain SB210) OX=312017 GN=TTHERM_00120880 PE=3 SV=1
A0A2E4QQE1/4-118     -            115 seed_msa             -            157     0.045   12.6   0.1   1   1     0.023     0.075   11.9   0.1    32    69    12    48     8    67 0.78 tr|A0A2E4QQE1|A0A2E4QQE1_9RHOB Group 1 truncated hemoglobin OS=Hirschia sp. OX=2024835 GN=CME88_04295 PE=3 SV=1
A0A104MM27/13-133    -            121 seed_msa             -            157     0.045   12.6   0.0   1   1     0.021     0.067   12.0   0.0    29    70     9    51     7    64 0.84 tr|A0A104MM27|A0A104MM27_9BURK Cyanoglobin OS=Burkholderia stagnalis OX=1503054 GN=DF145_19375 PE=4 SV=1
A0A104NNH7/13-133    -            121 seed_msa             -            157     0.045   12.6   0.0   1   1     0.021     0.067   12.0   0.0    29    70     9    51     7    64 0.84 tr|A0A104NNH7|A0A104NNH7_BURPY Cyanoglobin OS=Burkholderia pyrrocinia OX=60550 GN=EVG18_02705 PE=4 SV=1
A0A1K1RGL5/13-133    -            121 seed_msa             -            157     0.045   12.6   0.0   1   1     0.021     0.067   12.0   0.0    29    70     9    51     7    64 0.84 tr|A0A1K1RGL5|A0A1K1RGL5_9BURK Hemoglobin OS=Burkholderia sp. NFACC33-1 OX=1566269 GN=SAMN03159384_04078 PE=4 SV=1
A0A1F2VQG4/2-106     -            105 seed_msa             -            157     0.045   12.6   0.0   1   1     0.019      0.06   12.2   0.0    31    74     2    44     1   100 0.72 tr|A0A1F2VQG4|A0A1F2VQG4_9BACT Uncharacterized protein OS=Acidobacteria bacterium RIFCSPLOWO2_12_FULL_67_14b OX=1797193 GN=A3J29_19075 PE=4 SV=1
A0A1W1ZT73/11-131    -            121 seed_msa             -            157     0.045   12.6   0.0   1   1     0.028     0.091   11.6   0.0    31    71    11    52     9    64 0.81 tr|A0A1W1ZT73|A0A1W1ZT73_9BURK Hemoglobin OS=Polynucleobacter sp. VK13 OX=1938817 GN=SAMN06296008_106108 PE=4 SV=1
A0A1A3QLG4/5-122     -            118 seed_msa             -            157     0.046   12.6   0.0   1   1     0.027     0.088   11.7   0.0    30    70    10    53     7    61 0.91 tr|A0A1A3QLG4|A0A1A3QLG4_9MYCO Uncharacterized protein OS=Mycobacterium sp. 1081908.1 OX=1834066 GN=A5655_11860 PE=4 SV=1
A0A1H6WBP1/5-121     -            117 seed_msa             -            157     0.046   12.6   0.0   1   1     0.019     0.063   12.1   0.0    30    64    10    44     8    73 0.76 tr|A0A1H6WBP1|A0A1H6WBP1_9BACT Hemoglobin OS=Dyadobacter sp. SG02 OX=1855291 GN=SAMN05216327_106314 PE=4 SV=1
A0A150WUT5/10-111    -            102 seed_msa             -            157     0.046   12.6   0.0   1   1     0.027     0.088   11.6   0.0    30    57     2    49     1    91 0.65 tr|A0A150WUT5|A0A150WUT5_BDEBC Sec-independent protein translocase TatC OS=Bdellovibrio bacteriovorus OX=959 GN=AZI85_13940 PE=4 SV=1
A0A126SXJ8/38-152    -            115 seed_msa             -            157     0.046   12.6   0.0   1   1     0.026     0.086   11.7   0.0    31    71     9    50     6    63 0.89 tr|A0A126SXJ8|A0A126SXJ8_9BACT Putative hemoglobin protein OS=uncultured bacterium UPO35 OX=1776962 PE=4 SV=1
Q8RT58/3-117         -            115 seed_msa             -            157     0.046   12.6   0.0   1   1     0.024      0.08   11.8   0.0    29    71     9    50     7    60 0.79 tr|Q8RT58|Q8RT58_SYNP2 Group 1 truncated hemoglobin OS=Synechococcus sp. (strain ATCC 27264 / PCC 7002 / PR-6) OX=32049 GN=glbN PE=1 SV=1
A0A1R1MBK1/8-126     -            119 seed_msa             -            157     0.046   12.6   0.0   1   1     0.027      0.09   11.6   0.0    31    71    11    54     8   119 0.93 tr|A0A1R1MBK1|A0A1R1MBK1_9MICC Globin OS=Tersicoccus sp. Bi-70 OX=1897634 GN=BGP79_13590 PE=4 SV=1
S6GS09/4-116         -            113 seed_msa             -            157     0.046   12.6   0.0   1   1     0.021     0.067   12.0   0.0    33   114    13    89    10   107 0.74 tr|S6GS09|S6GS09_9GAMM Group 1 truncated hemoglobin OS=Osedax symbiont Rs2 OX=1330035 GN=OFPI_17180 PE=3 SV=1
A0A256H272/6-116     -            111 seed_msa             -            157     0.047   12.5   0.0   1   1     0.037      0.12   11.2   0.0    30   121    10    92     8   109 0.63 tr|A0A256H272|A0A256H272_9EURY Group 1 truncated hemoglobin OS=Halorubrum sp. Ib24 OX=1383850 GN=DJ82_12430 PE=4 SV=1
A0A256H8U7/6-116     -            111 seed_msa             -            157     0.047   12.5   0.0   1   1     0.037      0.12   11.2   0.0    30   121    10    92     8   109 0.63 tr|A0A256H8U7|A0A256H8U7_9EURY Group 1 truncated hemoglobin OS=Halorubrum sp. Hd13 OX=1480728 GN=DJ81_13910 PE=4 SV=1
A0A256HTB2/6-116     -            111 seed_msa             -            157     0.047   12.5   0.0   1   1     0.037      0.12   11.2   0.0    30   121    10    92     8   109 0.63 tr|A0A256HTB2|A0A256HTB2_9EURY Group 1 truncated hemoglobin OS=Halorubrum sp. Ea8 OX=1383841 GN=DJ74_12780 PE=4 SV=1
A0A256HV24/6-116     -            111 seed_msa             -            157     0.047   12.5   0.0   1   1     0.037      0.12   11.2   0.0    30   121    10    92     8   109 0.63 tr|A0A256HV24|A0A256HV24_9EURY Group 1 truncated hemoglobin OS=Halorubrum sp. Eb13 OX=1383843 GN=DJ75_03410 PE=4 SV=1
A0A1L7F833/4-116     -            113 seed_msa             -            157     0.047   12.5   0.0   1   1     0.018     0.057   12.3   0.0    33    73    13    52     8   107 0.85 tr|A0A1L7F833|A0A1L7F833_9PSEU Group 1 truncated hemoglobin OS=Actinoalloteichus sp. GBA129-24 OX=1612551 GN=UA75_14885 PE=3 SV=1
A0A100X6Y8/3-115     -            113 seed_msa             -            157     0.047   12.5   0.0   1   1     0.019     0.061   12.2   0.0    30    72    10    51     7    92 0.87 tr|A0A100X6Y8|A0A100X6Y8_9MYCO Group 1 truncated hemoglobin OS=Mycolicibacterium novocastrense OX=59813 GN=RMCN_4330 PE=3 SV=1
A0A256IL63/5-117     -            113 seed_msa             -            157     0.047   12.5   0.0   1   1     0.016     0.053   12.4   0.0    29    77     9    56     7   112 0.77 tr|A0A256IL63|A0A256IL63_9EURY Group 1 truncated hemoglobin OS=Halorubrum halodurans OX=1383851 GN=DJ70_06355 PE=4 SV=1
A4YYV7/21-139        -            119 seed_msa             -            157     0.047   12.5   0.0   1   1     0.025     0.082   11.7   0.0    30    74     8    53     5    60 0.90 tr|A4YYV7|A4YYV7_BRASO Putative hemoglobin protein (Truncated hemoglobin) OS=Bradyrhizobium sp. (strain ORS 278) OX=114615 GN=BRADO5406 PE=4 SV=1
A0A1R1FYT1/6-121     -            116 seed_msa             -            157     0.047   12.5   0.0   1   1     0.017     0.056   12.3   0.0    30    76    10    54     8   104 0.72 tr|A0A1R1FYT1|A0A1R1FYT1_9BACL Globin OS=Paenibacillus sp. FSL R7-0337 OX=1926588 GN=BK147_28930 PE=4 SV=1
W4ANK8/6-121         -            116 seed_msa             -            157     0.047   12.5   0.0   1   1     0.017     0.056   12.3   0.0    30    76    10    54     8   104 0.72 tr|W4ANK8|W4ANK8_9BACL Globin OS=Paenibacillus sp. FSL R7-269 OX=1226755 GN=C162_31854 PE=4 SV=1
A0A1S2QV80/7-106     -            100 seed_msa             -            157     0.047   12.5   0.0   1   1      0.02     0.064   12.1   0.0    29    66     9    47     7    59 0.86 tr|A0A1S2QV80|A0A1S2QV80_9BACI Globin OS=Bacillus sp. MUM 116 OX=1678002 GN=BIV60_23840 PE=4 SV=1
M4NCS8/49-160        -            112 seed_msa             -            157     0.047   12.5   0.0   1   1     0.025     0.081   11.8   0.0    33   114    12    88     7    93 0.83 tr|M4NCS8|M4NCS8_9GAMM Truncated hemoglobin OS=Rhodanobacter denitrificans OX=666685 GN=R2APBS1_1308 PE=4 SV=1
A0A061P5H1/8-125     -            118 seed_msa             -            157     0.047   12.5   0.0   1   1     0.023     0.074   11.9   0.0    30    74    10    52     8    61 0.83 tr|A0A061P5H1|A0A061P5H1_9BACL Hemoglobin-like protein HbO OS=Geomicrobium sp. JCM 19038 OX=1460635 GN=JCM19038_4026 PE=4 SV=1
A0A1M5K0Z3/28-140    -            113 seed_msa             -            157     0.047   12.5   0.0   1   1     0.017     0.054   12.3   0.0    29    73     9    52     7    96 0.91 tr|A0A1M5K0Z3|A0A1M5K0Z3_9GAMM Hemoglobin OS=Marinomonas polaris DSM 16579 OX=1122206 GN=SAMN02745753_03960 PE=4 SV=1
Q0F0A2/3-118         -            116 seed_msa             -            157     0.047   12.5   0.0   1   1     0.016     0.053   12.3   0.0    29    81     9    58     7   109 0.74 tr|Q0F0A2|Q0F0A2_9PROT Group 1 truncated hemoglobin OS=Mariprofundus ferrooxydans PV-1 OX=314345 GN=SPV1_07274 PE=3 SV=1
A0A2J7ZIP7/13-127    -            115 seed_msa             -            157     0.048   12.5   0.0   1   1     0.032       0.1   11.4   0.0    29    64     9    45     7    56 0.87 tr|A0A2J7ZIP7|A0A2J7ZIP7_9CHLO Group 1 truncated hemoglobin glbN OS=Tetrabaena socialis OX=47790 GN=TSOC_014053 PE=4 SV=1
A0A2J8AD36/599-713   -            115 seed_msa             -            157     0.048   12.5   0.0   1   1     0.032       0.1   11.4   0.0    29    64     9    45     7    56 0.87 tr|A0A2J8AD36|A0A2J8AD36_9CHLO Glutamine--tRNA ligase OS=Tetrabaena socialis OX=47790 GN=TSOC_002881 PE=3 SV=1
A0A2J8AG44/13-127    -            115 seed_msa             -            157     0.048   12.5   0.0   1   1     0.032       0.1   11.4   0.0    29    64     9    45     7    56 0.87 tr|A0A2J8AG44|A0A2J8AG44_9CHLO Group 1 truncated hemoglobin glbN OS=Tetrabaena socialis OX=47790 GN=TSOC_001675 PE=4 SV=1
B1FM30/13-133        -            121 seed_msa             -            157     0.048   12.5   0.0   1   1     0.022      0.07   12.0   0.0    29    70     9    51     7    64 0.85 tr|B1FM30|B1FM30_9BURK Globin OS=Burkholderia ambifaria IOP40-10 OX=396596 GN=BamIOP4010DRAFT_5091 PE=4 SV=1
B1TC86/320-440       -            121 seed_msa             -            157     0.048   12.5   0.0   1   1     0.022      0.07   12.0   0.0    29    70     9    51     7    64 0.85 tr|B1TC86|B1TC86_9BURK Globin OS=Burkholderia ambifaria MEX-5 OX=396597 GN=BamMEX5DRAFT_5402 PE=4 SV=1
B1YTT6/13-133        -            121 seed_msa             -            157     0.048   12.5   0.0   1   1     0.022      0.07   12.0   0.0    29    70     9    51     7    64 0.85 tr|B1YTT6|B1YTT6_BURA4 Globin OS=Burkholderia ambifaria (strain MC40-6) OX=398577 GN=BamMC406_2195 PE=4 SV=1
Q0BDA0/13-133        -            121 seed_msa             -            157     0.048   12.5   0.0   1   1     0.022      0.07   12.0   0.0    29    70     9    51     7    64 0.85 tr|Q0BDA0|Q0BDA0_BURCM Globin OS=Burkholderia ambifaria (strain ATCC BAA-244 / AMMD) OX=339670 GN=Bamb_2317 PE=4 SV=1
A0A0J5WN32/13-133    -            121 seed_msa             -            157     0.048   12.5   0.0   1   1     0.022     0.071   12.0   0.0    29    70     9    51     7    64 0.85 tr|A0A0J5WN32|A0A0J5WN32_BURCE Cyanoglobin OS=Burkholderia cepacia OX=292 GN=VL15_25600 PE=4 SV=1
A0A2A9LS38/13-133    -            121 seed_msa             -            157     0.048   12.5   0.0   1   1     0.022      0.07   12.0   0.0    29    70     9    51     7    64 0.85 tr|A0A2A9LS38|A0A2A9LS38_9BURK Hemoglobin OS=Burkholderia sp. JKS000303 OX=1938747 GN=BX604_2402 PE=4 SV=1
F8FDK4/8-118         -            111 seed_msa             -            157     0.048   12.5   0.0   1   1      0.02     0.065   12.1   0.0    30    74    10    52     7    70 0.74 tr|F8FDK4|F8FDK4_PAEMK Bacterial globin family protein OS=Paenibacillus mucilaginosus (strain KNP414) OX=1036673 GN=KNP414_03630 PE=4 SV=1
A0A061NE71/8-125     -            118 seed_msa             -            157     0.048   12.5   0.0   1   1     0.023     0.074   11.9   0.0    30    74    10    52     8    61 0.83 tr|A0A061NE71|A0A061NE71_9BACL Hemoglobin-like protein HbO OS=Geomicrobium sp. JCM 19055 OX=1460649 GN=JCM19055_4090 PE=4 SV=1
A0A1D7ZH49/13-133    -            121 seed_msa             -            157     0.048   12.5   0.0   1   1     0.022     0.071   11.9   0.0    29    70     9    51     7    64 0.85 tr|A0A1D7ZH49|A0A1D7ZH49_9BURK Cyanoglobin OS=Burkholderia stabilis OX=95485 GN=yjbI PE=4 SV=1
A0A1Q7F1H5/5-122     -            118 seed_msa             -            157     0.048   12.5   0.0   1   1     0.024     0.079   11.8   0.0    29    70     9    53     6    56 0.92 tr|A0A1Q7F1H5|A0A1Q7F1H5_9CHLR Globin OS=Chloroflexi bacterium 13_1_40CM_66_19 OX=1805081 GN=AUH27_03480 PE=4 SV=1
A0A1Q7H345/5-122     -            118 seed_msa             -            157     0.048   12.5   0.0   1   1     0.024     0.079   11.8   0.0    29    70     9    53     6    56 0.92 tr|A0A1Q7H345|A0A1Q7H345_9CHLR Globin OS=Chloroflexi bacterium 13_1_40CM_4_65_16 OX=1805075 GN=AUH80_07785 PE=4 SV=1
A0A1Q7M218/5-122     -            118 seed_msa             -            157     0.048   12.5   0.0   1   1     0.024     0.079   11.8   0.0    29    70     9    53     6    56 0.92 tr|A0A1Q7M218|A0A1Q7M218_9ACTN Globin OS=Actinobacteria bacterium 13_1_40CM_3_66_19 OX=1803487 GN=AUI87_02165 PE=4 SV=1
A0A1Q7QNR2/5-122     -            118 seed_msa             -            157     0.048   12.5   0.0   1   1     0.024     0.079   11.8   0.0    29    70     9    53     6    56 0.92 tr|A0A1Q7QNR2|A0A1Q7QNR2_9ACTN Globin OS=Actinobacteria bacterium 13_1_40CM_2_66_13 OX=1803485 GN=AUI56_04170 PE=4 SV=1
A0A1Q7ZY06/5-122     -            118 seed_msa             -            157     0.048   12.5   0.0   1   1     0.024     0.079   11.8   0.0    29    70     9    53     6    56 0.92 tr|A0A1Q7ZY06|A0A1Q7ZY06_9ACTN Globin OS=Actinobacteria bacterium 13_1_20CM_2_66_18 OX=1803472 GN=AUG05_05050 PE=4 SV=1
A0A0D7X8A8/6-121     -            116 seed_msa             -            157     0.048   12.5   0.0   1   1      0.02     0.066   12.1   0.0    30    77    10    55     8    72 0.84 tr|A0A0D7X8A8|A0A0D7X8A8_9BACL Globin OS=Paenibacillus terrae OX=159743 GN=QD47_06825 PE=4 SV=1
A0A0G3WND8/13-133    -            121 seed_msa             -            157     0.048   12.5   0.0   1   1     0.022     0.071   12.0   0.0    29    70     9    51     7    64 0.85 tr|A0A0G3WND8|A0A0G3WND8_BURPY Cyanoglobin OS=Burkholderia pyrrocinia OX=60550 GN=ABD05_01425 PE=4 SV=1
A9D041/26-129        -            104 seed_msa             -            157     0.049   12.5   0.0   1   1     0.018     0.058   12.2   0.0    33    73    12    53     8    81 0.88 tr|A9D041|A9D041_9GAMM Uncharacterized protein OS=Shewanella benthica KT99 OX=314608 GN=KT99_19719 PE=4 SV=1
A0A088UAS0/13-133    -            121 seed_msa             -            157     0.049   12.5   0.0   1   1     0.022     0.071   11.9   0.0    29    70     9    51     7    64 0.85 tr|A0A088UAS0|A0A088UAS0_9BURK Bacterial-like globin family protein OS=Burkholderia cenocepacia OX=95486 GN=DM39_2379 PE=4 SV=1
A0A0H3KL05/13-133    -            121 seed_msa             -            157     0.049   12.5   0.0   1   1     0.022     0.071   11.9   0.0    29    70     9    51     7    64 0.85 tr|A0A0H3KL05|A0A0H3KL05_BURM1 Oxygen-binding heme protein OS=Burkholderia multivorans (strain ATCC 17616 / 249) OX=395019 GN=BMULJ_02265 PE=4 SV=1
A0A103L0T0/13-133    -            121 seed_msa             -            157     0.049   12.5   0.0   1   1     0.022     0.071   11.9   0.0    29    70     9    51     7    64 0.85 tr|A0A103L0T0|A0A103L0T0_BURCE Cyanoglobin OS=Burkholderia cepacia OX=292 GN=yjbI PE=4 SV=1
A0A132ERH2/13-133    -            121 seed_msa             -            157     0.049   12.5   0.0   1   1     0.022     0.071   11.9   0.0    29    70     9    51     7    64 0.85 tr|A0A132ERH2|A0A132ERH2_9BURK Cyanoglobin OS=Burkholderia pseudomultivorans OX=1207504 GN=WT57_33210 PE=4 SV=1
A0A1B4MSD5/13-133    -            121 seed_msa             -            157     0.049   12.5   0.0   1   1     0.022     0.071   11.9   0.0    29    70     9    51     7    64 0.85 tr|A0A1B4MSD5|A0A1B4MSD5_9BURK Cyanoglobin OS=Burkholderia multivorans OX=87883 GN=C6P79_02890 PE=4 SV=1
A0A1I0KIB3/13-133    -            121 seed_msa             -            157     0.049   12.5   0.0   1   1     0.022     0.071   11.9   0.0    29    70     9    51     7    64 0.85 tr|A0A1I0KIB3|A0A1I0KIB3_9BURK Hemoglobin OS=Burkholderia sp. NFACC38-1 OX=1566268 GN=SAMN03159335_04159 PE=4 SV=1
B1JVS0/13-133        -            121 seed_msa             -            157     0.049   12.5   0.0   1   1     0.022     0.071   11.9   0.0    29    70     9    51     7    64 0.85 tr|B1JVS0|B1JVS0_BURCC Globin OS=Burkholderia cenocepacia (strain MC0-3) OX=406425 GN=Bcenmc03_2302 PE=4 SV=1
B9B516/13-133        -            121 seed_msa             -            157     0.049   12.5   0.0   1   1     0.022     0.071   11.9   0.0    29    70     9    51     7    64 0.85 tr|B9B516|B9B516_9BURK Protozoan/cyanobacterial globin family protein OS=Burkholderia multivorans CGD1 OX=513051 GN=BURMUCGD1_0931 PE=4 SV=1
B9BQ51/13-133        -            121 seed_msa             -            157     0.049   12.5   0.0   1   1     0.022     0.071   11.9   0.0    29    70     9    51     7    64 0.85 tr|B9BQ51|B9BQ51_9BURK Protozoan/cyanobacterial globin family protein OS=Burkholderia multivorans CGD2 OX=513052 GN=BURMUCGD2_1320 PE=4 SV=1
J4SLW5/13-133        -            121 seed_msa             -            157     0.049   12.5   0.0   1   1     0.022     0.071   11.9   0.0    29    70     9    51     7    64 0.85 tr|J4SLW5|J4SLW5_9BURK Globin, protozoan/cyanobacterial family OS=Burkholderia multivorans CF2 OX=985078 GN=BURMUCF2_2288 PE=4 SV=1
F8B0H4/116-226       -            111 seed_msa             -            157     0.049   12.5   0.0   1   1     0.025      0.08   11.8   0.0    32    70     6    46     3    49 0.90 tr|F8B0H4|F8B0H4_FRADG Globin OS=Frankia symbiont subsp. Datisca glomerata OX=656024 GN=FsymDg_2335 PE=4 SV=1
A0A1X7LTU2/7-122     -            116 seed_msa             -            157     0.049   12.5   0.0   1   1     0.021     0.067   12.0   0.0    29    70     9    52     7    71 0.76 tr|A0A1X7LTU2|A0A1X7LTU2_9BACL Hemoglobin OS=Paenibacillus aquistagni OX=1852522 GN=SAMN06295960_4335 PE=4 SV=1
A0A162GC10/11-111    -            101 seed_msa             -            157      0.05   12.5   0.0   1   1     0.029     0.094   11.6   0.0    31    57     2    49     1    91 0.65 tr|A0A162GC10|A0A162GC10_BDEBC Sec-independent protein translocase TatC OS=Bdellovibrio bacteriovorus OX=959 GN=AZI87_00355 PE=4 SV=1
T0S129/46-164        -            119 seed_msa             -            157      0.05   12.5   0.0   1   1     0.024      0.08   11.8   0.0    30    70     8    53     6    56 0.86 tr|T0S129|T0S129_9PROT Globin, protozoan/cyanobacterial family OS=Bacteriovorax sp. DB6_IX OX=1353530 GN=M901_2620 PE=4 SV=1
M0N879/1-112         -            112 seed_msa             -            157      0.05   12.4   0.0   1   1     0.076      0.25   10.2   0.0    30    69     9    47     6    59 0.75 tr|M0N879|M0N879_9EURY Globin OS=Halococcus thailandensis JCM 13552 OX=1227457 GN=C451_10600 PE=4 SV=1
M0E6V3/6-116         -            111 seed_msa             -            157      0.05   12.4   0.0   1   1     0.022      0.07   12.0   0.0    30    77    10    56     8   106 0.79 tr|M0E6V3|M0E6V3_9EURY Globin OS=Halorubrum saccharovorum DSM 1137 OX=1227484 GN=C471_02285 PE=4 SV=1
Q3IFR0/24-136        -            113 seed_msa             -            157      0.05   12.4   0.0   1   1     0.018      0.06   12.2   0.0    30    78    10    57     7    92 0.91 tr|Q3IFR0|Q3IFR0_PSEHT Putative protozoan/cyanobacterial globin family protein OS=Pseudoalteromonas haloplanktis (strain TAC 125) OX=326442 GN=PSHAa0458 PE=4 SV=1
A0A1R4KCS1/24-136    -            113 seed_msa             -            157      0.05   12.4   0.0   1   1     0.018      0.06   12.2   0.0    30    78    10    57     7    91 0.91 tr|A0A1R4KCS1|A0A1R4KCS1_9GAMM Cyanoglobin Hemoglobin-like protein HbN OS=Pseudoalteromonas sp. JB197 OX=1434839 GN=CZ797_10760 PE=4 SV=1
A0A1A3PXT0/20-132    -            113 seed_msa             -            157      0.05   12.4   0.0   1   1     0.037      0.12   11.2   0.0    31    70    11    49     8   110 0.87 tr|A0A1A3PXT0|A0A1A3PXT0_9MYCO Group 1 truncated hemoglobin OS=Mycobacterium sp. 1245111.1 OX=1834073 GN=A5658_25380 PE=3 SV=1
A0A268S8W2/6-120     -            115 seed_msa             -            157      0.05   12.4   0.0   1   1     0.019     0.062   12.1   0.0    30   102    10    82     8   101 0.79 tr|A0A268S8W2|A0A268S8W2_9BACL Globin OS=Paenibacillus sp. 7516 OX=2022549 GN=CHI14_24715 PE=4 SV=1
Q9RVM5/11-128        -            118 seed_msa             -            157     0.051   12.4   0.0   1   1     0.027     0.088   11.6   0.0    34    62    13    39     6    66 0.77 tr|Q9RVM5|Q9RVM5_DEIRA Uncharacterized protein OS=Deinococcus radiodurans (strain ATCC 13939 / DSM 20539 / JCM 16871 / LMG 4051 / NBRC 15346 / NCIMB 9279 / R1 / VKM B-1422) OX=243230 GN=DR_1002 PE=4 SV=1
A0A1A2G693/14-126    -            113 seed_msa             -            157     0.051   12.4   0.0   1   1     0.036      0.12   11.2   0.0    30    73    10    52     8   109 0.83 tr|A0A1A2G693|A0A1A2G693_9MYCO Group 1 truncated hemoglobin OS=Mycobacterium sp. 852002-51057_SCH5723018 OX=1834094 GN=A5764_06440 PE=3 SV=1
A0A1X1TF05/7-124     -            118 seed_msa             -            157     0.051   12.4   0.0   1   1     0.024     0.079   11.8   0.0    30    70    10    53     7    62 0.90 tr|A0A1X1TF05|A0A1X1TF05_9MYCO Uncharacterized protein OS=Mycobacterium conspicuum OX=44010 GN=AWC00_10645 PE=4 SV=1
A0A063UCZ5/18-138    -            121 seed_msa             -            157     0.052   12.4   0.0   1   1     0.047      0.15   10.9   0.0    29    82     9    61     8    66 0.86 tr|A0A063UCZ5|A0A063UCZ5_BORBO Globin, protozoan/cyanobacterial family OS=Bordetella bronchiseptica OSU553 OX=1331242 GN=L533_3656 PE=4 SV=1
A0A0C6P175/18-138    -            121 seed_msa             -            157     0.052   12.4   0.0   1   1     0.047      0.15   10.9   0.0    29    82     9    61     8    66 0.86 tr|A0A0C6P175|A0A0C6P175_BORBO Globin-like protein OS=Bordetella bronchiseptica 253 OX=568707 GN=BN112_1222 PE=4 SV=1
A0A0E8BNM1/18-138    -            121 seed_msa             -            157     0.052   12.4   0.0   1   1     0.047      0.15   10.9   0.0    29    82     9    61     8    66 0.86 tr|A0A0E8BNM1|A0A0E8BNM1_BORPT Globin-like protein OS=Bordetella pertussis OX=520 GN=glbO PE=4 SV=1
A0A0H3LXT6/18-138    -            121 seed_msa             -            157     0.052   12.4   0.0   1   1     0.047      0.15   10.9   0.0    29    82     9    61     8    66 0.86 tr|A0A0H3LXT6|A0A0H3LXT6_BORBR Globin-like protein OS=Bordetella bronchiseptica (strain ATCC BAA-588 / NCTC 13252 / RB50) OX=257310 GN=BB3419 PE=4 SV=1
A0A0N2IPE4/18-138    -            121 seed_msa             -            157     0.052   12.4   0.0   1   1     0.047      0.15   10.9   0.0    29    82     9    61     8    66 0.86 tr|A0A0N2IPE4|A0A0N2IPE4_BORPT Globin, protozoan/cyanobacterial family OS=Bordetella pertussis H921 OX=1331266 GN=L548_3092 PE=4 SV=1
A0A0T7CQC5/18-138    -            121 seed_msa             -            157     0.052   12.4   0.0   1   1     0.047      0.15   10.9   0.0    29    82     9    61     8    66 0.86 tr|A0A0T7CQC5|A0A0T7CQC5_BORP1 Globin-like protein OS=Bordetella pertussis (strain ATCC 9797 / DSM 5571 / NCTC 10739 / 18323) OX=568706 GN=BN118_2275 PE=4 SV=1
A0A171K453/18-138    -            121 seed_msa             -            157     0.052   12.4   0.0   1   1     0.047      0.15   10.9   0.0    29    82     9    61     8    66 0.86 tr|A0A171K453|A0A171K453_BORPT Globin, protozoan/cyanobacterial family OS=Bordetella pertussis 2356847 OX=1331248 GN=AZ26_2708 PE=4 SV=1
A0A1M9J136/18-138    -            121 seed_msa             -            157     0.052   12.4   0.0   1   1     0.047      0.15   10.9   0.0    29    82     9    61     8    66 0.86 tr|A0A1M9J136|A0A1M9J136_9MYCO Globin (Oxygen-binding protein) GlbO OS=Mycobacteroides abscessus subsp. abscessus OX=1185650 GN=glbO_2 PE=4 SV=1
K0MEA5/18-138        -            121 seed_msa             -            157     0.052   12.4   0.0   1   1     0.047      0.15   10.9   0.0    29    82     9    61     8    66 0.86 tr|K0MEA5|K0MEA5_BORPB Globin-like protein OS=Bordetella parapertussis (strain Bpp5) OX=1208660 GN=BN117_1707 PE=4 SV=1
Q7VWB0/18-138        -            121 seed_msa             -            157     0.052   12.4   0.0   1   1     0.047      0.15   10.9   0.0    29    82     9    61     8    66 0.86 tr|Q7VWB0|Q7VWB0_BORPE Globin-like protein OS=Bordetella pertussis (strain Tohama I / ATCC BAA-589 / NCTC 13251) OX=257313 GN=BP2350 PE=4 SV=1
Q7W9R6/18-138        -            121 seed_msa             -            157     0.052   12.4   0.0   1   1     0.047      0.15   10.9   0.0    29    82     9    61     8    66 0.86 tr|Q7W9R6|Q7W9R6_BORPA Globin-like protein OS=Bordetella parapertussis (strain 12822 / ATCC BAA-587 / NCTC 13253) OX=257311 GN=BPP1689 PE=4 SV=1
A0A095FHJ7/13-133    -            121 seed_msa             -            157     0.052   12.4   0.0   1   1     0.023     0.076   11.9   0.0    29    70     9    51     7    64 0.87 tr|A0A095FHJ7|A0A095FHJ7_BURCE Bacterial-like globin family protein OS=Burkholderia cepacia OX=292 GN=DM43_5090 PE=4 SV=1
A0A104CCA1/13-133    -            121 seed_msa             -            157     0.052   12.4   0.0   1   1     0.023     0.076   11.9   0.0    29    70     9    51     7    64 0.87 tr|A0A104CCA1|A0A104CCA1_9BURK Cyanoglobin OS=Burkholderia sp. MSMB1835 OX=1637876 GN=WS96_15910 PE=4 SV=1
A0A1Q3DSI1/6-121     -            116 seed_msa             -            157     0.052   12.4   0.0   1   1     0.033      0.11   11.4   0.0    34    70    14    53     8    55 0.89 tr|A0A1Q3DSI1|A0A1Q3DSI1_CORGT Hemoglobin-like protein OS=Corynebacterium glutamicum OX=1718 GN=CS176_2187 PE=4 SV=1
A0A0J7Z3C7/13-130    -            118 seed_msa             -            157     0.052   12.4   0.0   1   1     0.038      0.12   11.2   0.0    30    70    10    53     6    58 0.90 tr|A0A0J7Z3C7|A0A0J7Z3C7_STRVR Globin OS=Streptomyces viridochromogenes OX=1938 GN=ACM01_31880 PE=4 SV=1
M0MTS8/1-112         -            112 seed_msa             -            157     0.052   12.4   0.0   1   1     0.076      0.25   10.2   0.0    30    69     9    47     6    59 0.75 tr|M0MTS8|M0MTS8_HALMO Globin OS=Halococcus morrhuae DSM 1307 OX=931277 GN=C448_02728 PE=4 SV=1
A0A1R1G4B9/6-121     -            116 seed_msa             -            157     0.052   12.4   0.0   1   1     0.019     0.062   12.1   0.0    30    75    10    53     8   103 0.74 tr|A0A1R1G4B9|A0A1R1G4B9_9BACL Globin OS=Paenibacillus sp. FSL R7-0333 OX=1926587 GN=BK146_21750 PE=4 SV=1
W4EEB3/6-121         -            116 seed_msa             -            157     0.052   12.4   0.0   1   1     0.019     0.062   12.1   0.0    30    75    10    53     8   103 0.74 tr|W4EEB3|W4EEB3_9BACL Globin OS=Paenibacillus sp. FSL R7-277 OX=1227352 GN=C173_02464 PE=4 SV=1
A0A132EIW9/13-133    -            121 seed_msa             -            157     0.052   12.4   0.0   1   1     0.024     0.077   11.8   0.0    29    70     9    51     7    62 0.85 tr|A0A132EIW9|A0A132EIW9_9BURK Cyanoglobin OS=Burkholderia pseudomultivorans OX=1207504 GN=WT56_11380 PE=4 SV=1
A0A0Q8XTY0/5-119     -            115 seed_msa             -            157     0.052   12.4   0.0   1   1      0.03     0.098   11.5   0.0    32    70    12    53     8    58 0.89 tr|A0A0Q8XTY0|A0A0Q8XTY0_9MICO Globin OS=Terrabacter sp. Root85 OX=1736603 GN=ASE25_19870 PE=4 SV=1
A0A0Q9U008/5-119     -            115 seed_msa             -            157     0.052   12.4   0.0   1   1      0.03     0.098   11.5   0.0    32    70    12    53     8    58 0.89 tr|A0A0Q9U008|A0A0Q9U008_9MICO Globin OS=Terrabacter sp. Soil811 OX=1736419 GN=ASH01_10635 PE=4 SV=1
A0A240U107/17-135    -            119 seed_msa             -            157     0.052   12.4   0.0   1   1     0.019     0.061   12.2   0.0    29    73     7    52     5    90 0.86 tr|A0A240U107|A0A240U107_9BURK Globin OS=Acidovorax carolinensis OX=553814 GN=CBP34_04305 PE=4 SV=1
A0A240UAX7/17-135    -            119 seed_msa             -            157     0.052   12.4   0.0   1   1     0.019     0.061   12.2   0.0    29    73     7    52     5    90 0.86 tr|A0A240UAX7|A0A240UAX7_9BURK Globin OS=Acidovorax carolinensis OX=553814 GN=CBP33_04360 PE=4 SV=1
A0A268K437/7-106     -            100 seed_msa             -            157     0.052   12.4   0.0   1   1     0.018     0.059   12.2   0.0    29    66     9    47     7    71 0.87 tr|A0A268K437|A0A268K437_9BACI Globin OS=Bacillus sp. 7884-1 OX=2021693 GN=CHI06_13280 PE=4 SV=1
I2ITF6/5-125         -            121 seed_msa             -            157     0.053   12.4   0.0   1   1     0.017     0.055   12.3   0.0    29    76     9    57     7   114 0.89 tr|I2ITF6|I2ITF6_9BURK Hemoglobin OS=Burkholderia sp. Ch1-1 OX=243261 GN=BCh11DRAFT_01804 PE=4 SV=1
A0A1G9UMZ9/7-105     -             99 seed_msa             -            157     0.053   12.4   0.0   1   1      0.02     0.066   12.0   0.0    29    66     9    47     7    62 0.87 tr|A0A1G9UMZ9|A0A1G9UMZ9_9BACI Hemoglobin OS=Bacillus sp. OK048 OX=1882761 GN=SAMN05443253_104256 PE=4 SV=1
A0A1H8SEM6/2-107     -            106 seed_msa             -            157     0.053   12.4   0.0   1   1     0.027     0.088   11.7   0.0    31    55    11    35     9    96 0.80 tr|A0A1H8SEM6|A0A1H8SEM6_9ACTN Group 1 truncated hemoglobin OS=Blastococcus endophyticus OX=673521 GN=SAMN05660991_01649 PE=3 SV=1
A0A069EX88/3-110     -            108 seed_msa             -            157     0.053   12.4   0.0   1   1     0.019      0.06   12.2   0.0    31    86    11    62     7    99 0.78 tr|A0A069EX88|A0A069EX88_9BACL Globin OS=Exiguobacterium sp. AB2 OX=1484479 GN=DI14_10335 PE=4 SV=1
A0A1I0LJE6/7-106     -            100 seed_msa             -            157     0.054   12.3   0.0   1   1     0.036      0.12   11.2   0.0    30   117     9    91     6    97 0.78 tr|A0A1I0LJE6|A0A1I0LJE6_9ACTN Hemoglobin OS=Nonomuraea wenchangensis OX=568860 GN=SAMN05421811_11812 PE=4 SV=1
A0A290SI00/24-136    -            113 seed_msa             -            157     0.054   12.3   0.0   1   1     0.027     0.087   11.7   0.0    31    77    11    56     8    74 0.91 tr|A0A290SI00|A0A290SI00_9GAMM Hemoglobin OS=Pseudoalteromonas issachenkonii OX=152297 GN=glbN PE=4 SV=1
A0A290TCD6/24-136    -            113 seed_msa             -            157     0.054   12.3   0.0   1   1     0.027     0.087   11.7   0.0    31    77    11    56     8    74 0.91 tr|A0A290TCD6|A0A290TCD6_9GAMM Hemoglobin OS=Pseudoalteromonas tetraodonis OX=43659 GN=glbN PE=4 SV=1
A0A0Q5GK20/46-156    -            111 seed_msa             -            157     0.054   12.3   0.0   1   1      0.03     0.099   11.5   0.0    32   113    11    87     7    93 0.80 tr|A0A0Q5GK20|A0A0Q5GK20_9XANT Globin OS=Xanthomonas sp. Leaf131 OX=1736270 GN=ASF73_20700 PE=4 SV=1
M4Z5P5/5-123         -            119 seed_msa             -            157     0.054   12.3   0.0   1   1     0.038      0.12   11.2   0.0    32    74    10    53     6    61 0.90 tr|M4Z5P5|M4Z5P5_9BRAD Uncharacterized protein OS=Bradyrhizobium oligotrophicum S58 OX=1245469 GN=S58_23000 PE=4 SV=1
A0A0A7KL12/8-123     -            116 seed_msa             -            157     0.054   12.3   0.0   1   1     0.034      0.11   11.3   0.0    31    61    10    46     3    61 0.74 tr|A0A0A7KL12|A0A0A7KL12_9DEIO Globin OS=Deinococcus swuensis OX=1182571 GN=QR90_09375 PE=4 SV=1
A0A089N9M0/6-115     -            110 seed_msa             -            157     0.055   12.3   0.0   1   1     0.018      0.06   12.2   0.0    32    66    12    46     8    94 0.81 tr|A0A089N9M0|A0A089N9M0_9BACL Globin OS=Paenibacillus stellifer OX=169760 GN=PSTEL_22510 PE=4 SV=1
W9DVA8/4-116         -            113 seed_msa             -            157     0.055   12.3   0.1   1   1     0.027     0.089   11.6   0.1    30    74    10    53     7   110 0.73 tr|W9DVA8|W9DVA8_PELUQ Group 1 truncated hemoglobin OS=Candidatus Pelagibacter ubique HIMB083 OX=1096769 GN=Pelub83DRAFT_0011 PE=3 SV=1
A0A228GUS3/13-133    -            121 seed_msa             -            157     0.055   12.3   0.0   1   1     0.025      0.08   11.8   0.0    29    70     9    51     7    64 0.84 tr|A0A228GUS3|A0A228GUS3_9BURK Cyanoglobin OS=Burkholderia sp. AU15512 OX=2015345 GN=CFB43_12850 PE=4 SV=1
A0A1I1FTZ9/17-137    -            121 seed_msa             -            157     0.055   12.3   0.0   1   1     0.041      0.13   11.1   0.0    29    70     9    51     7    67 0.87 tr|A0A1I1FTZ9|A0A1I1FTZ9_9BURK Hemoglobin OS=Cupriavidus sp. OV038 OX=1855313 GN=SAMN05216321_102515 PE=4 SV=1
A0A2E6Q2F5/14-131    -            118 seed_msa             -            157     0.055   12.3   0.0   1   1     0.023     0.077   11.8   0.0    29    68     7    47     5    62 0.80 tr|A0A2E6Q2F5|A0A2E6Q2F5_9BACT Uncharacterized protein OS=Phycisphaerae bacterium OX=2026778 GN=CMJ37_03905 PE=4 SV=1
Q1IY16/12-128        -            117 seed_msa             -            157     0.055   12.3   0.0   1   1     0.067      0.22   10.4   0.0    31    59    10    44     4    54 0.76 tr|Q1IY16|Q1IY16_DEIGD Globin OS=Deinococcus geothermalis (strain DSM 11300) OX=319795 GN=Dgeo_1573 PE=4 SV=1
A0A177XHU8/7-124     -            118 seed_msa             -            157     0.055   12.3   0.0   1   1     0.025     0.081   11.8   0.0    30    77    10    55     7    62 0.82 tr|A0A177XHU8|A0A177XHU8_9BACL Globin OS=Brevibacillus sp. SKDU10 OX=1247872 GN=AYJ08_18970 PE=4 SV=1
A0A1A0LU10/14-127    -            114 seed_msa             -            157     0.055   12.3   0.0   1   1     0.031       0.1   11.5   0.0    30    73    10    52     8   109 0.83 tr|A0A1A0LU10|A0A1A0LU10_9MYCO Group 1 truncated hemoglobin OS=Mycobacterium sp. 1554424.7 OX=1834082 GN=A5641_20840 PE=3 SV=1
A0A1B1YWN7/1-117     -            117 seed_msa             -            157     0.056   12.3   0.0   1   1     0.028     0.092   11.6   0.0    29    72     8    52     7    64 0.89 tr|A0A1B1YWN7|A0A1B1YWN7_9GAMM Uncharacterized protein OS=Immundisolibacter cernigliae OX=1810504 GN=PG2T_13125 PE=4 SV=1
A0A1R4FWH4/17-131    -            115 seed_msa             -            157     0.056   12.3   0.0   1   1     0.039      0.13   11.1   0.0    32    71    10    51     6   114 0.95 tr|A0A1R4FWH4|A0A1R4FWH4_9ACTO Hemoglobin-like protein HbO OS=Actinomycetales bacterium JB111 OX=1434822 GN=CZ771_11605 PE=4 SV=1
A0A261W288/18-138    -            121 seed_msa             -            157     0.056   12.3   0.0   1   1      0.03     0.098   11.5   0.0    29    66     9    47     7    64 0.85 tr|A0A261W288|A0A261W288_9BORD Hemoglobin-like protein OS=Bordetella genomosp. 2 OX=1983456 GN=CAL24_07160 PE=4 SV=1
A0A0C1XR71/3-118     -            116 seed_msa             -            157     0.056   12.3   0.0   1   1     0.022     0.072   11.9   0.0    28    76     7    53     3    67 0.77 tr|A0A0C1XR71|A0A0C1XR71_9CYAN Globin OS=Hassallia byssoidea VB512170 OX=1304833 GN=PI95_25530 PE=4 SV=1
A0A1R2D447/2-113     -            112 seed_msa             -            157     0.057   12.3   0.0   1   1     0.031       0.1   11.5   0.0    30   117    10    92     7   111 0.82 tr|A0A1R2D447|A0A1R2D447_9CILI Uncharacterized protein OS=Stentor coeruleus OX=5963 GN=SteCoe_554 PE=4 SV=1
A0A0Q7CXB8/13-136    -            124 seed_msa             -            157     0.057   12.3   0.0   1   1     0.025     0.082   11.7   0.0    29    71     7    50     6    64 0.89 tr|A0A0Q7CXB8|A0A0Q7CXB8_9BURK Globin OS=Variovorax sp. Root411 OX=1736530 GN=ASC92_23770 PE=4 SV=1
A0A1X1QMQ4/4-119     -            116 seed_msa             -            157     0.057   12.3   0.0   1   1     0.022     0.071   12.0   0.0    29    72     9    51     7   107 0.68 tr|A0A1X1QMQ4|A0A1X1QMQ4_9GAMM Group 1 truncated hemoglobin OS=Cycloclasticus sp. symbiont of Bathymodiolus heckerae OX=1284675 GN=A6F70_02630 PE=3 SV=1
A0A228K200/13-133    -            121 seed_msa             -            157     0.057   12.3   0.0   1   1     0.025     0.083   11.7   0.0    29    70     9    51     7    64 0.84 tr|A0A228K200|A0A228K200_9BURK Cyanoglobin OS=Burkholderia sp. AU27893 OX=2015351 GN=CFB47_13370 PE=4 SV=1
A0A228PP22/13-133    -            121 seed_msa             -            157     0.057   12.3   0.0   1   1     0.025     0.083   11.7   0.0    29    70     9    51     7    64 0.84 tr|A0A228PP22|A0A228PP22_9BURK Cyanoglobin OS=Burkholderia sp. AU6039 OX=2015344 GN=CFB39_12910 PE=4 SV=1
A0A248VXE5/5-125     -            121 seed_msa             -            157     0.057   12.3   0.0   1   1     0.029     0.094   11.6   0.0    29    74     9    55     7    67 0.88 tr|A0A248VXE5|A0A248VXE5_9BURK Globin OS=Paraburkholderia aromaticivorans OX=2026199 GN=CJU94_33000 PE=4 SV=1
Q39EB6/13-133        -            121 seed_msa             -            157     0.057   12.3   0.0   1   1     0.025     0.083   11.7   0.0    29    70     9    51     7    64 0.84 tr|Q39EB6|Q39EB6_BURL3 Globin-like protein OS=Burkholderia lata (strain ATCC 17760 / DSM 23089 / LMG 22485 / NCIMB 9086 / R18194 / 383) OX=482957 GN=Bcep18194_A5606 PE=4 SV=1
Q740T9/14-126        -            113 seed_msa             -            157     0.057   12.3   0.0   1   1     0.031       0.1   11.5   0.0    30    73    10    52     8   107 0.85 sp|Q740T9|TRHBN_MYCPA Group 1 truncated hemoglobin GlbN OS=Mycolicibacterium paratuberculosis (strain ATCC BAA-968 / K-10) OX=262316 GN=glbN PE=3 SV=1
A0A1I1S2Z6/6-123     -            118 seed_msa             -            157     0.057   12.2   0.0   1   1     0.026     0.084   11.7   0.0    31    72    11    50     9    62 0.74 tr|A0A1I1S2Z6|A0A1I1S2Z6_9BACI Hemoglobin OS=Lentibacillus persicus OX=640948 GN=SAMN05216238_101108 PE=4 SV=1
A0A162IJF7/24-135    -            112 seed_msa             -            157     0.057   12.2   0.0   1   1     0.023     0.075   11.9   0.0    29    78     9    57     7   104 0.87 tr|A0A162IJF7|A0A162IJF7_9GAMM Globin OS=Pseudoalteromonas shioyasakiensis OX=1190813 GN=A3733_20690 PE=4 SV=1
A0A075QVW0/7-124     -            118 seed_msa             -            157     0.058   12.2   0.0   1   1     0.026     0.084   11.7   0.0    30    77    10    55     7    61 0.82 tr|A0A075QVW0|A0A075QVW0_BRELA Hemoglobin-like protein YjbI OS=Brevibacillus laterosporus LMG 15441 OX=1042163 GN=yjbI PE=4 SV=1
H0UG21/7-124         -            118 seed_msa             -            157     0.058   12.2   0.0   1   1     0.026     0.084   11.7   0.0    30    77    10    55     7    61 0.82 tr|H0UG21|H0UG21_BRELA Group 2 truncated hemoglobin yjbI OS=Brevibacillus laterosporus GI-9 OX=1118154 GN=yjbI PE=4 SV=1
A6G520/3-118         -            116 seed_msa             -            157     0.058   12.2   0.0   1   1     0.025     0.082   11.8   0.0    29    57     9    44     7   112 0.74 tr|A6G520|A6G520_9DELT Group 1 truncated hemoglobin OS=Plesiocystis pacifica SIR-1 OX=391625 GN=PPSIR1_10930 PE=3 SV=1
A0A0A0DVP9/15-135    -            121 seed_msa             -            157     0.058   12.2   0.0   1   1      0.03     0.097   11.5   0.0    32    74    12    55     8    64 0.89 tr|A0A0A0DVP9|A0A0A0DVP9_9BURK Uncharacterized protein OS=Aquabacterium sp. NJ1 OX=1538295 GN=JY96_15315 PE=4 SV=1
A6VWA4/28-140        -            113 seed_msa             -            157     0.058   12.2   0.0   1   1     0.027     0.087   11.7   0.0    29    72     9    51     7    69 0.89 tr|A6VWA4|A6VWA4_MARMS Group 1 truncated hemoglobin OS=Marinomonas sp. (strain MWYL1) OX=400668 GN=Mmwyl1_1809 PE=3 SV=1
A0A0N1KYW2/21-139    -            119 seed_msa             -            157     0.059   12.2   0.0   1   1     0.024     0.077   11.8   0.0    29   122     7   105     3   117 0.87 tr|A0A0N1KYW2|A0A0N1KYW2_9PROT Uncharacterized protein OS=beta proteobacterium AAP51 OX=1523421 GN=D621_18370 PE=4 SV=1
A0A228IXT8/13-133    -            121 seed_msa             -            157     0.059   12.2   0.0   1   1     0.028     0.091   11.6   0.0    29    69     9    50     7    59 0.85 tr|A0A228IXT8|A0A228IXT8_9BURK Cyanoglobin OS=Burkholderia sp. AU17325 OX=2015348 GN=CFB84_13130 PE=4 SV=1
A0A078ABH4/3-110     -            108 seed_msa             -            157     0.059   12.2   0.0   1   1     0.028     0.092   11.6   0.0    29    67     9    50     7    56 0.86 tr|A0A078ABH4|A0A078ABH4_STYLE Group 1 truncated hemoglobin OS=Stylonychia lemnae OX=5949 GN=Contig5811.g6222 PE=3 SV=1
W7L3I4/6-105         -            100 seed_msa             -            157     0.059   12.2   0.0   1   1     0.025     0.082   11.8   0.0    30    73    10    51     8    62 0.76 tr|W7L3I4|W7L3I4_BACFI Uncharacterized protein OS=Bacillus firmus DS1 OX=1307436 GN=PBF_15749 PE=4 SV=1
A0A167ICM3/14-132    -            119 seed_msa             -            157     0.059   12.2   0.0   1   1     0.018     0.059   12.2   0.0    29    77     7    56     5   108 0.82 tr|A0A167ICM3|A0A167ICM3_9BURK Globin OS=Hydrogenophaga crassostreae OX=1763535 GN=LPB072_05930 PE=4 SV=1
G8IRI1/547-660       -            114 seed_msa             -            157      0.06   12.2   0.0   1   1     0.024     0.079   11.8   0.0    30    73    10    53     8   107 0.79 tr|G8IRI1|G8IRI1_HETAK NR2-2/2HbN OS=Heterosigma akashiwo OX=2829 PE=2 SV=1
A0A0P6CEF2/3-118     -            116 seed_msa             -            157      0.06   12.2   0.0   1   1     0.027     0.087   11.7   0.0    29    76     9    55     7    73 0.81 tr|A0A0P6CEF2|A0A0P6CEF2_9CRUS Uncharacterized protein OS=Daphnia magna OX=35525 PE=4 SV=1
A0A0H4X648/8-124     -            117 seed_msa             -            157      0.06   12.2   0.0   1   1     0.028     0.093   11.6   0.0    29    77     9    56     7    65 0.87 tr|A0A0H4X648|A0A0H4X648_9DELT Group 1 truncated hemoglobin OS=Myxococcus hansupus OX=1297742 GN=A176_007636 PE=3 SV=1
A0A0U2PCY2/25-145    -            121 seed_msa             -            157     0.061   12.2   0.0   1   1     0.039      0.13   11.1   0.0    29    71     9    52     7    65 0.86 tr|A0A0U2PCY2|A0A0U2PCY2_9BURK Cyanoglobin OS=Pandoraea norimbergensis OX=93219 GN=AT302_16910 PE=4 SV=1
A0A1F4H041/14-132    -            119 seed_msa             -            157     0.061   12.2   0.0   1   1     0.021     0.069   12.0   0.0    29    76     7    55     5    84 0.89 tr|A0A1F4H041|A0A1F4H041_9BURK Globin OS=Burkholderiales bacterium GWF1_66_17 OX=1797551 GN=A2X72_03910 PE=4 SV=1
A0A1H8MDI8/9-129     -            121 seed_msa             -            157     0.061   12.2   0.0   1   1     0.026     0.086   11.7   0.0    30    76    10    57     8   119 0.89 tr|A0A1H8MDI8|A0A1H8MDI8_9BRAD Hemoglobin OS=Bradyrhizobium sp. OK095 OX=1882760 GN=SAMN05443254_11973 PE=4 SV=1
A0A0B4BHV5/4-111     -            108 seed_msa             -            157     0.061   12.2   0.0   1   1      0.04      0.13   11.1   0.0    31   130    11   100    10   107 0.74 tr|A0A0B4BHV5|A0A0B4BHV5_9RHOB Globin OS=Leisingera sp. ANG-Vp OX=1577896 GN=RA20_20525 PE=4 SV=1
A0A244EEJ7/13-136    -            124 seed_msa             -            157     0.062   12.2   0.0   1   1     0.027     0.089   11.6   0.0    29    71     7    50     6    63 0.89 tr|A0A244EEJ7|A0A244EEJ7_9BURK Globin OS=Variovorax sp. JS1663 OX=1851577 GN=A8M77_10595 PE=4 SV=1
A0A2A2UXS7/24-136    -            113 seed_msa             -            157     0.062   12.2   0.0   1   1     0.022      0.07   12.0   0.0    33    79    13    58     9   106 0.94 tr|A0A2A2UXS7|A0A2A2UXS7_9GAMM Group 1 truncated hemoglobin OS=Pseudoalteromonas sp. HM-SA03 OX=2029678 GN=CKO50_09890 PE=4 SV=1
A0A1C2G2R2/5-116     -            112 seed_msa             -            157     0.062   12.1   0.0   1   1     0.025      0.08   11.8   0.0    29    80     8    56     6    96 0.80 tr|A0A1C2G2R2|A0A1C2G2R2_9GAMM Group 1 truncated hemoglobin OS=Acidiferrobacter thiooxydans OX=163359 GN=A9R16_09700 PE=3 SV=1
A0A0B4EB43/4-110     -            107 seed_msa             -            157     0.062   12.1   0.0   1   1     0.062       0.2   10.5   0.0    31    86    11    67    10   107 0.71 tr|A0A0B4EB43|A0A0B4EB43_9RHOB Globin OS=Leisingera sp. ANG1 OX=1002340 GN=GC1_01330 PE=4 SV=1
M4ZTZ4/18-115        -             98 seed_msa             -            157     0.062   12.1   0.0   1   1     0.024     0.078   11.8   0.0    30    73     8    52     6    65 0.87 tr|M4ZTZ4|M4ZTZ4_9BRAD Putative protozoan/cyanobacterial globin family OS=Bradyrhizobium oligotrophicum S58 OX=1245469 GN=S58_37940 PE=4 SV=1
A0A0W1AFS7/4-119     -            116 seed_msa             -            157     0.062   12.1   0.1   1   1     0.056      0.18   10.6   0.0    30    64    10    45     7    73 0.83 tr|A0A0W1AFS7|A0A0W1AFS7_9GAMM Group 1 truncated hemoglobin OS=Legionella worsleiensis OX=45076 GN=Lwor_1090 PE=3 SV=1
A0A1E4A7I1/12-128    -            117 seed_msa             -            157     0.062   12.1   0.0   1   1     0.029     0.095   11.5   0.0    31    64    11    44     8    62 0.75 tr|A0A1E4A7I1|A0A1E4A7I1_9BACT Globin OS=Cytophagaceae bacterium SCN 52-12 OX=1660162 GN=ABS46_06315 PE=4 SV=1
A0A1H0XUI6/21-139    -            119 seed_msa             -            157     0.062   12.1   0.0   1   1     0.033      0.11   11.4   0.0    34    70    14    53     8    58 0.91 tr|A0A1H0XUI6|A0A1H0XUI6_9ACTN Hemoglobin OS=Quadrisphaera sp. DSM 44207 OX=1881057 GN=SAMN05428996_0291 PE=4 SV=1
A0A2H0I6X6/4-119     -            116 seed_msa             -            157     0.062   12.1   0.0   1   1     0.022     0.072   11.9   0.0    29    70     9    49     7   113 0.78 tr|A0A2H0I6X6|A0A2H0I6X6_9GAMM Group 1 truncated hemoglobin OS=Gammaproteobacteria bacterium CG12_big_fil_rev_8_21_14_0_65_46_12 OX=1974024 GN=COW05_09345 PE=3 SV=1
A0A0F7JLC5/12-128    -            117 seed_msa             -            157     0.062   12.1   0.0   1   1     0.038      0.12   11.2   0.0    31    60    10    45     4    61 0.81 tr|A0A0F7JLC5|A0A0F7JLC5_9DEIO Globin OS=Deinococcus soli Cha et al. 2016 OX=1309411 GN=SY84_04690 PE=4 SV=1
A0A061LXB4/25-142    -            118 seed_msa             -            157     0.063   12.1   0.0   1   1     0.047      0.15   10.9   0.0    30    71    10    54     5    62 0.91 tr|A0A061LXB4|A0A061LXB4_9MICO Globin OS=Leucobacter sp. UCD-THU OX=1292023 GN=H490_0111730 PE=4 SV=1
A0A1X9NN75/9-123     -            115 seed_msa             -            157     0.064   12.1   0.0   1   1     0.031       0.1   11.5   0.0    30    72     5    48     2    60 0.87 tr|A0A1X9NN75|A0A1X9NN75_9GAMM Globin OS=Oceanicoccus sagamiensis OX=716816 GN=BST96_15215 PE=4 SV=1
A0A098MFM4/6-115     -            110 seed_msa             -            157     0.064   12.1   0.0   1   1     0.021     0.068   12.0   0.0    32    74    12    52     8    98 0.80 tr|A0A098MFM4|A0A098MFM4_9BACL Globin OS=Paenibacillus wynnii OX=268407 GN=PWYN_01285 PE=4 SV=1
A0A228R482/13-133    -            121 seed_msa             -            157     0.064   12.1   0.0   1   1     0.029     0.093   11.6   0.0    29    70     9    51     7    64 0.84 tr|A0A228R482|A0A228R482_9BURK Cyanoglobin OS=Burkholderia sp. HI2714 OX=2015359 GN=CFB82_13050 PE=4 SV=1
E8U893/9-125         -            117 seed_msa             -            157     0.065   12.1   0.0   1   1     0.047      0.15   10.9   0.0    30    56     9    35     3    54 0.81 tr|E8U893|E8U893_DEIML Globin OS=Deinococcus maricopensis (strain DSM 21211 / LMG 22137 / NRRL B-23946 / LB-34) OX=709986 GN=Deima_1633 PE=4 SV=1
Q3SEA1/38-149        -            112 seed_msa             -            157     0.065   12.1   0.0   1   1     0.038      0.13   11.1   0.0    29    57     8    39     6   110 0.80 tr|Q3SEA1|Q3SEA1_PARTE Group 1 truncated hemoglobin OS=Paramecium tetraurelia OX=5888 GN=GSPATT00010635001 PE=3 SV=1
A0A2A2F5W6/1-111     -            111 seed_msa             -            157     0.065   12.1   0.0   1   1     0.047      0.15   10.9   0.0    30   117     9    87     6   107 0.71 tr|A0A2A2F5W6|A0A2A2F5W6_9EURY Group 1 truncated hemoglobin OS=Halorubrum sp. WN019 OX=2032630 GN=CK500_15585 PE=4 SV=1
A0A1G7ULY6/93-205    -            113 seed_msa             -            157     0.065   12.1   0.0   1   1     0.054      0.18   10.7   0.0    29   115     9    90     7   101 0.83 tr|A0A1G7ULY6|A0A1G7ULY6_9GAMM Hemoglobin OS=Halomonas taeanensis OX=284577 GN=SAMN05216571_11535 PE=4 SV=1
A0A1Q8CCD8/2-114     -            113 seed_msa             -            157     0.065   12.1   0.0   1   1     0.025      0.08   11.8   0.0    30    72    10    51     8    74 0.84 tr|A0A1Q8CCD8|A0A1Q8CCD8_9PSEU Group 1 truncated hemoglobin OS=Actinophytocola xinjiangensis OX=485602 GN=BLA60_08125 PE=3 SV=1
A0A089K358/6-120     -            115 seed_msa             -            157     0.065   12.1   0.0   1   1     0.025     0.083   11.7   0.0    30    74    10    52     8    72 0.75 tr|A0A089K358|A0A089K358_9BACL Globin OS=Paenibacillus sp. FSL R5-0912 OX=1536771 GN=R50912_28680 PE=4 SV=1
A0A1R1CI68/6-120     -            115 seed_msa             -            157     0.065   12.1   0.0   1   1     0.025     0.083   11.7   0.0    30    74    10    52     8    72 0.75 tr|A0A1R1CI68|A0A1R1CI68_9BACL Globin OS=Paenibacillus sp. FSL H8-0259 OX=1920423 GN=BK132_31325 PE=4 SV=1
A0A1L3F369/9-129     -            121 seed_msa             -            157     0.065   12.1   0.0   1   1     0.034      0.11   11.3   0.0    31    76    11    57     8    64 0.86 tr|A0A1L3F369|A0A1L3F369_BRAJP Globin OS=Bradyrhizobium japonicum OX=375 GN=BKD09_RS05415 PE=4 SV=1
A0A084DIR1/13-133    -            121 seed_msa             -            157     0.066   12.1   0.0   1   1     0.029     0.096   11.5   0.0    29    70     9    51     7    64 0.86 tr|A0A084DIR1|A0A084DIR1_9BURK Cyanoglobin OS=Burkholderia sp. MSh2 OX=1506588 GN=GQ57_12070 PE=4 SV=1
A0A225T0M2/33-143    -            111 seed_msa             -            157     0.066   12.1   0.1   1   1     0.024     0.077   11.8   0.1    31    73    11    52     8    89 0.91 tr|A0A225T0M2|A0A225T0M2_9BURK Group 1 truncated hemoglobin OS=Herbaspirillum aquaticum OX=568783 GN=CEJ45_01765 PE=3 SV=1
U1LIB5/2-109         -            108 seed_msa             -            157     0.066   12.1   0.0   1   1     0.023     0.075   11.9   0.0    31    86    11    62     7    98 0.77 tr|U1LIB5|U1LIB5_9BACL Uncharacterized protein OS=Exiguobacterium chiriqhucha RW-2 OX=1345023 GN=M467_07735 PE=4 SV=1
A0A285XI61/8-128     -            121 seed_msa             -            157     0.066   12.0   0.0   1   1     0.031       0.1   11.5   0.0    29    77     9    58     7    66 0.89 tr|A0A285XI61|A0A285XI61_ENSAD Hemoglobin OS=Ensifer adhaerens OX=106592 GN=SAMN05421890_3436 PE=4 SV=1
Z9K3C7/24-136        -            113 seed_msa             -            157     0.066   12.0   0.0   1   1     0.026     0.086   11.7   0.0    32    78    12    57     8    91 0.91 tr|Z9K3C7|Z9K3C7_9GAMM Globin OS=Pseudoalteromonas sp. SCSIO_11900 OX=1461766 GN=BG00_08820 PE=4 SV=1
A0A1H1PMG4/13-110    -             98 seed_msa             -            157     0.067   12.0   0.0   1   1     0.045      0.15   10.9   0.0    30    76     8    53     6    93 0.69 tr|A0A1H1PMG4|A0A1H1PMG4_9ACTN Group 1 truncated hemoglobin OS=Actinopolymorpha singaporensis OX=117157 GN=SAMN04489717_1699 PE=3 SV=1
S3FFE3/3-106         -            104 seed_msa             -            157     0.067   12.0   0.0   1   1     0.023     0.075   11.9   0.0    31    77    10    54     7    94 0.84 tr|S3FFE3|S3FFE3_9BACL Bacterial-like globin family protein OS=Exiguobacterium sp. S17 OX=856854 GN=L479_03043 PE=4 SV=1
W1RYS0/28-141        -            114 seed_msa             -            157     0.067   12.0   0.0   1   1     0.024     0.078   11.8   0.0    29    76     9    55     7   107 0.91 tr|W1RYS0|W1RYS0_9GAMM Hemoglobin OS=Marinomonas profundimaris OX=1208321 GN=D104_03535 PE=4 SV=1
A0A075JLH3/6-123     -            118 seed_msa             -            157     0.067   12.0   0.0   1   1     0.029     0.096   11.5   0.0    29    66     9    46     7    60 0.82 tr|A0A075JLH3|A0A075JLH3_9BACI Globin OS=Virgibacillus sp. SK37 OX=403957 GN=X953_05595 PE=4 SV=1
A0A089LIN5/6-120     -            115 seed_msa             -            157     0.067   12.0   0.0   1   1     0.029     0.095   11.5   0.0    30    74    10    52     8    62 0.72 tr|A0A089LIN5|A0A089LIN5_9BACL Globin OS=Paenibacillus borealis OX=160799 GN=PBOR_30285 PE=4 SV=1
A0A261RL36/18-138    -            121 seed_msa             -            157     0.068   12.0   0.0   1   1     0.052      0.17   10.7   0.0    29    66     9    47     7    65 0.84 tr|A0A261RL36|A0A261RL36_9BORD Hemoglobin-like protein OS=Bordetella genomosp. 7 OX=1416805 GN=CAL19_05890 PE=4 SV=1
A0A1Y1SH91/17-127    -            111 seed_msa             -            157     0.068   12.0   0.0   1   1     0.032      0.11   11.4   0.0    29    71     8    50     4    63 0.87 tr|A0A1Y1SH91|A0A1Y1SH91_9GAMM Uncharacterized protein OS=Oceanococcus atlanticus OX=1317117 GN=ATO7_04125 PE=4 SV=1
A0A2E2BQ73/36-148    -            113 seed_msa             -            157     0.069   12.0   0.0   1   1     0.061       0.2   10.5   0.0    29   115     9    90     7    94 0.82 tr|A0A2E2BQ73|A0A2E2BQ73_9GAMM Group 1 truncated hemoglobin OS=Halomonadaceae bacterium OX=2026746 GN=CME72_10400 PE=3 SV=1
A0A2A4SNN8/2-116     -            115 seed_msa             -            157     0.069   12.0   0.0   1   1     0.031       0.1   11.5   0.0    29    93     9    70     7   113 0.66 tr|A0A2A4SNN8|A0A2A4SNN8_9GAMM Group 1 truncated hemoglobin OS=Thiotrichales bacterium OX=2026796 GN=COB61_11890 PE=3 SV=1
G7EVI8/24-136        -            113 seed_msa             -            157      0.07   12.0   0.0   1   1     0.026     0.085   11.7   0.0    31    78    11    57     4    92 0.91 tr|G7EVI8|G7EVI8_9GAMM Hemoglobin OS=Pseudoalteromonas sp. BSi20311 OX=383911 GN=glbN PE=4 SV=1
A0A1I0X5U0/5-120     -            116 seed_msa             -            157      0.07   12.0   0.0   1   1     0.031       0.1   11.5   0.0    30    73    10    51     7    64 0.72 tr|A0A1I0X5U0|A0A1I0X5U0_9BACL Hemoglobin OS=Cohnella sp. OV330 OX=1855288 GN=SAMN05216312_102516 PE=4 SV=1
A0A261W5E7/18-138    -            121 seed_msa             -            157     0.072   11.9   0.0   1   1     0.047      0.15   10.9   0.0    29    82     9    61     8    66 0.86 tr|A0A261W5E7|A0A261W5E7_9BORD Hemoglobin-like protein OS=Bordetella genomosp. 6 OX=463024 GN=CAL23_07075 PE=4 SV=1
A0A208XRD9/20-140    -            121 seed_msa             -            157     0.072   11.9   0.0   1   1     0.041      0.13   11.1   0.0    29    70     9    51     7    61 0.90 tr|A0A208XRD9|A0A208XRD9_9BURK Hemoglobin-like protein OS=Pigmentiphaga sp. NML030171 OX=2008676 GN=CDO46_25235 PE=4 SV=1
A0A105YK59/13-133    -            121 seed_msa             -            157     0.072   11.9   0.0   1   1     0.039      0.13   11.1   0.0    30    70    10    51     8    64 0.85 tr|A0A105YK59|A0A105YK59_9BURK Cyanoglobin OS=Burkholderia ubonensis OX=101571 GN=WK95_31410 PE=4 SV=1
A0A0S9DSK3/12-130    -            119 seed_msa             -            157     0.072   11.9   0.0   1   1     0.036      0.12   11.2   0.0    31    70    11    53     8    56 0.88 tr|A0A0S9DSK3|A0A0S9DSK3_9MICO Globin OS=Agreia sp. Leaf244 OX=1736305 GN=ASF06_10300 PE=4 SV=1
A0A0S9PBN0/12-130    -            119 seed_msa             -            157     0.072   11.9   0.0   1   1     0.036      0.12   11.2   0.0    31    70    11    53     8    56 0.88 tr|A0A0S9PBN0|A0A0S9PBN0_9MICO Globin OS=Agreia sp. Leaf283 OX=1736321 GN=ASF51_15355 PE=4 SV=1
A0A0D6GYX2/17-137    -            121 seed_msa             -            157     0.073   11.9   0.0   1   1     0.034      0.11   11.3   0.0    31    81    11    60     8    66 0.87 tr|A0A0D6GYX2|A0A0D6GYX2_ALCXX Truncated hemoglobin OS=Alcaligenes xylosoxydans xylosoxydans OX=85698 GN=glbO PE=4 SV=1
A0A1R1JUK1/18-138    -            121 seed_msa             -            157     0.073   11.9   0.0   1   1     0.034      0.11   11.3   0.0    31    81    11    60     8    66 0.87 tr|A0A1R1JUK1|A0A1R1JUK1_ALCXX Hemoglobin-like protein OS=Alcaligenes xylosoxydans xylosoxydans OX=85698 GN=BIZ92_10100 PE=4 SV=1
A0A158M6X7/19-139    -            121 seed_msa             -            157     0.073   11.9   0.0   1   1     0.034      0.11   11.3   0.0    29    77     9    58     8    64 0.85 tr|A0A158M6X7|A0A158M6X7_9BORD Globin, protozoan/cyanobacterial family OS=Bordetella holmesii CDC-H585-BH OX=1331206 GN=L497_0368 PE=4 SV=1
A0A0Q0L393/24-135    -            112 seed_msa             -            157     0.074   11.9   0.0   1   1     0.031       0.1   11.5   0.0    29    78     9    57     7   100 0.88 tr|A0A0Q0L393|A0A0Q0L393_9GAMM Group 1 truncated hemoglobin GlbN OS=Pseudoalteromonas sp. P1-26 OX=1723759 GN=glbN PE=4 SV=1
X7ZF31/10-89         -             80 seed_msa             -            157     0.074   11.9   0.0   1   1      0.03     0.097   11.5   0.0    30    70    10    53     7    56 0.88 tr|X7ZF31|X7ZF31_MYCXE Group 2 hemoglobin glbO OS=Mycobacterium xenopi 3993 OX=1299333 GN=glbO PE=4 SV=1
A0A1H8IDR4/6-123     -            118 seed_msa             -            157     0.075   11.9   0.0   1   1     0.032       0.1   11.4   0.0    29    73     9    51     7    68 0.74 tr|A0A1H8IDR4|A0A1H8IDR4_9BACL Hemoglobin OS=Lihuaxuella thermophila OX=1173111 GN=SAMN05444955_11753 PE=4 SV=1
A0A1G4YQD5/13-136    -            124 seed_msa             -            157     0.075   11.9   0.0   1   1     0.032       0.1   11.4   0.0    29    71     7    50     6    71 0.89 tr|A0A1G4YQD5|A0A1G4YQD5_9BURK Hemoglobin OS=Variovorax sp. EL159 OX=1566270 GN=SAMN03159363_1597 PE=4 SV=1
A0A1L9GN10/6-126     -            121 seed_msa             -            157     0.076   11.9   0.0   1   1      0.03     0.098   11.5   0.0    30    69    10    54     8    74 0.78 tr|A0A1L9GN10|A0A1L9GN10_9BURK Hemoglobin-like protein OS=Polynucleobacter sp. MWH-Adler-W8 OX=1819727 GN=AOC28_05320 PE=4 SV=1
A0A1X1Z2H6/14-126    -            113 seed_msa             -            157     0.076   11.9   0.0   1   1     0.027     0.087   11.7   0.0    30    68    10    47     8   106 0.83 tr|A0A1X1Z2H6|A0A1X1Z2H6_9MYCO Group 1 truncated hemoglobin OS=Mycobacterium nebraskense OX=244292 GN=AWC17_12480 PE=3 SV=1
A0A198A1K6/8-117     -            110 seed_msa             -            157     0.078   11.8   0.0   1   1     0.032       0.1   11.4   0.0    30    72    10    50     8    70 0.74 tr|A0A198A1K6|A0A198A1K6_9BACL Globin OS=Paenibacillus sp. 1ZS3-15 OX=1850517 GN=A8708_04150 PE=4 SV=1
J7J099/13-133        -            121 seed_msa             -            157     0.078   11.8   0.0   1   1     0.034      0.11   11.3   0.0    29    70     9    51     7    64 0.85 tr|J7J099|J7J099_BURCE Globin OS=Burkholderia cepacia GG4 OX=1009846 GN=GEM_1132 PE=4 SV=1
A0A1E4IUR7/13-136    -            124 seed_msa             -            157     0.078   11.8   0.0   1   1     0.035      0.11   11.3   0.0    29    71     7    50     6    65 0.89 tr|A0A1E4IUR7|A0A1E4IUR7_9BURK Globin OS=Variovorax sp. SCN 67-85 OX=1660152 GN=ABS94_25590 PE=4 SV=1
A0A1G2W1T1/3-116     -            114 seed_msa             -            157     0.079   11.8   0.0   1   1     0.028     0.091   11.6   0.0    30    60    10    43     8    99 0.83 tr|A0A1G2W1T1|A0A1G2W1T1_9CAUL Group 1 truncated hemoglobin OS=Phenylobacterium sp. RIFCSPHIGHO2_01_FULL_69_31 OX=1801944 GN=A2790_14365 PE=3 SV=1
A0A1G6IHD1/7-124     -            118 seed_msa             -            157     0.079   11.8   0.0   1   1     0.034      0.11   11.3   0.0    30    68    10    50     8    64 0.76 tr|A0A1G6IHD1|A0A1G6IHD1_9BACL Hemoglobin OS=Melghirimyces thermohalophilus OX=1236220 GN=SAMN04488112_102236 PE=4 SV=1
A0A286ATE5/13-136    -            124 seed_msa             -            157     0.079   11.8   0.0   1   1     0.036      0.12   11.2   0.0    29    71     7    50     6    63 0.89 tr|A0A286ATE5|A0A286ATE5_9BURK Hemoglobin OS=Variovorax sp. YR752 OX=1884383 GN=SAMN05518800_1772 PE=4 SV=1
A0A2G7SVU7/1-116     -            116 seed_msa             -            157     0.079   11.8   0.0   1   1     0.028     0.092   11.6   0.0    29    73     4    49     3    91 0.83 tr|A0A2G7SVU7|A0A2G7SVU7_9FLAO Globin OS=Chryseobacterium sp. B5 OX=2050562 GN=CTI11_26740 PE=4 SV=1
A0A0Q7HSW5/13-136    -            124 seed_msa             -            157     0.079   11.8   0.0   1   1     0.036      0.12   11.2   0.0    29    71     7    50     6    63 0.89 tr|A0A0Q7HSW5|A0A0Q7HSW5_9BURK Globin OS=Variovorax sp. Root434 OX=1736536 GN=ASD05_08360 PE=4 SV=1
A0A1H7M6I1/13-136    -            124 seed_msa             -            157     0.079   11.8   0.0   1   1     0.036      0.12   11.2   0.0    29    71     7    50     6    63 0.89 tr|A0A1H7M6I1|A0A1H7M6I1_9BURK Hemoglobin OS=Variovorax sp. YR750 OX=1884384 GN=SAMN05518845_104305 PE=4 SV=1
J2K2D4/13-136        -            124 seed_msa             -            157     0.079   11.8   0.0   1   1     0.036      0.12   11.2   0.0    29    71     7    50     6    63 0.89 tr|J2K2D4|J2K2D4_9BURK Hemoglobin like protein OS=Variovorax sp. CF313 OX=1144315 GN=PMI12_05690 PE=4 SV=1
A0A102L608/13-133    -            121 seed_msa             -            157      0.08   11.8   0.0   1   1     0.039      0.13   11.1   0.0    30    70    10    51     8    64 0.85 tr|A0A102L608|A0A102L608_9BURK Cyanoglobin OS=Burkholderia ubonensis OX=101571 GN=WI38_13715 PE=4 SV=1
I1YH18/24-136        -            113 seed_msa             -            157      0.08   11.8   0.0   1   1     0.052      0.17   10.7   0.0    30    77    10    56     8   106 0.87 tr|I1YH18|I1YH18_METFJ Group 1 truncated hemoglobin OS=Methylophaga frappieri (strain ATCC BAA-2434 / DSM 25690 / JAM7) OX=754477 GN=Q7C_1052 PE=3 SV=1
A0A1I5UFT3/13-136    -            124 seed_msa             -            157     0.081   11.8   0.0   1   1     0.035      0.11   11.3   0.0    29    71     7    50     6    64 0.89 tr|A0A1I5UFT3|A0A1I5UFT3_9BURK Hemoglobin OS=Variovorax sp. 770b2 OX=1566271 GN=SAMN03159339_4777 PE=4 SV=1
A0A1E3ZCR2/20-140    -            121 seed_msa             -            157     0.081   11.8   0.0   1   1     0.045      0.15   10.9   0.0    29    70     9    51     7    61 0.90 tr|A0A1E3ZCR2|A0A1E3ZCR2_9BORD Hemoglobin-like protein OS=Bordetella sp. SCN 67-23 OX=1660091 GN=ABS43_14620 PE=4 SV=1
A0A1Q3Y5F3/20-140    -            121 seed_msa             -            157     0.081   11.8   0.0   1   1     0.045      0.15   10.9   0.0    29    70     9    51     7    61 0.90 tr|A0A1Q3Y5F3|A0A1Q3Y5F3_9BURK Hemoglobin-like protein OS=Burkholderiales bacterium 67-32 OX=1895729 GN=BGO71_03585 PE=4 SV=1
A0A104VYL7/13-133    -            121 seed_msa             -            157     0.082   11.7   0.0   1   1     0.039      0.13   11.1   0.0    30    70    10    51     8    64 0.85 tr|A0A104VYL7|A0A104VYL7_9BURK Cyanoglobin OS=Burkholderia ubonensis OX=101571 GN=WM15_03600 PE=4 SV=1
A0A1D8J1I5/14-132    -            119 seed_msa             -            157     0.082   11.7   0.0   1   1     0.028     0.091   11.6   0.0    29    73     7    52     5    94 0.83 tr|A0A1D8J1I5|A0A1D8J1I5_9BURK Globin OS=Delftia tsuruhatensis OX=180282 GN=BI380_14880 PE=4 SV=1
S2W5I9/14-132        -            119 seed_msa             -            157     0.082   11.7   0.0   1   1     0.028     0.091   11.6   0.0    29    73     7    52     5    94 0.83 tr|S2W5I9|S2W5I9_DELAC Hemoglobin OS=Delftia acidovorans CCUG 15835 OX=883100 GN=HMPREF9702_06251 PE=4 SV=1
S2WM65/14-132        -            119 seed_msa             -            157     0.082   11.7   0.0   1   1     0.028     0.091   11.6   0.0    29    73     7    52     5    94 0.83 tr|S2WM65|S2WM65_DELAC Hemoglobin OS=Delftia acidovorans CCUG 274B OX=883101 GN=HMPREF9701_06342 PE=4 SV=1
A0A0Q9N379/8-119     -            112 seed_msa             -            157     0.082   11.7   0.0   1   1     0.033      0.11   11.4   0.0    30    72    10    50     8    70 0.74 tr|A0A0Q9N379|A0A0Q9N379_9BACL Globin OS=Paenibacillus sp. Soil750 OX=1736398 GN=ASL11_10700 PE=4 SV=1
A0A119V058/13-133    -            121 seed_msa             -            157     0.083   11.7   0.0   1   1     0.039      0.13   11.1   0.0    30    70    10    51     8    64 0.85 tr|A0A119V058|A0A119V058_9BURK Cyanoglobin OS=Burkholderia ubonensis OX=101571 GN=WJ35_00670 PE=4 SV=1
F1ZB73/8-126         -            119 seed_msa             -            157     0.083   11.7   0.0   1   1     0.032       0.1   11.4   0.0    29    76     7    55     6    84 0.89 tr|F1ZB73|F1ZB73_9SPHN Globin OS=Novosphingobium nitrogenifigens DSM 19370 OX=983920 GN=Y88_0112 PE=4 SV=1
A0A072T0P6/14-132    -            119 seed_msa             -            157     0.083   11.7   0.0   1   1     0.028     0.091   11.6   0.0    29    73     7    52     5    94 0.83 tr|A0A072T0P6|A0A072T0P6_9BURK Globin OS=Delftia tsuruhatensis OX=180282 GN=GY14_31455 PE=4 SV=1
A0A081J4V2/14-132    -            119 seed_msa             -            157     0.083   11.7   0.0   1   1     0.028     0.091   11.6   0.0    29    73     7    52     5    94 0.83 tr|A0A081J4V2|A0A081J4V2_9BURK Globin OS=Delftia sp. 670 OX=1537702 GN=GY15_26055 PE=4 SV=1
A0A286J4C0/14-132    -            119 seed_msa             -            157     0.083   11.7   0.0   1   1     0.028     0.091   11.6   0.0    29    73     7    52     5    94 0.83 tr|A0A286J4C0|A0A286J4C0_DELAC Globin OS=Delftia acidovorans OX=80866 GN=CHL79_17495 PE=4 SV=1
A1VPS5/19-139        -            121 seed_msa             -            157     0.084   11.7   0.0   1   1     0.042      0.14   11.0   0.0    32    77    12    58     8    72 0.89 tr|A1VPS5|A1VPS5_POLNA Globin OS=Polaromonas naphthalenivorans (strain CJ2) OX=365044 GN=Pnap_2346 PE=4 SV=1
A0A0D0H6E2/13-133    -            121 seed_msa             -            157     0.084   11.7   0.0   1   1     0.039      0.13   11.1   0.0    30    70    10    51     8    64 0.85 tr|A0A0D0H6E2|A0A0D0H6E2_9BURK KY49.ctg7180000000022_quiver, whole genome shotgun sequence OS=Burkholderia sp. MSHR3999 OX=1542965 GN=KY49_4461 PE=4 SV=1
A0A106Y9T2/13-133    -            121 seed_msa             -            157     0.084   11.7   0.0   1   1     0.039      0.13   11.1   0.0    30    70    10    51     8    64 0.85 tr|A0A106Y9T2|A0A106Y9T2_9BURK Cyanoglobin OS=Burkholderia ubonensis OX=101571 GN=BW685_08480 PE=4 SV=1
A0A2A4FE94/13-133    -            121 seed_msa             -            157     0.084   11.7   0.0   1   1     0.039      0.13   11.1   0.0    30    70    10    51     8    64 0.85 tr|A0A2A4FE94|A0A2A4FE94_9BURK Cyanoglobin OS=[Pseudomonas] mesoacidophila OX=265293 GN=BZL54_12300 PE=4 SV=1
A0A1I2BNA7/14-132    -            119 seed_msa             -            157     0.089   11.6   0.0   1   1      0.03     0.099   11.5   0.0    29    73     7    52     5    83 0.86 tr|A0A1I2BNA7|A0A1I2BNA7_9BURK Hemoglobin OS=Acidovorax wautersii OX=1177982 GN=SAMN04489711_103102 PE=4 SV=1
A0A1W6ZEW6/19-139    -            121 seed_msa             -            157     0.092   11.6   0.0   1   1      0.04      0.13   11.1   0.0    29    70     9    51     7    65 0.83 tr|A0A1W6ZEW6|A0A1W6ZEW6_9BORD Hemoglobin-like protein OS=Bordetella genomosp. 13 OX=463040 GN=CAL15_15655 PE=4 SV=1
A0A1R0YCE8/6-120     -            115 seed_msa             -            157     0.093   11.6   0.0   1   1     0.034      0.11   11.3   0.0    32    75    12    53     8   102 0.77 tr|A0A1R0YCE8|A0A1R0YCE8_9BACL Globin OS=Paenibacillus borealis OX=160799 GN=BSK56_20545 PE=4 SV=1
A0A1R0ZSZ1/6-121     -            116 seed_msa             -            157     0.093   11.6   0.0   1   1     0.037      0.12   11.2   0.0    32   121    12    99     8   110 0.84 tr|A0A1R0ZSZ1|A0A1R0ZSZ1_9BACL Globin OS=Paenibacillus sp. FSL A5-0031 OX=1920420 GN=BK120_29220 PE=4 SV=1
A0A0Q9REI7/8-118     -            111 seed_msa             -            157     0.096   11.5   0.0   1   1     0.038      0.12   11.2   0.0    30    62    10    44     8    72 0.75 tr|A0A0Q9REI7|A0A0Q9REI7_9BACL Globin OS=Paenibacillus sp. Soil766 OX=1736404 GN=ASG89_15840 PE=4 SV=1
A0A250BRN4/14-126    -            113 seed_msa             -            157       0.1   11.5   0.0   1   1     0.056      0.18   10.6   0.0    30    70    10    49     8   107 0.87 tr|A0A250BRN4|A0A250BRN4_MYCLP Group 1 truncated hemoglobin OS=Mycobacterium lepraemurium OX=64667 GN=MLM_2594 PE=3 SV=1
A0A0S2S7H0/6-121     -            116 seed_msa             -            157       0.1   11.4   0.0   1   1     0.044      0.14   11.0   0.0    30    77    10    55     8    72 0.85 tr|A0A0S2S7H0|A0A0S2S7H0_9BACL Globin OS=Paenibacillus sp. IHB B 3084 OX=867076 GN=ASL14_17200 PE=4 SV=1
G7VWP9/6-121         -            116 seed_msa             -            157       0.1   11.4   0.0   1   1     0.044      0.14   11.0   0.0    30    77    10    55     8    72 0.85 tr|G7VWP9|G7VWP9_PAETH Hemoglobin-like protein HbO OS=Paenibacillus terrae (strain HPL-003) OX=985665 GN=HPL003_01650 PE=4 SV=1
#
# Program:         hmmsearch
# Version:         3.4 (Aug 2023)
# Pipeline mode:   SEARCH
# Query file:      secuencias_modelo.hmm
# Target file:     dominios_bac_globin_recortados.fasta
# Option settings: hmmsearch --domtblout cruce_proto_vs_bac.out secuencias_modelo.hmm dominios_bac_globin_recortados.fasta 
# Current dir:     /mnt/c/Users/dinob/OneDrive/Escritorio/BioInfoTps/TP4/Archivos
# Date:            Wed Jun  3 02:22:53 2026
# [ok]
